Temperature,Humidity,Pressure,hour,Radiation
48,59,30.46,0,1.21
48,58,30.46,0,1.21
48,57,30.46,0,1.23
48,60,30.46,0,1.21
48,62,30.46,0,1.17
48,64,30.46,0,1.21
49,72,30.46,0,1.2
49,71,30.46,0,1.24
49,80,30.46,0,1.23
49,85,30.46,0,1.21
49,93,30.47,0,1.23
49,98,30.47,0,1.21
49,99,30.47,0,1.22
50,99,30.47,0,1.21
50,99,30.47,0,1.23
50,99,30.47,0,1.22
50,99,30.47,0,1.21
50,99,30.47,0,1.22
50,98,30.47,0,1.22
50,98,30.47,0,1.2
50,98,30.47,0,1.2
50,97,30.47,0,1.2
50,97,30.47,0,1.21
50,97,30.47,0,1.22
50,96,30.47,0,1.22
50,96,30.47,0,1.22
50,95,30.47,0,1.24
50,95,30.47,0,1.23
50,95,30.47,0,1.23
50,95,30.47,0,1.23
50,94,30.47,0,1.24
50,93,30.47,0,1.2
50,93,30.47,0,1.24
49,93,30.47,0,1.21
50,93,30.47,0,1.24
50,92,30.47,0,1.2
50,91,30.47,0,1.19
50,90,30.47,0,1.25
50,88,30.47,0,1.25
50,87,30.47,0,1.23
50,86,30.47,0,1.21
50,85,30.46,0,1.25
50,84,30.46,0,1.23
50,81,30.47,0,1.23
50,75,30.46,0,1.26
50,70,30.46,0,1.17
50,63,30.46,0,1.22
50,51,30.46,0,1.22
50,47,30.46,0,1.22
50,46,30.46,0,1.24
50,47,30.46,0,1.25
50,48,30.46,0,1.19
50,56,30.46,0,1.19
50,57,30.46,0,1.23
51,55,30.46,0,1.19
51,54,30.46,0,1.23
51,53,30.45,0,1.22
51,51,30.45,0,1.24
51,51,30.45,0,1.24
51,52,30.45,0,1.23
51,51,30.45,0,1.23
51,52,30.45,0,1.24
51,55,30.44,0,1.23
52,55,30.44,0,1.21
52,55,30.44,0,1.24
52,59,30.45,0,1.18
52,59,30.44,0,1.52
53,61,30.44,0,5.07
53,62,30.44,0,6.16
53,59,30.44,0,6.63
54,59,30.44,0,10.96
55,57,30.44,0,19.42
55,53,30.44,0,27.14
56,52,30.44,0,33.75
56,49,30.44,0,49.57
56,50,30.44,0,59.62
56,48,30.44,0,87.23
56,49,30.43,0,109.93
57,57,30.43,0,130.82
57,55,30.43,0,160.52
58,52,30.43,0,191.37
58,49,30.43,0,207.05
58,45,30.43,0,240.99
58,41,30.43,0,274.83
58,55,30.43,0,300.94
58,56,30.43,0,322.71
58,50,30.43,0,346.59
58,49,30.43,0,364.18
58,51,30.43,0,368.35
58,46,30.43,0,362.84
59,48,30.43,0,423.9
58,59,30.43,0,457.69
58,52,30.43,0,511.38
58,52,30.43,0,566.83
58,49,30.43,0,187.96
59,58,30.43,0,310.59
59,46,30.43,0,230.26
60,46,30.43,0,623.31
60,48,30.43,0,312.1
60,44,30.43,0,803.72
60,47,30.42,0,671.97
60,51,30.42,0,670.32
60,48,30.42,0,679.73
60,54,30.43,0,687.62
61,53,30.42,0,697.66
61,44,30.42,0,716.27
61,50,30.43,0,744.43
61,53,30.42,0,612.34
61,50,30.42,0,760.9
61,57,30.42,0,773.71
61,59,30.42,0,790.08
61,59,30.42,0,804.28
61,53,30.42,0,818.82
62,51,30.42,0,855.63
62,58,30.42,0,875.16
62,54,30.42,0,867.9
62,58,30.43,0,872.67
62,50,30.43,0,890.52
62,53,30.43,0,911.06
62,49,30.43,0,925.16
62,47,30.43,0,933.15
62,53,30.43,0,942.73
62,50,30.43,0,955.74
62,54,30.43,0,959.47
62,57,30.43,0,970.22
62,54,30.43,0,974.87
62,53,30.44,0,985.22
62,50,30.43,0,992.19
62,56,30.44,0,997.26
62,54,30.44,0,1004.6
63,54,30.44,0,1007.96
63,54,30.44,0,1013.59
62,51,30.44,0,1020.55
62,45,30.44,0,1025.63
63,46,30.45,0,1029.41
63,43,30.45,0,1034.46
63,43,30.45,0,1033.54
63,40,30.45,0,1039.06
63,39,30.45,0,1039.67
64,41,30.46,0,1037.76
64,41,30.45,0,1039.52
63,41,30.45,0,1040.14
63,42,30.46,0,1039.22
63,41,30.46,0,1035.99
63,39,30.46,0,1033.49
63,41,30.46,0,1029.15
63,41,30.46,0,1025.51
63,41,30.46,0,1023.78
63,37,30.47,0,1017.57
63,34,30.47,0,1013.93
63,34,30.47,0,1009.36
63,33,30.47,0,1002.89
63,31,30.47,0,999.19
62,36,30.47,0,987.02
63,40,30.47,0,981.66
63,35,30.47,0,973.79
63,37,30.47,0,964.46
62,40,30.47,0,957.02
62,44,30.47,0,946.32
62,45,30.47,0,933.08
62,43,30.47,0,926.79
62,42,30.47,0,915.84
62,42,30.47,0,901.65
61,46,30.47,0,899.53
62,49,30.47,0,878.76
61,44,30.47,0,867.98
62,41,30.47,0,855.89
61,42,30.47,0,841.52
62,38,30.47,0,830.19
62,39,30.47,0,815.1
62,41,30.47,0,799.29
61,41,30.47,0,785.6
61,45,30.47,0,768.39
61,44,30.47,0,754.06
61,43,30.47,0,738.75
61,44,30.46,0,722.23
61,44,30.46,0,706.41
61,45,30.46,0,686.3
60,49,30.46,0,669.11
61,47,30.46,0,652.51
61,41,30.46,0,634.99
61,31,30.46,0,617.87
61,34,30.46,0,597.41
61,31,30.46,0,578.24
60,35,30.46,0,559.23
60,37,30.46,0,538.41
60,41,30.46,0,519.16
60,40,30.45,0,499.21
60,40,30.45,0,478.48
59,40,30.45,0,458.27
59,45,30.45,0,438.05
60,30,30.44,0,416.28
59,31,30.44,0,395.14
58,34,30.44,0,373.7
57,34,30.43,0,352.56
54,38,30.43,0,305.78
52,42,30.43,0,278.29
51,44,30.43,0,251.51
50,46,30.43,0,222.48
49,47,30.43,0,164.44
48,48,30.43,0,21.36
48,50,30.42,0,20.0
48,51,30.42,0,19.24
47,53,30.42,0,18.33
47,54,30.42,0,17.31
47,55,30.42,0,16.09
47,56,30.42,0,14.73
47,57,30.42,0,12.53
47,57,30.42,0,9.86
47,58,30.41,0,7.7
47,61,30.41,0,6.17
47,62,30.41,0,4.32
47,62,30.41,0,2.34
47,61,30.41,0,1.47
47,60,30.41,0,1.21
47,59,30.41,0,1.23
46,58,30.41,0,1.24
46,59,30.4,0,1.23
46,58,30.4,0,1.21
46,58,30.4,0,1.21
45,56,30.4,0,1.22
45,56,30.4,0,1.22
45,55,30.4,0,1.2
45,55,30.4,0,1.2
46,55,30.4,0,1.16
46,53,30.4,0,1.15
46,51,30.4,0,1.18
46,50,30.4,0,1.18
46,50,30.4,0,1.18
46,49,30.4,0,1.19
46,49,30.39,0,1.18
46,48,30.39,0,1.2
46,47,30.39,0,1.17
46,47,30.39,0,1.17
46,45,30.39,0,1.18
46,45,30.39,0,1.21
46,45,30.39,0,1.17
46,45,30.39,0,1.18
46,47,30.39,0,1.19
46,47,30.39,0,1.18
46,48,30.39,0,1.2
46,50,30.39,0,1.22
46,52,30.39,0,1.21
46,55,30.38,0,1.22
46,56,30.38,0,1.21
47,57,30.38,0,1.18
47,58,30.39,0,1.24
47,58,30.38,0,1.22
47,58,30.39,0,1.24
47,58,30.38,0,1.26
47,58,30.38,0,1.18
47,58,30.39,0,1.24
47,59,30.39,0,1.19
47,59,30.39,0,1.2
47,60,30.39,0,1.24
47,60,30.39,0,1.23
47,60,30.39,0,1.25
47,62,30.39,0,1.23
47,64,30.39,0,1.2
47,64,30.39,0,1.24
47,66,30.39,0,1.24
47,65,30.4,0,1.23
47,68,30.4,0,1.2
48,70,30.4,0,1.21
48,69,30.4,0,1.22
48,71,30.4,0,1.25
48,73,30.4,0,1.18
48,76,30.4,0,1.22
48,76,30.4,0,1.21
48,77,30.4,0,1.25
48,77,30.41,0,1.23
48,77,30.41,0,1.23
48,78,30.41,0,1.22
48,78,30.41,0,1.23
48,78,30.41,0,1.23
48,78,30.41,0,1.19
48,78,30.41,0,1.22
48,78,30.41,0,1.22
49,78,30.41,0,1.22
49,77,30.41,0,1.22
49,78,30.41,0,1.22
49,77,30.42,0,1.23
50,75,30.42,0,1.21
50,75,30.42,0,1.22
49,75,30.42,0,1.21
50,75,30.42,0,1.24
50,74,30.42,0,1.23
50,74,30.42,0,1.22
50,74,30.42,0,1.21
50,73,30.42,0,1.24
50,74,30.42,0,1.23
50,75,30.42,0,1.23
50,75,30.43,0,1.24
50,77,30.43,0,1.19
50,79,30.43,0,1.22
50,79,30.43,0,1.22
50,81,30.43,0,1.23
51,82,30.43,0,1.2
51,84,30.43,0,1.22
51,86,30.43,0,1.2
50,88,30.43,0,1.23
50,89,30.43,0,1.22
50,89,30.43,0,1.23
51,87,30.43,0,1.23
51,85,30.44,0,1.22
51,77,30.43,0,1.23
51,75,30.43,0,1.21
51,75,30.43,0,1.21
51,73,30.43,0,1.2
51,71,30.43,0,1.2
51,71,30.43,0,1.21
51,68,30.43,0,1.22
51,66,30.43,0,1.21
51,67,30.43,0,1.24
51,69,30.43,0,1.2
51,72,30.43,0,1.22
51,67,30.44,0,1.21
51,67,30.43,0,1.25
51,68,30.43,0,1.25
51,70,30.43,0,1.23
51,75,30.43,0,1.23
51,73,30.43,0,1.23
52,68,30.43,0,1.18
52,67,30.43,0,1.24
52,67,30.43,0,1.23
52,65,30.43,0,1.2
52,65,30.42,0,1.23
52,66,30.42,0,1.23
52,65,30.42,0,1.23
52,66,30.42,0,1.23
52,67,30.41,0,1.21
52,66,30.41,0,1.24
53,69,30.41,0,1.22
53,68,30.41,0,1.22
53,69,30.41,0,1.23
53,70,30.41,0,1.21
53,73,30.41,0,1.27
53,70,30.41,0,1.24
53,71,30.4,0,1.2
53,71,30.4,0,1.24
53,72,30.4,0,1.2
52,77,30.4,0,1.25
52,82,30.39,0,1.25
52,88,30.39,0,1.2
52,93,30.39,0,1.24
53,93,30.39,0,1.2
53,91,30.39,0,1.25
52,93,30.39,0,1.23
52,94,30.39,0,1.24
52,94,30.39,0,1.23
53,94,30.39,0,1.27
53,93,30.39,0,1.43
53,92,30.39,0,2.59
54,91,30.39,0,4.5
55,89,30.39,0,6.36
55,86,30.38,0,9.83
56,81,30.38,0,13.81
56,82,30.38,0,24.13
56,83,30.38,0,32.14
56,82,30.38,0,44.93
57,82,30.38,0,61.0
57,82,30.38,0,82.38
58,81,30.38,0,104.74
58,75,30.38,0,128.94
58,75,30.38,0,154.49
57,75,30.38,0,181.97
58,74,30.38,0,210.59
58,79,30.38,0,238.19
58,80,30.38,0,273.59
58,80,30.38,0,297.07
58,76,30.38,0,314.43
58,77,30.38,0,341.61
59,78,30.38,0,406.32
59,73,30.38,0,378.69
59,75,30.37,0,398.82
59,76,30.37,0,417.96
59,75,30.37,0,444.47
59,71,30.37,0,462.34
59,72,30.37,0,479.26
60,68,30.37,0,502.5
60,71,30.37,0,521.83
61,60,30.38,0,539.84
61,63,30.38,0,563.11
61,65,30.37,0,580.41
61,60,30.37,0,601.63
61,62,30.37,0,618.37
61,63,30.37,0,639.19
61,62,30.37,0,657.19
61,60,30.37,0,675.59
61,68,30.37,0,691.73
61,60,30.37,0,725.71
62,63,30.37,0,738.91
62,64,30.37,0,755.95
62,60,30.38,0,768.89
62,62,30.37,0,780.58
62,56,30.37,0,798.77
62,57,30.38,0,812.82
62,59,30.38,0,825.33
62,60,30.38,0,842.62
63,60,30.38,0,851.79
63,59,30.38,0,869.31
62,58,30.38,0,882.14
63,60,30.38,0,893.68
63,59,30.38,0,904.81
63,57,30.39,0,914.27
63,61,30.38,0,925.33
62,59,30.39,0,934.09
63,57,30.39,0,943.28
63,59,30.39,0,951.22
63,56,30.39,0,962.51
64,58,30.39,0,969.73
64,54,30.39,0,979.64
63,55,30.39,0,987.88
64,55,30.39,0,995.36
63,55,30.39,0,1000.69
63,53,30.39,0,1007.72
63,56,30.4,0,1009.68
63,55,30.4,0,1012.96
64,55,30.39,0,1014.42
64,53,30.4,0,1018.59
64,53,30.4,0,1021.35
64,52,30.4,0,1025.7
63,49,30.4,0,1026.5
63,51,30.4,0,1029.3
63,56,30.4,0,1026.44
63,53,30.4,0,1025.65
63,56,30.4,0,1027.27
64,53,30.4,0,1021.34
64,51,30.4,0,1021.43
64,52,30.41,0,1017.75
64,52,30.41,0,1017.9
64,51,30.41,0,1013.63
64,51,30.41,0,1008.62
64,50,30.41,0,1003.03
64,51,30.41,0,999.55
64,51,30.42,0,990.23
64,50,30.42,0,983.03
64,51,30.42,0,979.47
64,52,30.42,0,971.99
64,53,30.42,0,963.55
64,53,30.42,0,954.68
63,52,30.42,0,945.02
64,51,30.42,0,937.88
64,50,30.42,0,927.39
64,52,30.42,0,917.65
64,50,30.42,0,907.2
63,51,30.42,0,898.15
63,52,30.42,0,883.59
62,53,30.42,0,871.54
62,52,30.42,0,860.3
63,52,30.42,0,844.12
62,52,30.42,0,831.86
62,54,30.42,0,818.22
62,54,30.43,0,805.71
62,54,30.43,0,792.03
62,54,30.42,0,776.64
62,54,30.43,0,761.38
62,54,30.42,0,744.78
62,53,30.42,0,730.74
62,54,30.42,0,713.44
62,52,30.42,0,694.68
62,54,30.42,0,679.66
61,55,30.42,0,662.26
61,55,30.42,0,642.27
61,56,30.42,0,623.85
61,56,30.42,0,605.51
61,57,30.42,0,587.31
60,57,30.42,0,567.0
60,58,30.42,0,547.21
60,59,30.41,0,525.23
60,60,30.41,0,506.22
60,61,30.41,0,484.69
59,63,30.41,0,465.71
59,62,30.41,0,446.9
59,64,30.41,0,426.1
58,66,30.41,0,404.77
58,68,30.41,0,384.0
57,70,30.4,0,362.68
56,74,30.4,0,340.39
54,78,30.4,0,319.65
53,80,30.4,0,295.67
52,82,30.4,0,269.87
51,83,30.4,0,242.36
50,85,30.39,0,214.39
49,86,30.39,0,160.24
48,86,30.39,0,23.47
48,87,30.39,0,21.98
47,87,30.39,0,20.93
47,87,30.39,0,19.82
47,87,30.39,0,18.65
46,87,30.38,0,17.21
46,87,30.38,0,15.65
46,87,30.38,0,13.91
46,87,30.38,0,11.87
46,86,30.38,0,9.69
46,86,30.38,0,7.27
46,86,30.38,0,5.17
46,85,30.38,0,3.05
46,85,30.38,0,1.69
46,84,30.38,0,1.2
46,84,30.38,0,1.22
46,84,30.38,0,1.21
46,84,30.37,0,1.2
46,84,30.38,0,1.21
46,84,30.37,0,1.24
46,84,30.37,0,1.2
46,85,30.37,0,1.2
46,85,30.37,0,1.22
46,85,30.37,0,1.23
46,84,30.37,0,1.22
46,84,30.37,0,1.2
46,84,30.37,0,1.23
46,84,30.37,0,1.23
46,84,30.37,0,1.21
46,84,30.37,0,1.21
46,84,30.37,0,1.22
46,84,30.37,0,1.21
46,84,30.37,0,1.21
46,84,30.37,0,1.2
46,84,30.37,0,1.23
47,84,30.37,0,1.22
47,84,30.37,0,1.23
47,84,30.37,0,1.21
46,84,30.37,0,1.23
46,84,30.37,0,1.22
46,84,30.37,0,1.22
47,84,30.37,0,1.18
47,84,30.37,0,1.2
47,84,30.37,0,1.22
47,84,30.37,0,1.2
47,85,30.37,0,1.27
47,85,30.37,0,1.24
47,85,30.37,0,1.27
47,85,30.37,0,1.26
47,85,30.37,0,1.28
48,84,30.37,0,1.24
48,84,30.37,0,1.29
48,84,30.37,0,1.28
48,85,30.38,0,1.25
48,85,30.38,0,1.26
48,85,30.38,0,1.26
48,85,30.38,0,1.27
48,86,30.38,0,1.32
47,86,30.38,0,1.27
48,87,30.38,0,1.27
48,86,30.38,0,1.28
48,86,30.38,0,1.3
48,87,30.38,0,1.27
48,87,30.38,0,1.24
48,87,30.38,0,1.31
48,88,30.38,0,1.26
48,88,30.39,0,1.23
48,88,30.39,0,1.27
48,89,30.39,0,1.31
48,89,30.39,0,1.26
48,89,30.39,0,1.26
48,89,30.39,0,1.27
48,89,30.39,0,1.26
48,89,30.39,0,1.24
49,89,30.39,0,1.26
49,89,30.4,0,1.25
49,89,30.4,0,1.24
49,89,30.4,0,1.27
49,89,30.4,0,1.27
49,89,30.4,0,1.26
49,89,30.4,0,1.23
49,89,30.4,0,1.22
49,89,30.4,0,1.23
49,90,30.4,0,1.23
49,90,30.4,0,1.23
49,90,30.4,0,1.23
49,89,30.41,0,1.22
50,89,30.41,0,1.23
50,89,30.41,0,1.22
50,89,30.41,0,1.27
50,88,30.41,0,1.3
50,88,30.41,0,1.28
50,88,30.41,0,1.24
50,88,30.41,0,1.29
50,89,30.41,0,1.23
50,89,30.41,0,1.25
50,89,30.41,0,1.28
50,90,30.41,0,1.26
50,91,30.41,0,1.26
50,91,30.41,0,1.27
50,92,30.41,0,1.28
50,92,30.41,0,1.26
50,91,30.41,0,1.28
50,92,30.41,0,1.28
50,91,30.41,0,1.26
50,91,30.41,0,1.24
50,91,30.41,0,1.28
51,92,30.41,0,1.25
51,93,30.41,0,1.3
51,93,30.41,0,1.26
50,94,30.41,0,1.26
50,94,30.41,0,1.24
50,95,30.41,0,1.28
50,95,30.41,0,1.29
50,95,30.41,0,1.28
50,94,30.41,0,1.25
50,94,30.41,0,1.26
51,94,30.41,0,1.27
51,95,30.41,0,1.27
51,95,30.41,0,1.28
51,95,30.41,0,1.27
51,95,30.41,0,1.28
51,95,30.41,0,1.27
51,95,30.41,0,1.27
51,95,30.41,0,1.27
51,94,30.4,0,1.27
51,94,30.4,0,1.27
52,93,30.4,0,1.28
52,94,30.4,0,1.29
52,96,30.4,0,1.29
52,97,30.4,0,1.29
52,96,30.4,0,1.25
52,96,30.4,0,1.27
52,96,30.4,0,1.3
52,96,30.39,0,1.28
52,96,30.39,0,1.26
52,95,30.39,0,1.3
52,95,30.39,0,1.27
52,95,30.39,0,1.25
53,95,30.39,0,1.3
53,95,30.39,0,1.29
53,94,30.39,0,1.26
53,94,30.38,0,1.29
53,94,30.38,0,1.23
54,94,30.38,0,1.27
54,94,30.38,0,1.3
54,95,30.38,0,1.29
55,94,30.38,0,1.55
55,93,30.38,0,2.78
55,93,30.38,0,4.63
55,93,30.38,0,6.47
56,92,30.38,0,8.45
56,89,30.38,0,10.57
56,87,30.38,0,13.11
56,87,30.38,0,16.06
56,87,30.37,0,19.95
57,87,30.37,0,28.71
57,86,30.37,0,41.55
57,83,30.37,0,43.42
57,85,30.37,0,55.97
57,87,30.37,0,57.17
57,88,30.37,0,66.65
57,88,30.37,0,78.91
57,88,30.37,0,73.09
57,88,30.37,0,327.03
57,88,30.37,0,199.98
57,88,30.36,0,117.33
57,87,30.36,0,109.73
58,87,30.36,0,93.9
58,87,30.36,0,147.89
57,87,30.36,0,179.72
58,87,30.36,0,151.32
58,86,30.36,0,136.84
58,86,30.36,0,137.98
58,85,30.36,0,175.03
58,85,30.36,0,117.54
59,85,30.36,0,143.54
60,82,30.36,0,205.58
59,79,30.36,0,256.17
59,80,30.36,0,516.02
59,82,30.36,0,212.47
59,82,30.36,0,427.36
59,83,30.36,0,379.81
59,83,30.37,0,223.31
59,83,30.37,0,223.77
59,83,30.36,0,266.97
59,81,30.37,0,229.12
60,81,30.37,0,258.49
61,79,30.37,0,264.75
61,80,30.37,0,932.34
60,83,30.37,0,989.25
60,82,30.36,0,642.65
61,81,30.37,0,507.41
61,78,30.36,0,268.03
61,77,30.36,0,751.04
61,77,30.36,0,375.39
60,77,30.36,0,200.48
60,74,30.37,0,284.26
60,75,30.37,0,622.42
60,77,30.37,0,1021.37
60,77,30.37,0,330.28
59,78,30.37,0,325.24
59,81,30.37,0,311.73
59,81,30.37,0,306.01
59,83,30.37,0,293.37
59,79,30.37,0,227.36
59,81,30.37,0,136.09
59,82,30.37,0,161.71
60,82,30.37,0,170.98
60,83,30.38,0,189.56
60,79,30.38,0,243.04
60,82,30.38,0,479.91
60,81,30.38,0,355.71
60,79,30.39,0,262.32
60,82,30.39,0,267.67
60,80,30.39,0,331.66
60,81,30.39,0,263.4
61,79,30.39,0,281.78
61,78,30.39,0,251.31
61,77,30.39,0,251.39
61,76,30.39,0,349.41
62,73,30.4,0,457.0
64,71,30.4,0,417.61
63,70,30.4,0,1065.45
64,71,30.4,0,915.28
63,71,30.4,0,698.48
63,70,30.4,0,718.25
63,71,30.4,0,900.41
63,69,30.4,0,840.65
63,69,30.4,0,1387.17
62,70,30.4,0,1153.38
62,66,30.4,0,1148.24
63,67,30.4,0,669.1
63,71,30.4,0,1136.31
63,68,30.41,0,1298.4
62,71,30.41,0,1148.18
62,70,30.41,0,1146.34
62,66,30.41,0,1011.93
62,67,30.41,0,559.83
61,71,30.41,0,1041.63
60,71,30.41,0,1009.13
60,70,30.41,0,940.05
60,69,30.41,0,920.85
60,71,30.41,0,905.51
59,70,30.41,0,894.08
60,69,30.41,0,875.37
60,70,30.41,0,860.83
60,71,30.41,0,846.5
59,71,30.41,0,832.09
59,70,30.41,0,818.39
59,74,30.41,0,804.03
59,76,30.41,0,789.78
59,78,30.41,0,775.25
59,78,30.4,0,762.13
60,78,30.4,0,746.41
60,73,30.4,0,729.94
59,72,30.4,0,714.11
59,76,30.4,0,695.98
58,79,30.4,0,679.58
58,79,30.4,0,661.91
58,79,30.4,0,644.63
58,78,30.4,0,626.64
58,78,30.4,0,608.33
58,81,30.4,0,589.97
59,76,30.4,0,570.94
59,67,30.39,0,551.96
59,65,30.39,0,532.48
58,67,30.39,0,512.72
57,72,30.39,0,492.85
57,74,30.39,0,472.36
56,79,30.39,0,451.12
55,81,30.38,0,430.18
54,83,30.38,0,409.64
52,88,30.38,0,388.16
50,93,30.38,0,366.43
49,97,30.38,0,345.42
49,97,30.38,0,323.83
48,97,30.38,0,299.86
48,97,30.38,0,198.71
48,95,30.38,0,210.01
48,94,30.38,0,122.09
48,87,30.38,0,170.68
47,85,30.37,0,22.43
47,83,30.37,0,20.86
47,83,30.37,0,19.88
47,82,30.37,0,18.99
47,82,30.37,0,17.95
47,82,30.37,0,16.75
46,83,30.37,0,15.42
46,85,30.37,0,13.96
46,83,30.37,0,11.64
46,81,30.37,0,9.72
46,80,30.37,0,7.26
46,79,30.37,0,5.86
46,79,30.37,0,2.98
46,78,30.37,0,1.62
46,79,30.37,0,1.23
46,78,30.37,0,1.21
46,78,30.37,0,1.2
47,81,30.37,0,1.24
47,83,30.37,0,1.21
47,83,30.37,0,1.21
47,84,30.37,0,1.26
47,82,30.37,0,1.18
48,80,30.36,0,1.23
48,79,30.36,0,1.24
48,80,30.36,0,1.19
48,82,30.36,0,1.24
48,88,30.36,0,1.23
48,90,30.36,0,1.21
48,92,30.36,0,1.24
48,92,30.36,0,1.24
48,91,30.36,0,1.21
47,90,30.36,0,1.22
47,87,30.36,0,1.18
47,79,30.36,0,1.24
47,74,30.36,0,1.22
47,73,30.36,0,1.22
46,74,30.36,0,1.22
46,75,30.36,0,1.21
46,75,30.36,0,1.23
47,74,30.36,0,1.22
47,73,30.36,0,1.23
46,72,30.36,0,1.22
46,74,30.36,0,1.22
46,73,30.36,0,1.2
46,74,30.36,0,1.2
46,74,30.36,0,1.23
46,75,30.36,0,1.22
46,75,30.37,0,1.22
46,72,30.37,0,1.24
46,72,30.36,0,1.23
46,74,30.37,0,1.21
46,73,30.37,0,1.23
47,73,30.37,0,1.21
47,74,30.37,0,1.24
48,74,30.37,0,1.17
48,72,30.37,0,1.22
48,75,30.37,0,1.19
48,81,30.37,0,1.22
48,84,30.37,0,1.24
48,84,30.37,0,1.25
48,84,30.37,0,1.21
48,83,30.37,0,1.23
48,83,30.37,0,1.22
47,83,30.38,0,1.21
47,83,30.38,0,1.24
47,82,30.38,0,1.23
48,83,30.38,0,1.19
47,82,30.38,0,1.2
47,81,30.38,0,1.22
47,80,30.38,0,1.26
47,76,30.39,0,1.23
47,75,30.39,0,1.21
46,77,30.39,0,1.21
46,78,30.4,0,1.23
46,79,30.4,0,1.22
46,79,30.4,0,1.23
46,78,30.4,0,1.21
46,79,30.4,0,1.22
46,79,30.4,0,1.21
46,79,30.4,0,1.19
46,78,30.41,0,1.2
46,77,30.41,0,1.23
46,74,30.41,0,1.19
47,69,30.41,0,1.24
47,67,30.41,0,1.21
47,67,30.41,0,1.21
47,69,30.41,0,1.23
47,69,30.41,0,1.18
47,71,30.41,0,1.23
47,70,30.41,0,1.19
47,66,30.41,0,1.24
47,64,30.42,0,1.22
47,64,30.42,0,1.24
48,64,30.42,0,1.2
48,62,30.42,0,1.21
48,62,30.42,0,1.19
48,61,30.42,0,1.23
48,60,30.43,0,1.24
48,60,30.43,0,1.25
48,60,30.43,0,1.22
47,62,30.42,0,1.24
47,64,30.43,0,1.26
47,68,30.43,0,1.26
48,67,30.43,0,1.21
48,66,30.43,0,1.25
48,63,30.43,0,1.24
48,59,30.43,0,1.21
49,57,30.43,0,1.23
49,56,30.43,0,1.21
49,56,30.43,0,1.2
48,55,30.43,0,1.19
48,56,30.43,0,1.23
48,57,30.43,0,1.23
48,56,30.43,0,1.21
48,57,30.43,0,1.21
49,57,30.43,0,1.24
49,56,30.43,0,1.24
49,56,30.43,0,1.24
49,56,30.43,0,1.21
49,56,30.43,0,1.2
49,57,30.42,0,1.24
49,57,30.42,0,1.19
49,58,30.42,0,1.23
49,58,30.42,0,1.24
49,61,30.42,0,1.2
49,63,30.42,0,1.18
49,65,30.42,0,1.22
49,66,30.42,0,1.24
49,66,30.42,0,1.24
49,66,30.42,0,1.22
49,67,30.42,0,1.24
49,67,30.41,0,1.21
49,68,30.41,0,1.21
49,68,30.41,0,1.2
49,68,30.41,0,1.21
49,69,30.41,0,1.21
49,68,30.41,0,1.23
49,70,30.41,0,1.21
49,69,30.41,0,1.22
49,68,30.4,0,1.21
49,69,30.4,0,1.23
50,68,30.4,0,1.23
50,69,30.4,0,1.22
50,70,30.4,0,1.22
50,73,30.39,0,1.22
50,75,30.39,0,1.22
50,78,30.39,0,1.78
50,80,30.39,0,3.25
50,81,30.39,0,5.31
51,84,30.39,0,7.65
52,84,30.39,0,10.51
52,86,30.39,0,19.49
53,87,30.39,0,24.43
53,86,30.39,0,34.23
53,84,30.39,0,50.53
53,86,30.39,0,69.38
53,87,30.39,0,112.88
53,86,30.39,0,191.21
54,86,30.38,0,158.22
54,85,30.39,0,267.71
55,84,30.38,0,225.93
55,83,30.38,0,309.28
55,82,30.39,0,306.22
56,83,30.38,0,296.86
56,82,30.39,0,202.95
56,77,30.38,0,325.99
57,74,30.39,0,347.04
57,73,30.39,0,368.73
57,69,30.39,0,390.71
57,74,30.39,0,411.99
57,75,30.39,0,432.21
57,76,30.39,0,452.75
57,77,30.39,0,472.99
58,72,30.39,0,495.46
58,71,30.39,0,536.83
58,72,30.39,0,554.43
58,75,30.39,0,525.69
58,76,30.39,0,609.48
58,76,30.39,0,613.63
58,70,30.39,0,634.57
58,74,30.39,0,652.9
58,78,30.38,0,671.97
58,79,30.39,0,693.57
58,78,30.39,0,702.59
58,79,30.39,0,787.8
58,79,30.38,0,860.9
59,79,30.39,0,762.08
58,77,30.39,0,781.51
59,80,30.39,0,444.61
59,76,30.39,0,821.37
59,75,30.39,0,842.99
59,74,30.38,0,948.23
59,73,30.39,0,888.36
59,72,30.39,0,864.97
59,76,30.39,0,880.19
59,73,30.39,0,1067.04
59,72,30.39,0,968.2
59,72,30.39,0,1024.14
59,72,30.4,0,1048.97
59,73,30.4,0,620.78
59,72,30.4,0,961.91
59,72,30.4,0,955.07
60,68,30.4,0,967.77
59,66,30.4,0,975.64
59,67,30.41,0,980.12
60,68,30.41,0,987.8
60,68,30.4,0,995.35
60,70,30.4,0,1000.47
60,69,30.41,0,1008.65
60,69,30.41,0,1013.84
60,68,30.41,0,1017.12
60,69,30.41,0,1026.57
60,66,30.41,0,1033.68
60,63,30.41,0,1030.61
60,61,30.42,0,1035.75
60,62,30.42,0,1041.97
60,66,30.42,0,1040.64
59,65,30.45,0,959.96
59,66,30.45,0,950.81
58,66,30.45,0,941.06
58,72,30.45,0,930.18
59,70,30.45,0,918.87
59,69,30.45,0,908.03
59,60,30.45,0,898.27
59,58,30.45,0,883.91
59,58,30.45,0,874.06
58,66,30.45,0,860.54
58,65,30.45,0,847.84
57,72,30.45,0,833.84
57,69,30.45,0,821.11
58,65,30.45,0,805.68
57,66,30.45,0,791.78
57,67,30.45,0,774.42
57,69,30.45,0,757.01
57,70,30.45,0,738.7
58,71,30.45,0,723.83
58,60,30.45,0,707.22
57,66,30.45,0,687.0
57,69,30.45,0,666.03
57,73,30.45,0,650.38
57,78,30.45,0,629.99
56,80,30.45,0,610.68
56,81,30.45,0,591.88
55,85,30.45,0,571.85
54,88,30.44,0,553.27
53,91,30.44,0,532.1
53,92,30.44,0,588.1
53,95,30.44,0,553.49
52,97,30.44,0,193.16
52,98,30.44,0,454.87
51,98,30.44,0,296.19
51,98,30.44,0,405.71
50,97,30.44,0,184.3
50,96,30.44,0,214.77
50,95,30.44,0,169.58
50,93,30.43,0,144.69
50,91,30.43,0,102.42
50,90,30.43,0,87.87
50,87,30.43,0,90.67
49,86,30.43,0,57.54
49,88,30.43,0,196.35
48,90,30.43,0,21.82
48,91,30.43,0,20.13
48,91,30.43,0,19.27
48,92,30.43,0,18.41
48,92,30.43,0,17.71
48,91,30.43,0,16.24
48,90,30.43,0,14.94
47,90,30.42,0,13.67
47,92,30.42,0,11.69
47,93,30.42,0,9.61
47,95,30.42,0,7.41
46,96,30.42,0,5.17
46,96,30.42,0,3.27
46,96,30.42,0,1.76
47,96,30.42,0,1.26
47,96,30.42,0,1.25
47,96,30.42,0,1.18
47,96,30.42,0,1.2
47,95,30.42,0,1.23
47,93,30.42,0,1.2
46,91,30.41,0,1.22
46,90,30.41,0,1.25
46,87,30.41,0,1.24
46,82,30.41,0,1.2
46,71,30.41,0,1.23
46,69,30.41,0,1.21
46,66,30.41,0,1.21
46,65,30.41,0,1.22
45,59,30.41,0,1.22
45,58,30.41,0,1.21
45,59,30.41,0,1.2
45,61,30.41,0,1.22
45,61,30.41,0,1.23
45,61,30.41,0,1.24
45,59,30.41,0,1.23
45,58,30.41,0,1.24
45,57,30.41,0,1.25
45,58,30.41,0,1.2
45,60,30.41,0,1.22
45,63,30.41,0,1.21
45,64,30.41,0,1.23
45,66,30.41,0,1.24
45,68,30.41,0,1.24
45,68,30.41,0,1.23
45,68,30.41,0,1.21
45,69,30.41,0,1.21
45,71,30.41,0,1.21
45,72,30.41,0,1.24
45,69,30.41,0,1.24
46,74,30.42,0,1.2
46,74,30.42,0,1.2
46,70,30.42,0,1.22
46,65,30.42,0,1.22
46,67,30.42,0,1.19
46,62,30.42,0,1.22
46,57,30.42,0,1.22
46,55,30.42,0,1.21
46,57,30.42,0,1.22
46,56,30.42,0,1.22
45,56,30.42,0,1.23
45,54,30.42,0,1.22
45,57,30.42,0,1.21
46,59,30.43,0,1.25
46,61,30.43,0,1.22
46,58,30.43,0,1.23
46,59,30.43,0,1.21
46,53,30.44,0,1.25
46,53,30.44,0,1.25
46,55,30.44,0,1.23
46,56,30.44,0,1.23
46,57,30.44,0,1.21
46,57,30.44,0,1.22
47,54,30.44,0,1.18
47,56,30.44,0,1.25
47,55,30.44,0,1.2
48,50,30.44,0,1.25
48,49,30.44,0,1.26
47,49,30.44,0,1.17
47,49,30.44,0,1.23
47,50,30.45,0,1.27
47,51,30.45,0,1.23
47,51,30.45,0,1.28
47,51,30.45,0,1.25
48,51,30.45,0,1.24
48,51,30.45,0,1.28
48,50,30.45,0,1.28
48,49,30.45,0,1.26
48,49,30.46,0,1.24
48,49,30.46,0,1.21
48,49,30.46,0,1.24
48,51,30.46,0,1.25
48,50,30.46,0,1.24
48,50,30.46,0,1.2
48,51,30.46,0,1.21
48,51,30.46,0,1.25
48,51,30.46,0,1.21
48,51,30.46,0,1.22
48,51,30.46,0,1.21
48,51,30.46,0,1.23
48,52,30.47,0,1.26
48,52,30.47,0,1.23
48,53,30.47,0,1.25
48,54,30.47,0,1.22
48,54,30.47,0,1.23
48,54,30.47,0,1.24
48,54,30.47,0,1.24
48,53,30.47,0,1.24
48,54,30.47,0,1.23
48,53,30.47,0,1.24
48,53,30.47,0,1.24
49,53,30.47,0,1.23
48,54,30.47,0,1.23
48,54,30.47,0,1.2
48,54,30.47,0,1.25
48,55,30.47,0,1.24
48,57,30.47,0,1.25
48,59,30.47,0,1.25
48,60,30.47,0,1.24
48,61,30.47,0,1.21
48,62,30.47,0,1.24
48,63,30.47,0,1.24
48,64,30.47,0,1.24
48,68,30.47,0,1.2
48,72,30.47,0,1.23
49,71,30.47,0,1.21
49,68,30.47,0,1.23
50,67,30.46,0,1.22
51,58,30.46,0,1.24
51,49,30.46,0,1.23
51,52,30.46,0,1.24
51,55,30.46,0,1.23
51,56,30.46,0,1.26
51,67,30.46,0,1.25
51,77,30.46,0,1.25
51,82,30.46,0,1.2
51,87,30.46,0,1.25
51,91,30.46,0,1.23
51,93,30.45,0,1.26
51,93,30.45,0,1.2
51,94,30.45,0,1.27
51,93,30.45,0,1.21
51,93,30.45,0,1.22
51,92,30.45,0,1.23
52,93,30.45,0,1.22
52,93,30.45,0,1.26
52,91,30.45,0,1.25
53,90,30.45,0,1.25
53,88,30.45,0,1.23
53,89,30.45,0,1.2
54,86,30.45,0,2.01
54,87,30.44,0,3.75
55,85,30.44,0,5.95
56,83,30.44,0,8.3
56,79,30.44,0,15.93
56,79,30.44,0,20.47
57,82,30.44,0,25.21
57,79,30.44,0,36.44
58,75,30.44,0,54.32
59,74,30.44,0,73.97
59,74,30.44,0,96.45
60,49,30.44,0,121.91
59,66,30.44,0,148.72
60,71,30.44,0,175.36
60,70,30.44,0,204.77
61,52,30.44,0,234.15
61,58,30.44,0,262.11
61,72,30.44,0,286.5
61,52,30.44,0,313.25
61,58,30.44,0,334.09
61,74,30.44,0,352.72
60,54,30.44,0,378.5
59,70,30.44,0,396.35
59,81,30.44,0,416.82
59,84,30.44,0,437.53
60,83,30.44,0,458.91
59,81,30.44,0,478.52
59,85,30.44,0,495.85
59,84,30.44,0,554.98
59,86,30.43,0,555.84
59,84,30.44,0,562.64
59,82,30.44,0,606.87
59,83,30.44,0,596.82
59,84,30.44,0,691.56
60,85,30.44,0,702.6
59,83,30.44,0,157.22
60,82,30.44,0,246.06
60,84,30.44,0,396.16
60,83,30.44,0,795.33
60,82,30.44,0,940.88
60,80,30.44,0,265.21
60,79,30.44,0,418.48
60,81,30.44,0,436.45
60,79,30.44,0,910.64
61,80,30.44,0,456.79
61,79,30.45,0,1007.71
61,79,30.45,0,1057.91
62,77,30.45,0,1020.64
61,78,30.45,0,971.11
61,78,30.45,0,1071.84
61,78,30.45,0,1075.29
62,77,30.45,0,883.98
62,78,30.45,0,691.9
62,77,30.45,0,976.45
62,78,30.45,0,586.21
62,76,30.45,0,1040.34
62,76,30.45,0,1005.72
62,76,30.45,0,1018.8
62,74,30.46,0,1022.88
63,72,30.46,0,945.42
63,71,30.46,0,1063.76
63,69,30.46,0,1042.14
64,67,30.46,0,1050.21
64,67,30.46,0,1020.82
63,66,30.46,0,1016.24
63,65,30.46,0,1035.95
63,67,30.47,0,1034.82
63,62,30.47,0,1035.08
63,61,30.47,0,1039.83
63,60,30.47,0,1028.93
63,56,30.47,0,1041.13
63,54,30.47,0,1042.65
63,52,30.47,0,1043.13
63,54,30.47,0,1044.56
64,49,30.48,0,1047.31
64,48,30.48,0,1047.37
64,46,30.48,0,1045.42
64,43,30.48,0,1045.82
64,46,30.48,0,1042.27
65,46,30.48,0,1042.78
64,42,30.48,0,1038.9
64,41,30.48,0,1037.95
64,40,30.49,0,1032.16
64,38,30.49,0,1027.8
64,37,30.49,0,1021.06
64,34,30.49,0,1015.44
64,35,30.49,0,1008.94
64,30,30.49,0,1001.91
64,26,30.49,0,993.59
64,26,30.49,0,987.84
64,31,30.49,0,979.52
64,29,30.49,0,971.51
64,30,30.49,0,961.76
64,28,30.49,0,953.33
64,28,30.5,0,944.63
64,26,30.5,0,936.17
64,28,30.5,0,922.72
64,26,30.5,0,912.15
63,27,30.5,0,901.12
63,29,30.5,0,887.45
63,29,30.5,0,874.91
63,27,30.5,0,861.94
63,27,30.5,0,848.96
63,30,30.5,0,835.11
63,26,30.5,0,823.07
63,27,30.5,0,806.76
63,26,30.49,0,791.91
63,26,30.49,0,777.13
63,25,30.49,0,763.7
63,27,30.49,0,746.84
63,26,30.49,0,731.54
63,26,30.5,0,714.1
63,27,30.49,0,694.88
63,26,30.49,0,675.9
62,26,30.49,0,656.64
62,26,30.49,0,635.72
62,27,30.49,0,624.78
62,26,30.49,0,599.61
62,28,30.49,0,586.82
62,28,30.48,0,566.79
62,29,30.48,0,535.82
62,29,30.48,0,496.98
62,28,30.48,0,501.14
61,29,30.48,0,467.46
61,30,30.48,0,452.32
61,33,30.48,0,432.46
60,33,30.48,0,412.23
59,34,30.47,0,385.29
58,34,30.47,0,359.17
57,43,30.47,0,348.16
56,44,30.47,0,320.98
54,51,30.47,0,305.52
54,52,30.47,0,282.13
53,56,30.47,0,255.63
51,57,30.47,0,229.25
50,61,30.47,0,199.3
49,59,30.47,0,29.71
48,64,30.47,0,27.34
48,68,30.47,0,25.88
48,68,30.46,0,24.39
48,69,30.46,0,22.95
47,69,30.46,0,21.2
47,69,30.46,0,19.34
47,68,30.46,0,17.21
47,66,30.46,0,14.89
47,66,30.46,0,11.89
47,64,30.46,0,9.0
47,64,30.46,0,6.35
46,65,30.46,0,3.9
46,65,30.46,0,2.01
46,64,30.46,0,1.22
46,64,30.46,0,1.25
46,64,30.46,0,1.23
46,63,30.46,0,1.19
47,64,30.46,0,1.24
47,62,30.46,0,1.22
47,62,30.45,0,1.23
46,62,30.45,0,1.2
47,65,30.45,0,1.25
47,62,30.45,0,1.28
47,63,30.45,0,1.24
47,62,30.45,0,1.23
47,61,30.45,0,1.24
47,61,30.45,0,1.22
47,60,30.45,0,1.21
47,60,30.45,0,1.25
47,61,30.45,0,1.22
47,60,30.45,0,1.24
47,60,30.45,0,1.24
47,61,30.45,0,1.22
47,60,30.45,0,1.22
47,62,30.45,0,1.23
47,61,30.45,0,1.2
47,61,30.45,0,1.22
47,63,30.45,0,1.19
47,62,30.45,0,1.23
47,62,30.45,0,1.27
47,64,30.45,0,1.24
47,64,30.45,0,1.24
47,66,30.45,0,1.24
47,65,30.45,0,1.22
47,66,30.45,0,1.22
47,67,30.45,0,1.26
47,67,30.45,0,1.26
47,68,30.45,0,1.25
47,69,30.45,0,1.22
47,69,30.45,0,1.22
47,71,30.45,0,1.23
47,69,30.45,0,1.26
47,73,30.45,0,1.23
47,73,30.45,0,1.24
46,73,30.45,0,1.23
46,74,30.45,0,1.22
46,74,30.46,0,1.19
46,73,30.46,0,1.25
46,73,30.46,0,1.23
46,71,30.46,0,1.22
47,73,30.46,0,1.19
47,74,30.46,0,1.24
47,75,30.46,0,1.19
47,75,30.46,0,1.26
47,75,30.47,0,1.24
47,72,30.46,0,1.23
47,73,30.47,0,1.26
47,73,30.47,0,1.22
47,75,30.47,0,1.22
47,75,30.47,0,1.22
47,76,30.47,0,1.2
47,75,30.47,0,1.19
47,74,30.47,0,1.23
47,74,30.48,0,1.22
48,75,30.48,0,1.24
48,75,30.48,0,1.19
48,73,30.48,0,1.2
48,73,30.48,0,1.2
48,69,30.49,0,1.21
48,74,30.49,0,1.23
48,72,30.48,0,1.23
48,70,30.49,0,1.21
48,71,30.49,0,1.24
48,73,30.49,0,1.24
48,72,30.49,0,1.24
48,74,30.49,0,1.23
48,72,30.49,0,1.25
48,74,30.49,0,1.22
48,72,30.49,0,1.25
48,72,30.49,0,1.21
48,70,30.49,0,1.25
48,73,30.49,0,1.26
48,70,30.5,0,1.22
49,70,30.5,0,1.22
49,71,30.5,0,1.23
49,69,30.5,0,1.25
49,69,30.5,0,1.27
49,70,30.5,0,1.22
49,71,30.5,0,1.2
49,70,30.5,0,1.22
49,71,30.5,0,1.24
49,73,30.5,0,1.24
49,74,30.5,0,1.22
49,73,30.5,0,1.25
49,72,30.51,0,1.21
49,70,30.51,0,1.21
49,72,30.51,0,1.23
49,72,30.5,0,1.25
50,73,30.5,0,1.26
50,73,30.5,0,1.23
50,73,30.5,0,1.22
50,74,30.5,0,1.24
50,76,30.5,0,1.24
50,75,30.5,0,1.24
50,72,30.5,0,1.21
50,73,30.5,0,1.26
51,74,30.5,0,1.21
51,74,30.5,0,1.26
51,77,30.5,0,1.24
51,75,30.5,0,1.25
51,75,30.5,0,1.24
51,74,30.5,0,1.23
51,76,30.49,0,1.23
51,74,30.49,0,1.23
51,72,30.49,0,1.24
51,70,30.49,0,1.26
51,76,30.49,0,1.24
51,79,30.48,0,1.24
52,87,30.48,0,1.27
52,87,30.48,0,1.24
52,87,30.48,0,1.24
52,87,30.48,0,1.23
52,87,30.48,0,1.24
53,87,30.48,0,1.21
53,85,30.48,0,1.23
53,86,30.48,0,1.25
54,85,30.47,0,1.24
54,84,30.47,0,1.24
54,84,30.47,0,1.23
54,84,30.47,0,1.28
54,86,30.47,0,1.25
54,87,30.47,0,1.26
54,88,30.47,0,1.26
54,92,30.47,0,1.23
54,95,30.46,0,1.24
55,97,30.46,0,1.28
55,99,30.46,0,1.29
55,98,30.46,0,1.76
56,98,30.46,0,2.92
56,98,30.46,0,4.14
56,98,30.46,0,5.49
56,97,30.46,0,10.33
56,97,30.45,0,11.23
56,96,30.45,0,15.14
56,96,30.45,0,17.74
56,96,30.45,0,30.36
57,96,30.45,0,19.71
57,96,30.45,0,19.19
57,96,30.45,0,32.02
57,96,30.45,0,25.48
57,96,30.45,0,26.76
57,97,30.45,0,56.1
57,96,30.45,0,35.5
57,95,30.45,0,42.67
57,95,30.45,0,50.46
57,95,30.44,0,145.68
58,95,30.44,0,94.6
58,95,30.44,0,106.28
58,94,30.44,0,55.25
58,93,30.44,0,30.57
59,92,30.44,0,50.05
59,91,30.44,0,60.98
59,90,30.45,0,65.36
60,88,30.44,0,48.48
61,88,30.44,0,65.73
61,87,30.44,0,248.06
61,87,30.44,0,211.19
61,88,30.44,0,419.04
61,88,30.44,0,737.84
61,87,30.44,0,322.79
61,89,30.44,0,681.76
60,90,30.44,0,684.71
60,91,30.44,0,298.25
60,91,30.44,0,335.49
60,92,30.44,0,360.49
59,92,30.44,0,422.87
59,93,30.44,0,240.64
59,93,30.44,0,253.67
59,92,30.44,0,228.14
59,92,30.44,0,222.75
59,92,30.44,0,127.81
59,90,30.44,0,129.92
59,91,30.44,0,126.93
59,92,30.44,0,180.03
59,91,30.44,0,102.21
59,90,30.44,0,83.1
59,90,30.44,0,96.31
59,90,30.44,0,109.2
59,89,30.45,0,117.52
59,89,30.44,0,188.89
59,90,30.45,0,141.29
60,90,30.45,0,171.07
60,88,30.45,0,134.16
60,89,30.45,0,162.76
59,89,30.45,0,290.83
59,89,30.45,0,125.38
59,89,30.45,0,133.03
60,89,30.46,0,145.0
60,90,30.46,0,220.23
60,90,30.46,0,285.27
60,88,30.46,0,530.56
60,91,30.46,0,394.28
60,89,30.46,0,391.14
60,91,30.46,0,222.25
60,91,30.46,0,793.83
60,90,30.46,0,624.65
59,89,30.46,0,1254.53
59,89,30.47,0,299.84
59,89,30.47,0,275.08
60,88,30.47,0,147.01
60,89,30.47,0,112.05
60,89,30.47,0,128.25
61,88,30.47,0,144.48
61,84,30.47,0,128.72
62,84,30.47,0,82.81
63,83,30.47,0,160.39
63,83,30.47,0,132.43
64,79,30.47,0,377.11
63,78,30.48,0,654.55
64,80,30.48,0,496.4
63,82,30.48,0,1219.12
63,81,30.48,0,1088.79
63,83,30.48,0,1093.31
63,85,30.48,0,735.31
62,83,30.48,0,1248.63
62,88,30.48,0,1171.12
62,89,30.49,0,804.96
62,89,30.49,0,734.86
62,87,30.49,0,1149.88
61,89,30.48,0,1119.04
61,90,30.48,0,1104.03
61,91,30.49,0,1007.2
61,91,30.49,0,365.32
61,91,30.49,0,855.12
61,91,30.49,0,285.67
61,88,30.49,0,912.6
62,90,30.49,0,956.45
62,87,30.49,0,867.08
62,85,30.49,0,845.17
62,85,30.49,0,832.89
62,84,30.49,0,817.94
62,82,30.49,0,806.66
62,79,30.49,0,789.56
62,78,30.49,0,771.11
61,79,30.49,0,758.48
61,80,30.49,0,745.24
61,81,30.49,0,724.58
61,81,30.49,0,699.44
61,82,30.49,0,681.58
61,78,30.49,0,653.4
61,80,30.49,0,619.35
60,79,30.49,0,611.55
60,81,30.49,0,612.65
60,81,30.49,0,593.14
60,83,30.48,0,566.04
60,83,30.48,0,547.06
60,85,30.48,0,530.87
60,86,30.48,0,498.45
60,85,30.48,0,475.13
60,87,30.48,0,451.15
60,87,30.48,0,436.02
60,88,30.48,0,421.08
59,88,30.48,0,406.51
59,88,30.48,0,377.59
58,88,30.47,0,350.74
57,90,30.47,0,346.35
56,91,30.47,0,334.44
55,94,30.47,0,312.36
53,96,30.47,0,290.54
52,96,30.47,0,266.95
51,95,30.46,0,240.91
51,96,30.46,0,214.19
50,97,30.46,0,185.15
50,96,30.46,0,54.22
49,96,30.46,0,29.84
49,95,30.46,0,28.06
49,94,30.46,0,26.52
49,94,30.45,0,24.35
49,93,30.45,0,22.19
49,93,30.45,0,20.04
49,93,30.45,0,17.38
49,93,30.45,0,14.36
49,93,30.45,0,11.69
49,93,30.45,0,8.25
49,94,30.45,0,5.67
49,94,30.45,0,3.18
49,94,30.44,0,1.72
49,95,30.44,0,1.24
48,95,30.44,0,1.23
48,95,30.44,0,1.19
48,95,30.44,0,1.2
48,95,30.44,0,1.18
48,95,30.44,0,1.21
48,95,30.44,0,1.2
48,95,30.44,0,1.25
48,95,30.44,0,1.24
49,95,30.44,0,1.23
49,95,30.44,0,1.24
49,95,30.44,0,1.24
49,95,30.44,0,1.22
49,96,30.44,0,1.22
49,96,30.44,0,1.24
49,96,30.44,0,1.22
49,97,30.44,0,1.22
49,96,30.44,0,1.23
49,96,30.44,0,1.25
49,96,30.44,0,1.24
49,96,30.44,0,1.22
49,96,30.44,0,1.24
49,96,30.44,0,1.25
49,96,30.44,0,1.24
49,96,30.44,0,1.23
50,96,30.44,0,1.26
50,98,30.44,0,1.24
50,97,30.44,0,1.22
50,96,30.44,0,1.26
50,96,30.44,0,1.23
50,96,30.44,0,1.24
50,97,30.44,0,1.27
50,97,30.44,0,1.24
50,98,30.44,0,1.24
50,98,30.44,0,1.25
50,98,30.44,0,1.21
50,99,30.45,0,1.21
50,98,30.44,0,1.22
50,98,30.45,0,1.29
50,98,30.45,0,1.22
50,98,30.45,0,1.23
50,98,30.45,0,1.23
50,98,30.45,0,1.23
50,98,30.45,0,1.25
51,98,30.45,0,1.23
51,98,30.45,0,1.25
51,98,30.45,0,1.23
51,98,30.45,0,1.23
51,98,30.46,0,1.22
51,98,30.46,0,1.25
51,98,30.46,0,1.23
51,98,30.46,0,1.23
51,98,30.46,0,1.29
51,98,30.46,0,1.26
51,98,30.47,0,1.26
51,98,30.47,0,1.22
51,98,30.47,0,1.21
51,98,30.47,0,1.23
52,97,30.47,0,1.24
52,97,30.48,0,1.23
52,97,30.48,0,1.26
53,97,30.48,0,1.25
53,97,30.48,0,1.24
53,97,30.48,0,1.23
54,96,30.48,0,1.22
54,97,30.48,0,1.22
54,97,30.48,0,1.26
54,98,30.48,0,1.24
54,98,30.48,0,1.25
54,98,30.48,0,1.23
53,98,30.48,0,1.26
53,98,30.48,0,1.25
53,99,30.48,0,1.25
53,99,30.48,0,1.23
53,98,30.48,0,1.22
53,98,30.48,0,1.27
53,98,30.48,0,1.23
54,98,30.48,0,1.24
53,98,30.49,0,1.25
53,98,30.49,0,1.24
53,99,30.49,0,1.26
53,99,30.49,0,1.25
53,99,30.49,0,1.21
53,100,30.49,0,1.23
53,100,30.49,0,1.26
53,100,30.49,0,1.23
53,100,30.49,0,1.25
53,100,30.49,0,1.26
53,101,30.49,0,1.26
53,101,30.49,0,1.26
53,101,30.49,0,1.26
54,101,30.49,0,1.22
54,101,30.49,0,1.24
54,101,30.49,0,1.24
54,101,30.49,0,1.25
54,101,30.49,0,1.27
54,101,30.49,0,1.25
53,101,30.49,0,1.25
54,101,30.49,0,1.25
54,101,30.49,0,1.24
54,101,30.49,0,1.22
54,101,30.49,0,1.22
54,101,30.49,0,1.26
54,101,30.49,0,1.25
54,101,30.49,0,1.25
54,101,30.49,0,1.24
54,101,30.49,0,1.24
54,101,30.48,0,1.26
54,101,30.48,0,1.25
54,101,30.48,0,1.25
54,101,30.48,0,1.25
54,101,30.48,0,1.26
54,101,30.48,0,1.24
54,101,30.48,0,1.26
54,101,30.48,0,1.24
54,101,30.48,0,1.22
54,101,30.48,0,1.24
54,101,30.47,0,1.26
54,101,30.47,0,1.27
54,101,30.47,0,1.27
54,101,30.47,0,1.26
54,101,30.47,0,1.24
54,101,30.47,0,1.27
54,101,30.47,0,1.27
54,101,30.46,0,1.25
54,101,30.46,0,1.25
54,101,30.46,0,1.25
55,101,30.46,0,1.26
55,101,30.46,0,1.24
55,101,30.46,0,1.23
55,101,30.45,0,1.23
55,101,30.45,0,1.24
55,101,30.45,0,1.24
55,100,30.45,0,1.24
55,100,30.45,0,1.26
55,100,30.45,0,1.26
55,100,30.45,0,1.26
55,100,30.45,0,1.25
55,100,30.45,0,1.65
55,100,30.45,0,2.19
55,100,30.45,0,4.05
55,100,30.44,0,6.22
55,101,30.44,0,8.11
55,101,30.44,0,8.93
54,100,30.44,0,10.67
54,100,30.44,0,12.58
55,100,30.44,0,14.86
55,100,30.44,0,14.98
55,100,30.43,0,12.42
55,100,30.43,0,10.74
55,100,30.43,0,12.92
56,100,30.43,0,17.69
55,100,30.43,0,20.85
55,100,30.43,0,25.68
55,100,30.43,0,27.97
55,100,30.43,0,26.9
56,100,30.43,0,35.56
56,100,30.42,0,39.23
56,100,30.42,0,49.38
56,100,30.42,0,49.44
56,99,30.42,0,34.76
56,99,30.42,0,30.28
56,99,30.42,0,29.99
56,99,30.42,0,24.98
57,99,30.42,0,26.77
57,98,30.41,0,47.92
57,98,30.42,0,80.96
57,97,30.41,0,63.46
57,97,30.41,0,111.52
58,96,30.41,0,97.48
58,94,30.41,0,94.71
58,93,30.41,0,152.77
59,92,30.41,0,142.64
59,91,30.41,0,124.54
60,83,30.41,0,84.63
61,80,30.41,0,86.85
61,80,30.41,0,94.63
61,79,30.41,0,79.52
62,81,30.41,0,153.51
61,82,30.41,0,236.1
61,80,30.41,0,432.56
60,81,30.42,0,246.84
60,83,30.42,0,225.69
60,81,30.42,0,158.58
60,81,30.42,0,118.23
60,83,30.42,0,113.1
60,82,30.42,0,117.45
60,82,30.42,0,146.35
60,81,30.42,0,196.76
60,84,30.43,0,222.41
60,83,30.43,0,196.92
60,84,30.43,0,234.07
59,85,30.43,0,780.8
59,83,30.43,0,185.57
60,84,30.43,0,212.64
60,83,30.43,0,201.73
60,82,30.43,0,188.92
60,82,30.44,0,134.27
61,82,30.44,0,153.38
61,82,30.44,0,213.3
62,82,30.44,0,229.99
61,82,30.44,0,307.8
61,83,30.44,0,393.29
60,86,30.44,0,412.59
60,85,30.44,0,423.09
60,85,30.45,0,298.33
60,85,30.45,0,259.37
60,85,30.45,0,222.39
61,85,30.45,0,181.93
61,85,30.45,0,179.84
62,82,30.45,0,248.27
62,85,30.45,0,587.78
60,89,30.45,0,1328.5
59,91,30.45,0,786.09
59,94,30.45,0,565.27
58,94,30.46,0,665.15
59,94,30.46,0,445.51
59,94,30.46,0,454.01
59,94,30.46,0,1020.81
60,93,30.46,0,625.34
61,92,30.46,0,700.9
61,87,30.46,0,1236.32
62,83,30.46,0,429.38
63,84,30.47,0,579.68
63,83,30.47,0,496.0
62,85,30.47,0,1069.95
61,87,30.47,0,1113.02
61,87,30.47,0,996.62
61,85,30.47,0,981.65
62,85,30.47,0,891.65
62,87,30.47,0,565.81
62,90,30.47,0,481.7
61,89,30.47,0,896.56
61,92,30.47,0,907.94
60,93,30.47,0,912.75
59,94,30.47,0,928.91
59,95,30.47,0,802.11
58,97,30.47,0,753.65
58,100,30.47,0,802.23
57,101,30.47,0,490.68
57,101,30.47,0,551.89
56,101,30.47,0,826.05
55,101,30.47,0,717.26
55,100,30.47,0,803.58
55,100,30.47,0,244.72
55,100,30.47,0,232.9
55,100,30.47,0,227.87
55,100,30.47,0,157.22
55,100,30.47,0,174.95
54,100,30.47,0,245.22
54,99,30.47,0,135.53
55,99,30.47,0,149.97
55,99,30.47,0,143.4
55,99,30.47,0,179.84
55,100,30.46,0,159.68
55,100,30.46,0,211.62
55,100,30.46,0,113.9
55,101,30.46,0,189.55
54,101,30.46,0,317.76
54,101,30.46,0,420.58
53,101,30.45,0,316.31
53,101,30.45,0,132.12
53,101,30.45,0,128.15
52,101,30.45,0,154.81
52,100,30.45,0,143.49
53,101,30.45,0,118.02
53,101,30.45,0,65.45
53,101,30.45,0,92.85
53,101,30.45,0,86.56
53,101,30.45,0,62.53
53,100,30.45,0,52.18
53,100,30.45,0,48.62
53,100,30.45,0,57.37
53,100,30.45,0,34.56
53,100,30.44,0,26.65
53,100,30.44,0,18.06
53,100,30.44,0,12.17
53,100,30.44,0,9.86
53,100,30.44,0,8.31
53,100,30.44,0,6.2
53,100,30.44,0,4.77
53,100,30.44,0,3.1
52,99,30.44,0,1.75
52,99,30.43,0,1.55
52,99,30.43,0,1.27
52,99,30.43,0,1.24
52,99,30.43,0,1.22
52,99,30.43,0,1.26
52,99,30.43,0,1.26
52,98,30.43,0,1.24
52,98,30.43,0,1.24
52,98,30.43,0,1.22
52,97,30.43,0,1.24
52,97,30.43,0,1.27
52,96,30.43,0,1.25
52,95,30.42,0,1.25
52,94,30.42,0,1.22
51,92,30.42,0,1.25
51,90,30.42,0,1.26
51,89,30.42,0,1.23
51,89,30.42,0,1.26
50,88,30.42,0,1.25
50,90,30.42,0,1.24
50,91,30.42,0,1.24
50,92,30.42,0,1.26
50,92,30.42,0,1.24
50,93,30.42,0,1.25
50,92,30.42,0,1.24
50,93,30.42,0,1.22
50,92,30.42,0,1.23
50,91,30.42,0,1.22
51,90,30.42,0,1.26
51,89,30.42,0,1.22
51,88,30.42,0,1.23
51,88,30.42,0,1.25
51,89,30.42,0,1.23
51,90,30.42,0,1.23
51,90,30.42,0,1.25
50,90,30.42,0,1.24
50,91,30.42,0,1.23
50,90,30.42,0,1.25
50,90,30.42,0,1.22
50,90,30.42,0,1.23
49,90,30.42,0,1.25
49,90,30.42,0,1.21
49,91,30.42,0,1.26
49,91,30.42,0,1.24
49,93,30.42,0,1.22
50,94,30.42,0,1.25
50,95,30.43,0,1.23
50,93,30.43,0,1.25
50,94,30.43,0,1.24
50,95,30.43,0,1.23
51,94,30.43,0,1.26
51,93,30.43,0,1.23
51,88,30.43,0,1.22
51,88,30.43,0,1.23
51,88,30.43,0,1.24
52,88,30.43,0,1.24
52,86,30.44,0,1.23
52,85,30.44,0,1.28
52,85,30.44,0,1.25
53,84,30.44,0,1.23
53,85,30.44,0,1.27
52,85,30.44,0,1.26
52,87,30.44,0,1.21
52,88,30.44,0,1.25
52,88,30.44,0,1.26
52,88,30.44,0,1.28
52,87,30.44,0,1.21
53,88,30.45,0,1.23
53,87,30.45,0,1.23
53,88,30.45,0,1.25
53,87,30.45,0,1.25
53,84,30.45,0,1.25
53,86,30.45,0,1.24
53,87,30.45,0,1.22
53,87,30.46,0,1.23
53,86,30.46,0,1.22
53,86,30.46,0,1.24
53,86,30.46,0,1.26
53,85,30.46,0,1.25
53,85,30.46,0,1.23
53,84,30.46,0,1.23
53,85,30.46,0,1.24
53,85,30.46,0,1.25
53,86,30.46,0,1.22
53,88,30.46,0,1.25
53,89,30.46,0,1.25
54,89,30.47,0,1.27
54,86,30.47,0,1.27
54,85,30.46,0,1.26
54,86,30.46,0,1.24
54,85,30.46,0,1.25
54,86,30.46,0,1.23
54,84,30.46,0,1.28
54,83,30.46,0,1.23
54,83,30.46,0,1.26
54,82,30.46,0,1.23
54,83,30.46,0,1.24
54,83,30.46,0,1.3
54,84,30.46,0,1.24
54,85,30.46,0,1.22
54,84,30.46,0,1.26
54,83,30.46,0,1.27
54,83,30.46,0,1.25
54,83,30.46,0,1.28
54,84,30.46,0,1.26
54,85,30.46,0,1.28
54,85,30.46,0,1.23
54,85,30.46,0,1.24
53,85,30.46,0,1.27
53,84,30.46,0,1.23
53,85,30.46,0,1.24
53,85,30.46,0,1.22
53,85,30.45,0,1.21
53,87,30.45,0,1.24
53,89,30.45,0,1.26
53,89,30.45,0,1.21
53,89,30.45,0,1.26
53,88,30.45,0,1.22
53,88,30.45,0,1.25
53,87,30.45,0,1.25
53,87,30.45,0,1.23
53,87,30.45,0,1.25
53,85,30.45,0,1.24
53,86,30.45,0,1.25
52,91,30.45,0,1.26
53,97,30.45,0,1.23
53,97,30.44,0,1.27
53,95,30.44,0,1.24
53,95,30.44,0,1.2
52,96,30.43,0,1.24
52,99,30.43,0,1.22
52,99,30.43,0,1.25
52,99,30.43,0,1.27
53,98,30.43,0,1.24
53,98,30.43,0,1.22
53,98,30.42,0,1.21
53,97,30.43,0,1.27
53,97,30.42,0,1.35
53,96,30.42,0,3.07
53,96,30.42,0,3.01
54,95,30.42,0,5.53
54,94,30.42,0,7.42
55,92,30.42,0,8.35
56,89,30.42,0,27.62
57,86,30.42,0,26.71
59,82,30.42,0,78.18
58,67,30.41,0,65.88
57,87,30.41,0,64.01
58,86,30.42,0,197.41
59,83,30.42,0,193.61
60,79,30.42,0,159.54
60,77,30.41,0,181.76
60,80,30.41,0,210.72
60,80,30.41,0,246.68
61,77,30.41,0,261.3
62,71,30.41,0,287.02
63,56,30.41,0,306.33
62,58,30.41,0,317.37
62,75,30.41,0,353.84
64,60,30.41,0,424.72
64,53,30.41,0,409.11
64,59,30.41,0,423.49
65,52,30.41,0,455.2
66,49,30.41,0,470.3
67,49,30.41,0,490.14
67,50,30.41,0,514.49
67,48,30.41,0,538.58
67,48,30.41,0,551.2
68,43,30.41,0,569.29
69,41,30.4,0,577.82
69,42,30.41,0,607.92
67,49,30.41,0,622.64
68,52,30.4,0,642.14
68,49,30.4,0,658.41
68,48,30.4,0,682.87
68,50,30.4,0,706.48
68,53,30.4,0,720.33
68,53,30.4,0,748.33
68,50,30.4,0,760.0
68,49,30.41,0,767.97
68,49,30.41,0,787.78
69,46,30.4,0,789.3
69,44,30.41,0,819.77
70,41,30.41,0,834.68
70,40,30.41,0,847.88
70,39,30.41,0,855.94
70,38,30.4,0,891.16
70,33,30.41,0,902.09
70,38,30.4,0,909.15
71,34,30.4,0,925.65
71,37,30.41,0,934.18
70,35,30.41,0,939.67
70,35,30.41,0,946.58
71,33,30.41,0,969.59
71,36,30.41,0,982.27
71,32,30.41,0,994.54
71,37,30.41,0,990.52
71,35,30.41,0,997.0
70,30,30.41,0,1009.16
69,41,30.41,0,1021.24
69,40,30.41,0,1016.01
69,38,30.42,0,1020.86
69,39,30.42,0,1029.46
70,42,30.42,0,1026.06
70,41,30.42,0,1043.82
70,41,30.42,0,1048.62
70,39,30.42,0,1046.32
71,36,30.42,0,1047.28
70,38,30.42,0,1049.18
70,37,30.42,0,1048.33
70,37,30.42,0,1051.97
70,41,30.42,0,1047.71
70,38,30.42,0,1048.27
71,32,30.43,0,1053.17
70,32,30.43,0,1044.95
70,31,30.43,0,1042.58
71,31,30.43,0,1046.05
70,26,30.43,0,1040.07
70,29,30.43,0,1044.45
71,30,30.44,0,1039.27
71,27,30.44,0,1035.48
71,30,30.44,0,1028.63
71,26,30.44,0,1020.83
71,25,30.44,0,1013.01
71,28,30.44,0,1012.71
71,29,30.43,0,1000.86
70,27,30.44,0,992.5
69,27,30.44,0,986.74
70,29,30.44,0,973.53
70,27,30.44,0,968.85
70,24,30.44,0,961.76
70,24,30.44,0,950.73
70,25,30.44,0,938.11
69,24,30.44,0,928.49
69,23,30.44,0,918.66
69,22,30.44,0,907.41
69,23,30.44,0,896.0
69,23,30.44,0,881.31
68,23,30.43,0,868.1
68,21,30.44,0,855.06
68,21,30.44,0,843.06
68,23,30.44,0,828.52
67,22,30.44,0,813.7
67,23,30.43,0,800.37
66,23,30.43,0,783.18
64,25,30.43,0,767.27
62,29,30.43,0,750.94
59,56,30.43,0,734.59
60,73,30.43,0,711.53
60,64,30.43,0,696.2
61,65,30.43,0,679.63
64,56,30.43,0,662.65
64,22,30.43,0,645.6
63,23,30.43,0,626.2
61,26,30.43,0,607.52
60,67,30.43,0,588.05
63,61,30.43,0,565.93
64,19,30.43,0,550.89
63,19,30.43,0,529.22
63,20,30.42,0,508.32
62,21,30.42,0,488.35
62,23,30.42,0,467.47
62,21,30.42,0,447.17
61,23,30.41,0,425.0
60,25,30.41,0,403.22
59,26,30.41,0,381.78
58,26,30.41,0,360.69
57,28,30.41,0,338.31
55,30,30.41,0,314.95
54,31,30.41,0,289.33
53,32,30.41,0,262.47
52,34,30.4,0,233.57
51,35,30.4,0,204.15
50,36,30.4,0,142.28
50,37,30.4,0,20.26
49,38,30.4,0,19.04
48,39,30.4,0,18.27
48,40,30.4,0,17.35
48,40,30.4,0,16.25
47,40,30.4,0,15.0
47,40,30.4,0,13.61
47,41,30.4,0,11.84
47,41,30.4,0,9.92
47,41,30.4,0,7.84
47,42,30.4,0,5.68
47,41,30.4,0,3.37
47,41,30.39,0,1.62
47,42,30.39,0,1.24
47,43,30.39,0,1.23
47,43,30.39,0,1.21
47,43,30.39,0,1.19
47,44,30.39,0,1.23
46,44,30.39,0,1.22
46,45,30.38,0,1.23
46,46,30.38,0,1.21
46,47,30.38,0,1.22
46,48,30.38,0,1.24
46,49,30.38,0,1.19
45,49,30.38,0,1.21
45,51,30.38,0,1.21
45,52,30.38,0,1.2
45,55,30.38,0,1.19
45,59,30.38,0,1.21
45,73,30.38,0,1.22
46,86,30.38,0,1.2
46,80,30.38,0,1.18
45,79,30.38,0,1.2
45,79,30.38,0,1.19
45,63,30.38,0,1.21
45,61,30.38,0,1.21
45,70,30.38,0,1.18
45,69,30.38,0,1.23
45,70,30.38,0,1.2
45,71,30.38,0,1.22
46,71,30.38,0,1.18
46,76,30.38,0,1.21
46,89,30.38,0,1.19
46,94,30.38,0,1.23
47,98,30.38,0,1.21
47,100,30.38,0,1.21
48,101,30.38,0,1.24
48,101,30.38,0,1.23
48,101,30.38,0,1.21
48,101,30.39,0,1.21
48,101,30.39,0,1.22
48,101,30.39,0,1.25
49,101,30.39,0,1.23
49,101,30.39,0,1.22
49,101,30.39,0,1.21
49,101,30.39,0,1.21
49,101,30.39,0,1.24
49,101,30.39,0,1.22
49,101,30.39,0,1.24
49,101,30.39,0,1.25
49,101,30.39,0,1.22
49,101,30.39,0,1.22
49,100,30.39,0,1.24
49,100,30.39,0,1.23
49,100,30.39,0,1.24
49,100,30.39,0,1.2
50,100,30.39,0,1.19
49,100,30.4,0,1.24
49,100,30.4,0,1.25
50,100,30.4,0,1.21
50,100,30.4,0,1.22
50,100,30.4,0,1.23
50,100,30.4,0,1.25
50,99,30.41,0,1.24
50,99,30.41,0,1.21
50,99,30.41,0,1.21
50,99,30.41,0,1.22
50,99,30.41,0,1.23
50,98,30.41,0,1.21
50,98,30.41,0,1.22
50,98,30.41,0,1.24
50,98,30.41,0,1.2
50,98,30.41,0,1.23
50,98,30.41,0,1.22
50,97,30.41,0,1.23
50,97,30.41,0,1.25
50,97,30.41,0,1.25
50,97,30.41,0,1.23
50,97,30.41,0,1.25
50,96,30.41,0,1.24
50,96,30.41,0,1.24
49,95,30.41,0,1.24
49,94,30.41,0,1.26
49,92,30.41,0,1.23
49,90,30.41,0,1.22
49,87,30.41,0,1.22
49,81,30.41,0,1.22
49,78,30.42,0,1.24
49,75,30.42,0,1.23
49,73,30.42,0,1.24
49,76,30.42,0,1.22
49,82,30.42,0,1.22
49,84,30.42,0,1.24
49,87,30.42,0,1.23
49,87,30.42,0,1.19
49,89,30.42,0,1.22
49,91,30.42,0,1.25
50,94,30.42,0,1.25
50,93,30.42,0,1.21
50,93,30.42,0,1.21
50,92,30.42,0,1.23
50,92,30.42,0,1.25
50,92,30.42,0,1.24
50,93,30.42,0,1.23
50,93,30.42,0,1.23
50,93,30.42,0,1.25
50,92,30.42,0,1.25
51,92,30.42,0,1.23
51,92,30.42,0,1.23
51,92,30.42,0,1.2
51,92,30.42,0,1.23
51,91,30.41,0,1.26
51,91,30.41,0,1.25
50,91,30.41,0,1.22
50,90,30.41,0,1.19
51,90,30.41,0,1.23
51,89,30.41,0,1.22
51,87,30.41,0,1.23
51,86,30.41,0,1.21
51,84,30.41,0,1.23
51,81,30.41,0,1.23
51,80,30.41,0,1.23
51,78,30.4,0,1.27
52,75,30.4,0,1.23
52,73,30.4,0,1.24
52,70,30.4,0,1.27
52,74,30.4,0,1.27
53,74,30.4,0,1.25
52,59,30.4,0,1.26
52,63,30.4,0,1.21
52,58,30.4,0,1.24
51,66,30.4,0,1.24
51,82,30.4,0,1.22
51,92,30.39,0,1.21
51,93,30.39,0,1.22
51,94,30.39,0,1.21
51,95,30.39,0,1.23
51,95,30.39,0,1.22
51,96,30.39,0,1.64
51,96,30.39,0,2.85
51,95,30.39,0,4.19
52,94,30.39,0,5.55
52,93,30.39,0,8.81
52,94,30.39,0,15.62
52,94,30.39,0,24.14
52,94,30.39,0,35.14
52,93,30.39,0,39.28
52,93,30.39,0,49.21
53,93,30.39,0,61.35
53,93,30.39,0,66.52
53,92,30.39,0,89.24
53,92,30.39,0,98.92
53,92,30.39,0,112.93
53,92,30.39,0,126.18
53,92,30.39,0,115.12
53,92,30.39,0,126.91
54,91,30.38,0,131.86
54,91,30.38,0,116.82
54,90,30.38,0,130.77
55,89,30.38,0,167.76
55,87,30.38,0,161.48
56,86,30.38,0,210.1
56,85,30.38,0,286.08
56,84,30.38,0,433.22
58,80,30.39,0,616.99
58,78,30.39,0,524.05
58,77,30.38,0,546.14
58,78,30.38,0,562.06
58,79,30.38,0,582.22
59,79,30.38,0,600.72
60,74,30.38,0,632.48
60,70,30.38,0,638.86
60,72,30.38,0,658.72
60,74,30.38,0,674.63
60,74,30.38,0,694.15
61,73,30.38,0,711.55
61,73,30.38,0,727.61
61,74,30.38,0,745.91
61,75,30.38,0,761.53
60,75,30.38,0,777.99
60,78,30.38,0,793.02
59,78,30.38,0,810.48
59,77,30.38,0,825.52
59,78,30.39,0,841.54
59,80,30.39,0,438.95
59,79,30.39,0,277.5
60,78,30.39,0,989.29
60,80,30.39,0,870.55
60,82,30.39,0,955.95
60,83,30.39,0,785.34
60,85,30.39,0,804.33
60,80,30.39,0,627.61
60,80,30.39,0,841.76
60,81,30.39,0,942.18
60,80,30.39,0,988.59
60,80,30.4,0,988.64
60,80,30.4,0,1038.66
60,77,30.4,0,1005.74
60,78,30.4,0,764.04
60,78,30.4,0,1017.85
60,80,30.4,0,1024.04
60,79,30.4,0,1031.69
59,80,30.4,0,1035.56
59,81,30.4,0,1042.73
59,81,30.41,0,1051.3
59,82,30.41,0,510.51
59,83,30.41,0,1100.92
58,84,30.41,0,765.08
59,84,30.41,0,665.41
59,83,30.41,0,1108.61
58,85,30.41,0,378.54
57,87,30.41,0,940.75
57,90,30.41,0,934.38
58,89,30.42,0,568.17
57,89,30.42,0,1009.24
58,93,30.42,0,1262.87
59,84,30.42,0,733.23
58,83,30.42,0,913.42
58,84,30.42,0,808.82
58,85,30.42,0,929.28
58,86,30.42,0,792.79
59,86,30.43,0,516.86
59,84,30.42,0,1203.23
59,82,30.43,0,991.51
59,79,30.43,0,1076.8
59,82,30.43,0,1026.84
58,84,30.43,0,1030.37
58,85,30.43,0,613.26
58,84,30.43,0,916.01
58,83,30.43,0,1111.97
58,86,30.43,0,1004.93
58,86,30.43,0,525.08
58,86,30.43,0,962.54
58,84,30.42,0,938.04
58,85,30.42,0,960.47
58,84,30.42,0,902.96
57,84,30.43,0,869.13
57,86,30.43,0,859.83
57,87,30.43,0,851.04
57,87,30.43,0,837.37
57,88,30.43,0,628.18
56,88,30.43,0,866.73
56,89,30.43,0,798.44
56,90,30.43,0,516.63
56,88,30.43,0,796.21
56,88,30.42,0,731.54
56,89,30.42,0,714.72
55,90,30.42,0,616.52
55,90,30.42,0,502.09
55,92,30.43,0,654.18
55,92,30.43,0,397.06
55,92,30.42,0,645.65
55,90,30.42,0,406.39
55,90,30.42,0,410.91
55,90,30.42,0,572.3
54,91,30.42,0,542.18
54,94,30.41,0,521.7
54,92,30.41,0,470.13
55,92,30.41,0,374.15
56,91,30.41,0,458.2
56,90,30.41,0,441.81
55,89,30.41,0,420.73
55,90,30.41,0,398.93
54,92,30.41,0,377.17
53,92,30.41,0,355.49
53,94,30.4,0,332.92
52,96,30.4,0,308.58
51,97,30.4,0,277.96
51,99,30.4,0,247.04
50,100,30.4,0,217.98
49,100,30.4,0,190.77
48,100,30.4,0,151.48
47,100,30.39,0,20.2
47,100,30.39,0,19.0
47,100,30.39,0,18.19
47,100,30.39,0,17.2
47,100,30.39,0,16.17
46,100,30.39,0,14.9
46,100,30.39,0,14.25
46,100,30.39,0,16.07
46,100,30.39,0,11.49
46,100,30.39,0,7.69
46,100,30.39,0,5.52
46,100,30.39,0,3.39
46,100,30.39,0,1.79
46,100,30.39,0,1.24
46,99,30.39,0,1.21
46,99,30.39,0,1.23
46,99,30.39,0,1.21
46,98,30.39,0,1.21
46,98,30.39,0,1.22
47,98,30.39,0,1.2
47,98,30.39,0,1.24
47,97,30.38,0,1.21
46,96,30.38,0,1.19
46,94,30.38,0,1.23
46,94,30.38,0,1.23
46,95,30.38,0,1.21
46,95,30.38,0,1.25
46,94,30.38,0,1.2
46,92,30.37,0,1.24
46,90,30.37,0,1.22
45,88,30.37,0,1.25
45,85,30.37,0,1.2
45,84,30.37,0,1.21
45,84,30.37,0,1.25
45,82,30.37,0,1.23
45,79,30.37,0,1.2
45,79,30.37,0,1.23
45,80,30.37,0,1.21
45,84,30.37,0,1.2
45,90,30.37,0,1.21
45,92,30.37,0,1.18
45,92,30.37,0,1.19
45,90,30.38,0,1.19
45,91,30.38,0,1.2
45,92,30.38,0,1.24
44,90,30.38,0,1.21
44,89,30.38,0,1.22
44,88,30.38,0,1.2
44,85,30.38,0,1.23
44,85,30.38,0,1.19
44,87,30.38,0,1.23
44,77,30.38,0,1.23
44,80,30.38,0,1.18
43,78,30.38,0,1.24
43,77,30.38,0,1.21
43,79,30.38,0,1.16
43,81,30.38,0,1.24
43,78,30.39,0,1.2
43,76,30.39,0,1.22
43,76,30.39,0,1.21
44,74,30.39,0,1.2
44,70,30.39,0,1.22
44,70,30.39,0,1.24
44,72,30.39,0,1.23
45,73,30.39,0,1.23
45,73,30.39,0,1.2
45,73,30.39,0,1.21
45,75,30.39,0,1.22
46,77,30.39,0,1.22
46,80,30.39,0,1.23
46,82,30.39,0,1.21
46,93,30.39,0,1.24
46,100,30.39,0,1.22
47,101,30.39,0,1.21
47,101,30.39,0,1.2
47,101,30.39,0,1.18
48,101,30.4,0,1.24
48,101,30.39,0,1.26
48,101,30.4,0,1.21
47,101,30.4,0,1.2
48,101,30.4,0,1.22
48,101,30.4,0,1.2
48,101,30.4,0,1.2
49,101,30.41,0,1.2
49,101,30.41,0,1.22
49,101,30.41,0,1.24
49,101,30.41,0,1.26
49,101,30.41,0,1.24
49,101,30.41,0,1.19
49,101,30.41,0,1.24
49,101,30.41,0,1.23
49,100,30.42,0,1.22
49,100,30.41,0,1.24
49,100,30.41,0,1.27
50,100,30.41,0,1.28
50,100,30.41,0,1.21
50,100,30.42,0,1.23
50,100,30.42,0,1.2
50,100,30.42,0,1.24
50,100,30.42,0,1.22
50,100,30.42,0,1.23
50,100,30.42,0,1.19
50,100,30.42,0,1.23
50,100,30.42,0,1.23
50,100,30.42,0,1.24
50,100,30.43,0,1.23
50,100,30.43,0,1.24
50,100,30.43,0,1.23
50,100,30.43,0,1.23
50,100,30.43,0,1.25
50,100,30.43,0,1.23
50,100,30.43,0,1.24
50,100,30.43,0,1.23
50,99,30.43,0,1.23
50,99,30.43,0,1.23
50,99,30.43,0,1.24
50,99,30.43,0,1.22
50,98,30.42,0,1.22
49,99,30.42,0,1.27
49,99,30.42,0,1.25
48,99,30.42,0,1.23
48,100,30.42,0,1.2
48,101,30.42,0,1.21
49,101,30.42,0,1.23
49,101,30.42,0,1.22
49,101,30.42,0,1.23
49,101,30.42,0,1.27
50,101,30.41,0,1.25
50,101,30.41,0,1.24
50,101,30.41,0,1.23
50,101,30.41,0,1.23
50,101,30.41,0,1.22
50,101,30.41,0,1.2
50,101,30.4,0,1.25
50,101,30.4,0,1.2
51,101,30.4,0,1.24
51,101,30.4,0,1.22
51,101,30.4,0,1.25
51,101,30.39,0,1.21
51,101,30.39,0,1.24
51,101,30.4,0,1.2
51,101,30.39,0,1.21
51,101,30.39,0,1.22
51,101,30.39,0,1.23
51,101,30.39,0,1.21
51,101,30.39,0,1.23
50,101,30.39,0,1.23
50,100,30.39,0,1.2
50,100,30.39,0,1.29
50,100,30.39,0,2.12
50,100,30.39,0,3.43
50,100,30.39,0,4.94
50,100,30.39,0,7.33
50,99,30.39,0,12.67
50,99,30.38,0,15.42
51,99,30.38,0,26.22
51,99,30.38,0,34.62
52,99,30.38,0,34.05
52,99,30.38,0,30.18
53,99,30.38,0,50.32
53,98,30.38,0,52.4
53,98,30.38,0,57.32
54,97,30.38,0,68.11
54,97,30.38,0,57.5
55,97,30.38,0,184.28
55,96,30.38,0,107.21
55,96,30.38,0,110.11
55,95,30.38,0,166.69
55,95,30.38,0,130.4
55,95,30.38,0,241.97
55,94,30.38,0,132.49
56,95,30.38,0,177.91
56,95,30.38,0,237.93
56,95,30.38,0,164.84
56,94,30.38,0,268.57
56,93,30.38,0,280.79
56,92,30.38,0,210.43
57,92,30.38,0,223.6
57,92,30.38,0,297.21
57,92,30.38,0,220.15
57,90,30.38,0,285.57
58,89,30.38,0,268.67
59,86,30.38,0,216.44
60,85,30.38,0,273.77
60,84,30.38,0,589.2
60,84,30.38,0,286.34
60,85,30.38,0,491.22
60,86,30.38,0,776.62
59,87,30.38,0,682.9
59,87,30.38,0,954.04
59,85,30.38,0,770.72
60,84,30.38,0,493.91
60,84,30.38,0,592.09
60,82,30.38,0,639.36
61,81,30.38,0,463.87
61,81,30.38,0,788.95
62,79,30.38,0,925.68
62,79,30.38,0,941.99
62,78,30.38,0,729.71
63,75,30.39,0,923.62
63,75,30.39,0,926.79
63,75,30.39,0,941.52
63,73,30.38,0,945.49
62,71,30.39,0,952.75
62,69,30.39,0,962.15
63,70,30.39,0,974.01
62,65,30.39,0,984.53
63,66,30.39,0,992.55
62,61,30.39,0,1001.0
63,66,30.39,0,1004.2
64,66,30.39,0,1014.38
63,64,30.39,0,1018.39
63,61,30.4,0,1023.27
64,59,30.4,0,1031.24
65,57,30.4,0,1039.15
65,57,30.4,0,1041.37
64,58,30.4,0,1044.98
64,52,30.4,0,1050.7
63,43,30.4,0,1054.22
63,39,30.41,0,1059.67
62,54,30.41,0,1060.99
62,65,30.41,0,1059.81
63,62,30.41,0,1062.79
63,65,30.41,0,1060.78
63,61,30.41,0,1061.81
63,60,30.41,0,1058.71
64,55,30.41,0,1058.63
63,52,30.42,0,1061.11
63,60,30.42,0,1052.74
63,56,30.42,0,1039.39
63,56,30.42,0,1050.03
63,54,30.42,0,1040.3
63,52,30.42,0,1027.01
62,53,30.42,0,1032.22
62,63,30.42,0,1019.08
62,64,30.42,0,968.89
62,61,30.42,0,1000.34
62,60,30.42,0,990.28
62,66,30.43,0,971.9
62,63,30.42,0,955.31
62,59,30.43,0,912.79
62,56,30.42,0,919.72
61,60,30.43,0,910.65
61,66,30.43,0,936.29
61,65,30.43,0,910.84
62,65,30.43,0,908.89
62,63,30.43,0,905.59
62,62,30.43,0,889.67
62,56,30.43,0,883.87
62,55,30.42,0,876.5
61,58,30.42,0,866.43
61,65,30.42,0,852.06
60,68,30.42,0,836.46
60,70,30.42,0,820.78
60,71,30.42,0,805.36
60,67,30.42,0,789.1
60,66,30.42,0,774.98
60,67,30.42,0,754.75
61,62,30.42,0,738.22
61,61,30.42,0,723.37
61,57,30.42,0,705.11
62,56,30.42,0,686.7
62,52,30.42,0,669.63
62,25,30.42,0,651.49
61,28,30.42,0,632.19
61,37,30.42,0,614.34
60,37,30.42,0,594.28
60,38,30.42,0,574.04
60,36,30.42,0,552.68
60,45,30.42,0,533.02
60,51,30.42,0,512.65
59,39,30.42,0,493.02
58,43,30.41,0,471.33
57,50,30.41,0,449.72
57,54,30.41,0,427.38
57,57,30.41,0,406.8
57,53,30.41,0,384.72
57,46,30.41,0,364.76
56,32,30.41,0,342.5
55,34,30.4,0,318.62
53,41,30.4,0,293.32
52,43,30.4,0,264.57
51,50,30.4,0,236.08
50,56,30.4,0,206.52
49,61,30.4,0,178.38
48,50,30.4,0,21.67
48,47,30.4,0,20.37
47,50,30.4,0,19.41
46,44,30.4,0,18.24
46,40,30.4,0,17.03
46,41,30.4,0,15.62
46,41,30.4,0,13.64
46,42,30.4,0,11.88
47,40,30.4,0,9.94
47,39,30.4,0,7.92
47,39,30.4,0,5.8
48,34,30.4,0,3.58
48,32,30.39,0,1.98
48,33,30.39,0,1.25
47,32,30.39,0,1.23
47,34,30.39,0,1.26
47,34,30.39,0,1.21
47,32,30.39,0,1.22
47,33,30.39,0,1.21
47,33,30.39,0,1.19
47,34,30.39,0,1.22
47,33,30.39,0,1.23
47,33,30.39,0,1.26
48,31,30.39,0,1.24
47,31,30.39,0,1.19
47,32,30.39,0,1.21
47,32,30.39,0,1.22
47,33,30.39,0,1.22
48,33,30.39,0,1.2
47,33,30.39,0,1.21
47,32,30.39,0,1.25
47,32,30.39,0,1.25
47,34,30.39,0,1.24
47,34,30.39,0,1.22
46,34,30.39,0,1.22
46,35,30.39,0,1.24
46,35,30.39,0,1.22
46,35,30.39,0,1.25
47,35,30.39,0,1.23
47,34,30.39,0,1.21
47,33,30.39,0,1.28
47,33,30.39,0,1.25
47,32,30.39,0,1.22
47,31,30.39,0,1.23
47,34,30.39,0,1.25
47,35,30.39,0,1.24
47,35,30.39,0,1.21
47,36,30.39,0,1.18
47,37,30.4,0,1.2
47,38,30.4,0,1.29
47,37,30.4,0,1.23
47,36,30.4,0,1.19
47,37,30.4,0,1.28
48,37,30.4,0,1.19
48,39,30.4,0,1.25
48,38,30.4,0,1.24
48,38,30.4,0,1.25
48,38,30.4,0,1.22
48,40,30.4,0,1.28
48,41,30.4,0,1.25
48,39,30.41,0,1.25
48,43,30.41,0,1.22
48,45,30.41,0,1.23
49,46,30.41,0,1.22
49,45,30.41,0,1.23
50,43,30.41,0,1.22
50,44,30.41,0,1.24
50,44,30.41,0,1.22
50,44,30.41,0,1.25
50,45,30.41,0,1.25
50,45,30.41,0,1.22
50,45,30.41,0,1.25
50,43,30.41,0,1.23
50,42,30.42,0,1.23
50,41,30.42,0,1.23
50,42,30.42,0,1.23
50,42,30.42,0,1.27
50,42,30.42,0,1.21
50,39,30.42,0,1.19
50,42,30.42,0,1.25
50,43,30.43,0,1.27
50,42,30.43,0,1.23
51,42,30.43,0,1.28
51,41,30.43,0,1.23
51,43,30.43,0,1.25
51,42,30.43,0,1.25
51,41,30.43,0,1.24
51,41,30.43,0,1.24
51,40,30.43,0,1.24
51,40,30.43,0,1.25
51,40,30.43,0,1.26
51,41,30.44,0,1.22
51,40,30.43,0,1.26
51,41,30.43,0,1.24
51,40,30.44,0,1.24
52,41,30.44,0,1.24
52,40,30.44,0,1.2
52,39,30.44,0,1.24
52,41,30.44,0,1.27
52,41,30.44,0,1.24
52,40,30.44,0,1.24
52,39,30.44,0,1.25
52,39,30.44,0,1.26
52,40,30.44,0,1.26
52,41,30.44,0,1.23
52,41,30.44,0,1.23
52,41,30.44,0,1.28
53,41,30.44,0,1.24
53,41,30.44,0,1.25
53,41,30.44,0,1.28
53,41,30.44,0,1.27
53,40,30.44,0,1.25
54,40,30.44,0,1.24
54,41,30.44,0,1.27
54,41,30.44,0,1.25
54,40,30.44,0,1.23
54,40,30.44,0,1.23
54,40,30.44,0,1.26
54,40,30.43,0,1.25
54,41,30.43,0,1.24
54,40,30.43,0,1.23
54,41,30.43,0,1.25
54,42,30.43,0,1.24
54,42,30.43,0,1.25
54,42,30.43,0,1.25
54,42,30.43,0,1.24
55,42,30.43,0,1.26
55,42,30.43,0,1.24
55,41,30.43,0,1.25
55,39,30.43,0,1.26
55,41,30.43,0,1.27
55,42,30.42,0,1.24
55,46,30.42,0,1.23
55,52,30.42,0,1.25
56,59,30.42,0,1.22
56,50,30.42,0,1.25
56,51,30.42,0,1.25
57,58,30.42,0,1.25
57,40,30.41,0,1.27
57,44,30.41,0,1.25
57,61,30.41,0,1.24
57,45,30.41,0,1.26
57,66,30.41,0,1.28
57,58,30.41,0,1.4
57,75,30.41,0,2.34
58,84,30.41,0,3.92
58,83,30.41,0,8.57
59,82,30.41,0,18.92
59,81,30.41,0,24.33
59,79,30.41,0,23.19
60,77,30.41,0,31.38
61,73,30.4,0,45.99
61,69,30.4,0,83.06
62,70,30.4,0,127.07
63,69,30.4,0,189.05
63,62,30.4,0,208.33
63,60,30.4,0,235.66
63,62,30.4,0,273.13
63,64,30.4,0,300.75
63,58,30.4,0,337.7
62,58,30.4,0,369.16
62,68,30.4,0,383.04
61,71,30.4,0,417.93
61,70,30.4,0,434.99
61,71,30.4,0,361.68
61,73,30.4,0,337.89
61,73,30.4,0,336.18
62,71,30.4,0,353.88
62,69,30.4,0,289.47
63,67,30.4,0,359.35
63,59,30.4,0,395.69
63,63,30.4,0,433.56
63,63,30.4,0,515.34
63,61,30.4,0,530.14
63,61,30.4,0,569.97
64,59,30.4,0,598.88
64,62,30.4,0,568.81
63,62,30.4,0,622.88
64,54,30.4,0,641.7
64,57,30.4,0,636.25
64,55,30.4,0,685.03
64,59,30.41,0,704.41
64,60,30.41,0,758.55
64,57,30.4,0,785.59
64,59,30.41,0,788.41
64,58,30.41,0,813.08
65,54,30.41,0,788.29
66,56,30.41,0,851.03
66,39,30.41,0,869.89
66,45,30.41,0,886.72
66,42,30.41,0,901.56
66,42,30.41,0,906.87
66,43,30.41,0,931.33
66,44,30.41,0,952.01
66,37,30.41,0,960.54
66,30,30.41,0,955.5
66,33,30.42,0,992.23
66,38,30.42,0,867.07
65,26,30.42,0,900.21
65,37,30.42,0,898.96
65,37,30.42,0,906.84
66,33,30.42,0,971.1
66,28,30.42,0,987.76
66,33,30.42,0,1019.99
66,32,30.42,0,1038.31
66,41,30.42,0,1033.49
66,27,30.43,0,1053.66
66,24,30.43,0,1056.07
66,27,30.43,0,1053.71
66,28,30.43,0,1076.17
67,27,30.43,0,1081.23
67,22,30.43,0,1055.14
67,25,30.43,0,989.61
67,22,30.43,0,1061.0
67,22,30.44,0,1058.03
67,15,30.44,0,1077.5
67,19,30.44,0,1083.74
67,26,30.44,0,1085.75
67,25,30.44,0,1071.32
67,25,30.44,0,1079.95
67,25,30.44,0,1072.26
67,24,30.44,0,1073.63
67,26,30.44,0,1069.13
67,28,30.44,0,1066.0
66,21,30.44,0,1062.78
66,25,30.45,0,1059.98
66,21,30.45,0,1052.18
66,22,30.45,0,1048.48
66,22,30.45,0,1042.8
66,21,30.45,0,1034.82
67,24,30.45,0,1025.47
67,16,30.45,0,1021.12
67,17,30.45,0,1011.08
67,21,30.45,0,1003.3
67,24,30.45,0,996.59
67,28,30.45,0,985.62
67,30,30.45,0,975.68
67,34,30.45,0,966.8
67,29,30.45,0,954.32
67,28,30.45,0,944.78
67,27,30.45,0,934.76
67,24,30.45,0,908.64
67,24,30.45,0,909.93
67,24,30.45,0,901.83
66,22,30.45,0,884.24
66,27,30.45,0,848.29
66,27,30.45,0,850.73
65,27,30.45,0,841.7
64,38,30.45,0,799.47
65,40,30.45,0,788.01
66,47,30.45,0,765.41
68,24,30.45,0,732.63
68,17,30.45,0,727.99
68,17,30.45,0,703.62
68,16,30.45,0,685.08
68,18,30.45,0,663.39
68,23,30.45,0,648.24
68,16,30.45,0,631.94
67,15,30.45,0,621.36
67,16,30.45,0,601.71
68,16,30.45,0,576.06
68,17,30.45,0,556.59
67,18,30.45,0,523.92
66,19,30.44,0,501.92
66,19,30.44,0,486.82
65,20,30.44,0,472.3
64,21,30.44,0,448.85
62,23,30.44,0,430.0
60,28,30.44,0,409.92
59,29,30.44,0,378.21
57,33,30.43,0,345.7
56,36,30.43,0,322.87
55,37,30.43,0,291.52
54,37,30.43,0,266.09
53,41,30.43,0,228.33
52,42,30.43,0,213.98
52,43,30.43,0,202.76
51,44,30.43,0,165.27
51,44,30.43,0,35.48
50,46,30.43,0,32.36
50,46,30.43,0,30.75
50,45,30.43,0,28.68
50,47,30.43,0,26.72
49,47,30.42,0,24.26
49,47,30.42,0,21.69
49,48,30.42,0,18.79
49,47,30.42,0,15.08
49,48,30.42,0,10.9
49,48,30.42,0,7.49
49,49,30.42,0,5.2
49,49,30.42,0,2.72
48,48,30.42,0,1.25
48,49,30.42,0,1.24
48,49,30.42,0,1.23
48,48,30.42,0,1.22
49,49,30.42,0,1.21
49,48,30.42,0,1.21
49,48,30.42,0,1.23
49,47,30.42,0,1.21
49,48,30.42,0,1.24
49,46,30.42,0,1.24
49,47,30.41,0,1.25
49,48,30.41,0,1.23
49,48,30.41,0,1.24
49,48,30.41,0,1.19
48,49,30.41,0,1.24
48,51,30.41,0,1.24
48,51,30.41,0,1.22
48,51,30.41,0,1.24
48,50,30.41,0,1.23
47,51,30.41,0,1.22
47,51,30.41,0,1.25
47,52,30.41,0,1.18
48,51,30.41,0,1.22
48,51,30.41,0,1.2
48,51,30.41,0,1.24
48,51,30.41,0,1.21
48,51,30.41,0,1.25
48,50,30.41,0,1.26
48,51,30.41,0,1.25
48,50,30.41,0,1.26
48,51,30.41,0,1.2
48,51,30.41,0,1.17
48,51,30.41,0,1.22
48,51,30.41,0,1.24
48,51,30.41,0,1.25
48,51,30.42,0,1.17
48,49,30.42,0,1.2
48,49,30.42,0,1.22
48,48,30.42,0,1.25
48,48,30.42,0,1.22
48,48,30.42,0,1.24
48,48,30.42,0,1.25
48,49,30.42,0,1.24
48,49,30.42,0,1.26
48,50,30.42,0,1.22
48,48,30.42,0,1.24
48,47,30.42,0,1.27
48,48,30.42,0,1.23
48,48,30.43,0,1.22
48,47,30.43,0,1.25
48,49,30.43,0,1.28
48,48,30.43,0,1.25
48,48,30.43,0,1.25
48,47,30.43,0,1.22
48,47,30.44,0,1.22
48,47,30.44,0,1.26
48,47,30.44,0,1.22
48,48,30.44,0,1.24
48,43,30.45,0,1.26
49,43,30.45,0,1.22
49,41,30.45,0,1.26
49,41,30.45,0,1.25
49,41,30.45,0,1.24
49,41,30.45,0,1.25
49,42,30.46,0,1.22
49,44,30.46,0,1.26
49,44,30.46,0,1.25
50,43,30.46,0,1.22
50,41,30.46,0,1.24
50,40,30.46,0,1.23
50,39,30.46,0,1.22
50,41,30.46,0,1.25
50,40,30.46,0,1.25
50,40,30.46,0,1.24
50,39,30.46,0,1.24
50,38,30.46,0,1.25
50,37,30.46,0,1.23
50,37,30.46,0,1.23
50,37,30.46,0,1.25
50,37,30.46,0,1.24
50,38,30.46,0,1.21
50,39,30.46,0,1.23
50,40,30.47,0,1.24
50,39,30.47,0,1.24
50,46,30.47,0,1.26
51,41,30.47,0,1.26
51,40,30.47,0,1.27
51,40,30.47,0,1.24
51,41,30.47,0,1.28
51,40,30.47,0,1.26
51,42,30.47,0,1.25
51,45,30.47,0,1.24
52,49,30.47,0,1.23
52,47,30.47,0,1.27
53,54,30.47,0,1.26
53,57,30.47,0,1.25
53,58,30.47,0,1.26
53,60,30.47,0,1.26
53,63,30.46,0,1.26
53,69,30.46,0,1.24
53,68,30.46,0,1.27
54,68,30.46,0,1.23
54,63,30.46,0,1.27
54,67,30.46,0,1.22
53,68,30.46,0,1.26
54,70,30.45,0,1.31
54,72,30.45,0,1.22
54,72,30.45,0,1.23
54,72,30.45,0,1.22
54,72,30.45,0,1.27
54,73,30.45,0,1.27
53,69,30.45,0,1.27
53,73,30.44,0,1.22
53,76,30.44,0,1.21
53,77,30.44,0,1.26
53,75,30.44,0,1.31
53,79,30.44,0,1.27
53,81,30.44,0,1.26
53,81,30.44,0,1.28
52,99,30.44,0,1.25
52,100,30.43,0,1.3
52,100,30.43,0,1.24
52,100,30.43,0,1.24
53,100,30.43,0,1.24
54,101,30.43,0,1.26
54,101,30.43,0,1.26
54,101,30.43,0,1.28
54,101,30.43,0,1.24
54,101,30.43,0,1.91
54,101,30.43,0,3.71
54,101,30.43,0,5.05
54,101,30.43,0,6.52
53,101,30.43,0,8.38
53,101,30.43,0,13.05
53,101,30.42,0,20.93
53,101,30.42,0,24.29
53,101,30.42,0,35.91
53,101,30.42,0,47.58
53,101,30.42,0,53.16
53,101,30.42,0,42.55
53,101,30.42,0,42.6
53,101,30.42,0,56.59
53,101,30.42,0,54.84
53,101,30.42,0,70.75
53,101,30.42,0,100.0
53,100,30.42,0,116.5
53,100,30.42,0,103.11
53,100,30.42,0,100.87
53,100,30.42,0,113.88
54,100,30.42,0,95.0
54,100,30.42,0,81.41
54,100,30.42,0,76.75
54,100,30.42,0,89.97
54,100,30.42,0,196.66
54,100,30.42,0,130.14
54,100,30.42,0,126.86
55,100,30.42,0,145.01
55,100,30.42,0,122.01
55,100,30.42,0,154.81
55,100,30.42,0,192.87
55,100,30.42,0,176.75
55,99,30.42,0,185.9
55,99,30.43,0,188.57
55,99,30.43,0,212.63
55,99,30.43,0,234.31
55,98,30.43,0,179.21
55,98,30.43,0,172.33
55,98,30.43,0,195.74
56,98,30.43,0,198.19
56,97,30.43,0,280.14
56,97,30.43,0,328.09
56,96,30.43,0,294.44
57,94,30.43,0,297.1
57,92,30.44,0,216.82
58,93,30.44,0,384.49
59,90,30.44,0,476.45
59,88,30.44,0,321.62
61,86,30.44,0,519.29
62,85,30.44,0,1147.7
62,84,30.44,0,972.72
62,84,30.44,0,754.26
62,84,30.44,0,1026.69
62,84,30.44,0,675.8
62,84,30.45,0,1056.06
62,81,30.45,0,995.47
62,83,30.45,0,933.71
62,82,30.45,0,936.29
62,82,30.45,0,995.19
62,83,30.45,0,995.95
62,81,30.45,0,1012.1
62,81,30.45,0,1032.35
62,80,30.46,0,1021.62
62,82,30.45,0,1019.14
61,82,30.46,0,1029.12
62,80,30.46,0,1028.58
62,78,30.46,0,1032.72
62,78,30.46,0,1030.59
62,76,30.46,0,1033.68
63,77,30.46,0,1033.32
62,78,30.46,0,1035.95
62,77,30.47,0,1040.38
61,78,30.47,0,1042.41
62,76,30.47,0,1039.52
62,74,30.47,0,1038.32
62,70,30.47,0,1033.25
62,70,30.47,0,1028.78
62,67,30.48,0,1026.49
62,63,30.48,0,1020.61
62,61,30.48,0,1016.9
62,63,30.48,0,1012.33
62,66,30.48,0,1006.77
62,59,30.48,0,1000.51
62,64,30.48,0,992.82
62,65,30.48,0,985.95
62,64,30.48,0,978.62
62,60,30.48,0,969.27
62,60,30.48,0,960.21
63,56,30.48,0,952.34
63,55,30.48,0,944.14
63,57,30.48,0,933.75
63,58,30.48,0,921.61
63,54,30.48,0,913.46
63,49,30.48,0,890.38
63,54,30.48,0,875.84
63,52,30.49,0,865.21
63,55,30.48,0,851.98
63,54,30.48,0,837.6
63,56,30.48,0,823.2
63,59,30.48,0,808.55
63,58,30.48,0,793.94
63,59,30.48,0,780.78
63,60,30.48,0,763.85
63,58,30.48,0,748.52
62,66,30.48,0,732.31
62,64,30.48,0,715.61
62,67,30.48,0,699.26
62,67,30.48,0,681.3
62,69,30.48,0,663.77
62,72,30.48,0,645.55
61,70,30.48,0,626.78
61,75,30.48,0,607.84
61,76,30.47,0,589.11
61,72,30.47,0,570.94
61,81,30.47,0,550.44
61,79,30.47,0,530.83
61,83,30.47,0,510.85
60,75,30.47,0,490.41
60,82,30.47,0,470.03
60,79,30.47,0,448.84
59,81,30.47,0,428.43
58,84,30.46,0,406.92
58,87,30.46,0,387.01
56,93,30.46,0,346.79
56,94,30.46,0,326.09
56,93,30.46,0,303.06
55,87,30.45,0,273.56
54,90,30.45,0,246.8
53,92,30.45,0,219.05
52,95,30.45,0,192.37
51,97,30.45,0,166.44
51,98,30.45,0,20.52
50,96,30.44,0,19.12
50,98,30.44,0,18.25
50,98,30.44,0,17.29
50,100,30.44,0,16.1
50,100,30.44,0,14.89
50,100,30.44,0,13.44
50,100,30.44,0,11.66
50,100,30.44,0,9.56
50,100,30.44,0,7.48
50,100,30.44,0,5.51
50,100,30.44,0,3.5
50,100,30.44,0,1.96
50,100,30.44,0,1.27
51,101,30.44,0,1.2
50,101,30.44,0,1.27
50,100,30.43,0,1.22
51,100,30.44,0,1.26
51,101,30.43,0,1.24
51,101,30.43,0,1.22
51,101,30.43,0,1.25
51,101,30.43,0,1.23
51,101,30.43,0,1.25
51,101,30.43,0,1.25
51,101,30.43,0,1.23
51,100,30.43,0,1.21
51,101,30.43,0,1.28
51,100,30.43,0,1.22
52,100,30.43,0,1.2
52,100,30.43,0,1.27
52,100,30.43,0,1.28
52,100,30.43,0,1.26
52,100,30.43,0,1.2
52,100,30.43,0,1.23
52,100,30.43,0,1.26
52,100,30.43,0,1.25
52,100,30.43,0,1.26
52,100,30.44,0,1.28
52,100,30.44,0,1.26
52,100,30.44,0,1.21
51,100,30.44,0,1.26
51,100,30.44,0,1.25
51,100,30.44,0,1.25
51,99,30.44,0,1.27
51,99,30.44,0,1.25
51,99,30.44,0,1.25
51,99,30.44,0,1.25
51,99,30.44,0,1.24
51,98,30.45,0,1.25
51,98,30.45,0,1.25
51,97,30.45,0,1.23
51,97,30.45,0,1.23
50,96,30.45,0,1.26
50,94,30.45,0,1.21
50,92,30.45,0,1.23
50,92,30.45,0,1.23
50,93,30.45,0,1.27
50,93,30.45,0,1.22
50,93,30.46,0,1.19
50,92,30.46,0,1.24
51,93,30.46,0,1.24
51,94,30.46,0,1.25
51,92,30.46,0,1.24
51,91,30.46,0,1.23
51,89,30.46,0,1.25
51,86,30.46,0,1.27
51,86,30.46,0,1.27
50,84,30.47,0,1.21
51,84,30.47,0,1.22
50,84,30.47,0,1.25
50,84,30.47,0,1.23
51,84,30.47,0,1.24
51,84,30.47,0,1.24
51,84,30.47,0,1.26
51,85,30.47,0,1.21
51,86,30.47,0,1.25
51,85,30.47,0,1.22
51,85,30.48,0,1.25
51,85,30.48,0,1.25
51,86,30.48,0,1.22
51,86,30.48,0,1.25
51,87,30.48,0,1.2
51,86,30.48,0,1.23
51,86,30.49,0,1.22
52,85,30.49,0,1.22
52,85,30.49,0,1.23
51,85,30.49,0,1.23
52,85,30.49,0,1.25
52,84,30.49,0,1.27
52,84,30.49,0,1.26
52,84,30.49,0,1.23
52,84,30.49,0,1.25
52,84,30.49,0,1.22
52,83,30.49,0,1.28
52,83,30.49,0,1.26
52,83,30.49,0,1.26
52,83,30.49,0,1.29
52,83,30.49,0,1.28
52,83,30.49,0,1.22
52,83,30.49,0,1.26
52,83,30.49,0,1.26
52,83,30.49,0,1.22
52,83,30.49,0,1.26
52,83,30.49,0,1.22
52,83,30.5,0,1.27
52,83,30.49,0,1.27
53,83,30.5,0,1.2
53,83,30.49,0,1.23
53,83,30.49,0,1.26
53,84,30.49,0,1.26
53,86,30.49,0,1.26
53,85,30.49,0,1.25
53,87,30.49,0,1.27
53,84,30.49,0,1.25
53,82,30.49,0,1.25
53,81,30.49,0,1.24
53,81,30.48,0,1.28
53,82,30.48,0,1.26
53,81,30.48,0,1.26
53,80,30.48,0,1.28
53,81,30.48,0,1.22
53,81,30.48,0,1.23
53,81,30.48,0,1.25
53,80,30.48,0,1.24
53,79,30.48,0,1.22
53,79,30.47,0,1.23
53,79,30.47,0,1.25
53,79,30.47,0,1.26
53,79,30.47,0,1.23
54,79,30.47,0,1.25
54,78,30.47,0,1.27
54,77,30.47,0,1.25
54,78,30.47,0,1.24
54,77,30.47,0,1.25
54,77,30.46,0,1.22
54,76,30.46,0,1.22
54,78,30.46,0,1.24
54,79,30.47,0,1.24
54,78,30.47,0,1.2
54,78,30.46,0,1.23
54,78,30.46,0,1.27
54,80,30.46,0,1.2
55,84,30.46,0,1.28
55,83,30.46,0,1.2
55,85,30.46,0,1.46
55,85,30.46,0,2.28
55,83,30.46,0,3.41
55,81,30.46,0,7.25
56,82,30.46,0,11.45
56,81,30.46,0,15.18
56,80,30.46,0,19.87
57,79,30.46,0,25.21
57,80,30.46,0,33.82
57,79,30.46,0,51.79
57,79,30.45,0,67.32
57,78,30.45,0,89.96
57,78,30.45,0,126.24
58,77,30.45,0,133.58
58,76,30.45,0,126.62
58,76,30.45,0,177.51
58,77,30.45,0,170.24
58,81,30.45,0,178.18
58,82,30.45,0,176.57
58,81,30.45,0,247.31
57,84,30.45,0,191.76
57,87,30.45,0,204.5
58,89,30.45,0,200.14
58,90,30.45,0,202.15
58,85,30.45,0,211.67
58,86,30.45,0,224.02
59,87,30.45,0,242.95
59,83,30.45,0,256.24
59,84,30.45,0,295.8
59,82,30.45,0,398.47
59,86,30.45,0,344.46
59,83,30.45,0,371.29
59,84,30.45,0,357.99
59,83,30.45,0,362.31
60,85,30.45,0,361.57
60,83,30.45,0,384.05
60,85,30.45,0,448.99
60,84,30.45,0,465.01
60,84,30.45,0,443.25
60,86,30.45,0,556.76
60,87,30.45,0,593.34
59,87,30.45,0,556.8
59,88,30.45,0,533.43
59,90,30.45,0,544.55
59,90,30.45,0,470.02
59,90,30.45,0,437.79
59,90,30.46,0,417.91
59,91,30.45,0,423.66
59,90,30.46,0,441.82
59,91,30.46,0,467.81
59,91,30.46,0,458.11
59,89,30.46,0,506.58
60,91,30.46,0,539.97
60,91,30.46,0,602.96
59,91,30.46,0,622.34
60,91,30.46,0,584.23
60,91,30.46,0,590.95
60,89,30.46,0,574.88
60,88,30.46,0,589.97
60,90,30.47,0,692.36
60,88,30.47,0,770.26
60,90,30.47,0,772.43
60,90,30.47,0,780.3
60,90,30.47,0,780.69
59,93,30.47,0,670.39
59,93,30.47,0,733.33
59,93,30.47,0,586.3
59,92,30.47,0,588.75
59,93,30.47,0,782.21
59,92,30.48,0,714.25
59,92,30.48,0,755.93
59,93,30.48,0,724.16
59,93,30.48,0,719.45
59,94,30.48,0,805.97
58,95,30.48,0,595.22
58,98,30.48,0,899.44
58,98,30.49,0,673.68
58,99,30.48,0,720.55
58,99,30.48,0,673.09
57,100,30.48,0,630.88
57,100,30.48,0,674.71
57,101,30.49,0,633.13
57,100,30.49,0,526.78
57,100,30.49,0,524.72
57,100,30.49,0,516.3
57,100,30.49,0,431.58
57,100,30.49,0,363.03
58,100,30.49,0,337.35
57,100,30.49,0,359.19
58,100,30.49,0,273.75
58,100,30.49,0,332.31
57,98,30.49,0,323.7
58,98,30.49,0,235.13
59,97,30.49,0,408.85
59,96,30.49,0,342.9
59,94,30.49,0,418.93
59,94,30.49,0,599.0
60,94,30.5,0,422.37
59,96,30.49,0,630.07
58,98,30.49,0,629.39
58,99,30.49,0,345.57
58,101,30.49,0,701.29
58,101,30.49,0,855.52
58,102,30.49,0,715.81
57,102,30.49,0,839.12
56,101,30.49,0,657.51
56,101,30.49,0,591.29
56,101,30.49,0,405.47
56,101,30.49,0,455.61
56,101,30.49,0,369.63
56,101,30.49,0,278.09
56,101,30.49,0,510.67
56,101,30.49,0,313.24
56,101,30.49,0,262.44
56,101,30.49,0,329.99
56,101,30.49,0,421.89
56,101,30.49,0,499.08
56,101,30.49,0,427.99
56,101,30.49,0,379.05
55,101,30.48,0,380.02
55,101,30.48,0,247.92
55,101,30.49,0,175.9
55,101,30.48,0,185.64
55,101,30.48,0,194.33
55,101,30.48,0,197.12
55,101,30.48,0,207.86
55,101,30.48,0,198.3
55,101,30.48,0,167.42
55,101,30.48,0,87.75
55,101,30.48,0,94.61
55,101,30.47,0,101.29
55,101,30.47,0,106.75
55,101,30.47,0,156.75
54,101,30.47,0,136.57
54,101,30.47,0,132.54
54,101,30.47,0,111.33
54,101,30.47,0,96.47
54,101,30.47,0,85.49
54,101,30.47,0,72.42
54,101,30.47,0,70.74
54,101,30.47,0,59.57
54,101,30.47,0,25.69
54,101,30.47,0,16.11
54,100,30.46,0,11.34
54,100,30.46,0,8.84
54,100,30.46,0,6.46
54,100,30.46,0,3.82
54,100,30.46,0,2.53
53,100,30.46,0,1.56
53,100,30.45,0,1.24
53,100,30.45,0,1.23
53,100,30.45,0,1.22
53,99,30.45,0,1.22
53,99,30.45,0,1.25
53,99,30.45,0,1.25
53,99,30.45,0,1.22
53,98,30.45,0,1.24
53,97,30.45,0,1.2
53,97,30.45,0,1.23
53,97,30.45,0,1.25
53,97,30.45,0,1.22
53,97,30.45,0,1.25
53,96,30.45,0,1.22
53,96,30.44,0,1.22
53,96,30.44,0,1.25
53,95,30.44,0,1.26
53,94,30.44,0,1.25
53,95,30.44,0,1.23
53,95,30.44,0,1.26
53,96,30.44,0,1.25
53,95,30.44,0,1.2
53,96,30.44,0,1.28
53,96,30.44,0,1.22
53,96,30.44,0,1.23
53,96,30.44,0,1.24
53,95,30.44,0,1.26
53,94,30.44,0,1.19
53,94,30.44,0,1.27
53,94,30.44,0,1.3
53,95,30.44,0,1.23
53,96,30.44,0,1.22
53,96,30.44,0,1.24
53,96,30.44,0,1.23
53,97,30.44,0,1.26
53,97,30.44,0,1.26
53,98,30.44,0,1.26
53,98,30.44,0,1.26
53,99,30.45,0,1.23
53,99,30.45,0,1.23
53,99,30.45,0,1.24
53,99,30.45,0,1.23
53,99,30.45,0,1.21
54,99,30.45,0,1.23
54,99,30.46,0,1.24
54,99,30.46,0,1.25
54,99,30.45,0,1.24
54,99,30.45,0,1.24
54,98,30.45,0,1.26
54,98,30.45,0,1.25
54,98,30.45,0,1.22
54,98,30.45,0,1.28
54,97,30.46,0,1.25
54,96,30.46,0,1.26
54,97,30.46,0,1.24
54,97,30.46,0,1.23
54,97,30.46,0,1.27
54,97,30.47,0,1.23
54,97,30.47,0,1.29
54,97,30.47,0,1.23
54,96,30.47,0,1.27
54,96,30.47,0,1.25
54,96,30.47,0,1.25
54,95,30.47,0,1.26
54,95,30.48,0,1.24
54,96,30.47,0,1.24
53,96,30.48,0,1.26
54,96,30.48,0,1.28
54,96,30.48,0,1.23
54,96,30.48,0,1.27
54,96,30.48,0,1.21
54,96,30.48,0,1.25
54,95,30.48,0,1.23
54,95,30.48,0,1.22
54,95,30.48,0,1.23
53,95,30.48,0,1.27
53,95,30.48,0,1.25
53,95,30.47,0,1.27
53,96,30.48,0,1.22
53,96,30.48,0,1.24
53,97,30.48,0,1.24
53,97,30.48,0,1.2
53,98,30.48,0,1.25
54,98,30.48,0,1.25
53,98,30.48,0,1.27
53,98,30.48,0,1.23
54,98,30.48,0,1.24
54,98,30.48,0,1.27
54,97,30.48,0,1.24
54,97,30.48,0,1.23
54,97,30.48,0,1.28
54,97,30.48,0,1.27
54,97,30.48,0,1.26
54,97,30.48,0,1.26
54,97,30.49,0,1.26
54,96,30.48,0,1.26
54,96,30.48,0,1.22
54,96,30.48,0,1.28
54,96,30.48,0,1.26
54,95,30.48,0,1.22
55,95,30.48,0,1.23
55,95,30.48,0,1.26
55,94,30.48,0,1.18
55,94,30.48,0,1.22
55,94,30.48,0,1.23
54,94,30.48,0,1.26
54,94,30.48,0,1.23
54,94,30.47,0,1.27
54,94,30.47,0,1.26
54,95,30.47,0,1.21
54,95,30.47,0,1.25
54,96,30.47,0,1.25
54,96,30.47,0,1.25
54,95,30.47,0,1.22
54,96,30.47,0,1.26
54,95,30.47,0,1.21
54,96,30.47,0,1.27
54,96,30.47,0,1.26
54,95,30.47,0,1.22
54,95,30.47,0,1.24
54,95,30.47,0,1.25
54,95,30.47,0,1.26
54,96,30.47,0,1.26
54,97,30.46,0,1.23
54,97,30.46,0,1.25
54,97,30.46,0,1.25
54,96,30.46,0,1.25
54,96,30.46,0,1.29
54,97,30.46,0,1.22
54,97,30.46,0,1.25
54,97,30.46,0,1.27
54,97,30.45,0,1.28
54,96,30.45,0,1.44
55,96,30.45,0,3.4
55,96,30.45,0,7.05
55,95,30.45,0,10.56
55,96,30.45,0,16.84
55,96,30.44,0,24.87
55,97,30.44,0,32.76
56,97,30.44,0,52.46
56,97,30.44,0,87.65
56,96,30.44,0,144.23
56,96,30.44,0,98.76
57,94,30.44,0,88.13
57,93,30.44,0,158.03
58,94,30.44,0,163.0
57,95,30.43,0,209.56
57,96,30.43,0,244.17
57,97,30.43,0,238.79
56,97,30.43,0,266.04
57,97,30.44,0,153.87
57,97,30.44,0,261.2
56,97,30.44,0,372.3
56,97,30.44,0,355.46
57,95,30.44,0,161.6
57,95,30.44,0,229.41
58,95,30.44,0,515.89
58,94,30.44,0,294.81
58,96,30.44,0,409.63
57,95,30.43,0,402.45
57,99,30.43,0,389.5
56,100,30.43,0,497.27
56,100,30.43,0,487.44
55,101,30.43,0,389.85
55,100,30.43,0,484.63
54,100,30.44,0,568.24
54,100,30.44,0,494.36
54,100,30.44,0,440.79
54,99,30.45,0,506.15
54,99,30.44,0,322.56
54,99,30.45,0,409.59
54,99,30.45,0,228.19
54,99,30.45,0,278.95
54,98,30.45,0,207.68
55,98,30.45,0,197.67
55,97,30.45,0,234.8
55,97,30.45,0,359.53
56,96,30.46,0,259.01
56,94,30.45,0,175.39
57,93,30.46,0,231.2
57,90,30.46,0,432.2
57,90,30.46,0,348.48
57,90,30.46,0,458.04
56,91,30.46,0,453.36
56,92,30.46,0,597.78
56,91,30.46,0,387.11
57,90,30.46,0,361.07
57,90,30.46,0,434.32
58,88,30.46,0,320.35
58,89,30.46,0,878.57
58,86,30.46,0,434.84
59,86,30.47,0,1078.33
60,84,30.46,0,1283.7
60,83,30.46,0,917.41
60,83,30.47,0,1119.79
60,84,30.47,0,1161.83
60,84,30.47,0,1164.28
60,83,30.47,0,1049.95
60,83,30.47,0,1115.32
59,83,30.47,0,798.99
59,84,30.48,0,1224.36
59,83,30.48,0,1286.85
60,83,30.47,0,1131.33
60,82,30.47,0,1052.89
60,87,30.48,0,1190.96
59,84,30.48,0,1171.55
59,83,30.48,0,376.85
59,83,30.48,0,492.82
58,82,30.48,0,646.14
58,82,30.48,0,767.42
58,80,30.48,0,474.52
59,81,30.48,0,381.66
59,78,30.48,0,366.98
59,79,30.48,0,484.65
59,78,30.48,0,513.47
59,78,30.48,0,715.05
59,79,30.48,0,705.58
59,79,30.48,0,629.29
59,80,30.49,0,789.73
58,83,30.49,0,1115.47
58,81,30.49,0,851.81
58,83,30.49,0,784.54
57,84,30.49,0,737.78
57,83,30.49,0,1155.24
57,83,30.49,0,436.76
58,83,30.49,0,407.41
58,83,30.49,0,352.87
57,90,30.49,0,806.31
55,92,30.48,0,826.01
55,93,30.48,0,344.38
55,92,30.49,0,276.13
54,91,30.49,0,327.73
54,91,30.49,0,315.61
54,91,30.49,0,333.5
54,91,30.49,0,337.29
54,90,30.49,0,303.66
54,91,30.49,0,598.01
54,90,30.48,0,301.66
54,91,30.48,0,487.56
54,93,30.48,0,705.66
53,93,30.47,0,509.56
53,95,30.47,0,286.77
53,97,30.47,0,401.14
52,98,30.47,0,525.8
52,99,30.47,0,399.53
52,99,30.47,0,284.41
52,99,30.46,0,263.55
52,99,30.46,0,215.3
51,100,30.45,0,269.27
51,100,30.45,0,147.48
51,99,30.44,0,143.46
51,99,30.45,0,216.68
51,99,30.45,0,216.68
54,94,30.41,0,45.81
53,93,30.41,0,57.52
53,93,30.41,0,62.46
54,89,30.41,0,95.06
53,86,30.43,0,213.91
53,88,30.43,0,181.57
53,85,30.43,0,83.62
53,92,30.44,0,94.62
53,91,30.44,0,84.99
53,90,30.44,0,80.65
54,86,30.45,0,81.27
54,88,30.46,0,67.75
54,95,30.47,0,61.71
55,92,30.47,0,59.48
55,91,30.46,0,69.91
55,90,30.46,0,133.57
55,94,30.46,0,167.11
54,99,30.47,0,212.75
54,100,30.47,0,222.66
53,100,30.47,0,220.87
53,101,30.47,0,219.13
53,101,30.47,0,194.96
52,101,30.47,0,150.52
52,101,30.47,0,121.03
52,101,30.47,0,123.14
52,101,30.47,0,145.18
52,101,30.47,0,152.23
52,101,30.46,0,155.7
51,100,30.46,0,154.53
51,100,30.47,0,131.34
51,100,30.47,0,79.03
51,100,30.47,0,71.63
51,100,30.47,0,50.41
51,100,30.47,0,34.95
51,100,30.47,0,50.43
50,100,30.47,0,35.2
50,100,30.46,0,26.77
50,100,30.46,0,24.66
50,99,30.46,0,23.54
51,99,30.46,0,24.38
51,99,30.46,0,26.02
51,99,30.46,0,33.69
50,98,30.45,0,30.31
50,99,30.45,0,57.84
50,99,30.44,0,73.87
50,99,30.44,0,92.16
50,99,30.43,0,104.48
49,99,30.44,0,99.69
49,99,30.43,0,91.43
49,99,30.43,0,75.39
49,99,30.43,0,60.86
49,99,30.43,0,58.7
49,99,30.43,0,60.04
48,98,30.43,0,55.36
48,98,30.44,0,45.97
48,98,30.44,0,37.97
48,98,30.44,0,38.27
48,98,30.43,0,42.49
48,98,30.43,0,39.53
48,98,30.43,0,29.49
48,98,30.43,0,21.06
48,99,30.43,0,14.5
49,99,30.43,0,9.66
48,99,30.43,0,7.49
48,100,30.43,0,5.9
48,100,30.43,0,4.16
48,100,30.43,0,2.6
48,99,30.42,0,1.97
48,99,30.42,0,2.05
48,99,30.41,0,1.44
48,99,30.41,0,1.26
48,99,30.41,0,1.21
48,99,30.41,0,1.23
48,99,30.4,0,1.25
48,99,30.4,0,1.24
48,99,30.41,0,1.21
48,99,30.41,0,1.21
49,99,30.41,0,1.21
49,99,30.41,0,1.27
49,99,30.41,0,1.22
49,99,30.41,0,1.26
49,99,30.42,0,1.21
49,99,30.42,0,1.2
49,98,30.43,0,1.25
49,98,30.43,0,1.25
49,98,30.42,0,1.23
49,98,30.42,0,1.22
48,98,30.41,0,1.22
48,98,30.41,0,1.2
48,97,30.41,0,1.2
48,97,30.4,0,1.22
48,97,30.4,0,1.2
49,97,30.41,0,1.24
49,96,30.41,0,1.21
49,96,30.42,0,1.21
49,93,30.42,0,1.21
49,92,30.41,0,1.25
49,93,30.41,0,1.27
49,94,30.41,0,1.23
48,95,30.4,0,1.22
48,94,30.4,0,1.25
48,94,30.4,0,1.24
48,95,30.4,0,1.24
48,95,30.4,0,1.22
48,96,30.4,0,1.21
48,97,30.4,0,1.2
48,97,30.4,0,1.24
48,98,30.41,0,1.22
48,98,30.41,0,1.24
49,99,30.41,0,1.22
49,100,30.42,0,1.21
49,100,30.43,0,1.24
49,100,30.43,0,1.22
50,100,30.43,0,1.24
50,100,30.43,0,1.23
50,101,30.43,0,1.23
49,100,30.44,0,1.23
49,100,30.44,0,1.25
48,100,30.43,0,1.23
48,99,30.43,0,1.26
48,99,30.43,0,1.23
48,99,30.43,0,1.23
48,99,30.42,0,1.24
48,99,30.42,0,1.23
48,99,30.42,0,1.22
48,99,30.42,0,1.21
48,98,30.43,0,1.25
48,98,30.43,0,1.22
48,97,30.43,0,1.23
48,97,30.43,0,1.23
48,96,30.43,0,1.22
49,96,30.43,0,1.21
49,96,30.44,0,1.23
49,96,30.44,0,1.24
49,96,30.44,0,1.23
49,95,30.44,0,1.24
49,96,30.44,0,1.25
50,97,30.44,0,1.23
50,96,30.44,0,1.24
51,95,30.44,0,1.26
51,94,30.44,0,1.24
51,94,30.44,0,1.27
50,95,30.45,0,1.25
50,95,30.44,0,1.23
50,95,30.45,0,1.21
50,96,30.45,0,1.25
50,98,30.45,0,1.23
50,99,30.45,0,1.24
50,100,30.45,0,1.21
50,100,30.45,0,1.23
51,101,30.46,0,1.22
51,101,30.46,0,1.23
51,100,30.46,0,1.23
51,101,30.46,0,1.21
51,100,30.46,0,1.23
51,100,30.46,0,1.24
51,100,30.47,0,1.24
51,100,30.47,0,1.25
51,100,30.46,0,1.22
51,100,30.46,0,1.24
51,100,30.46,0,1.26
51,100,30.46,0,1.24
51,100,30.46,0,1.22
51,100,30.46,0,1.22
51,99,30.46,0,1.25
51,99,30.46,0,1.24
52,99,30.46,0,1.27
52,99,30.46,0,1.24
52,99,30.46,0,1.25
52,99,30.46,0,1.23
52,99,30.46,0,1.23
52,99,30.46,0,1.22
52,99,30.46,0,1.22
51,99,30.46,0,1.18
51,99,30.46,0,1.26
51,100,30.46,0,1.27
51,100,30.46,0,1.26
51,100,30.46,0,1.24
51,100,30.46,0,1.25
51,100,30.46,0,1.21
51,100,30.46,0,1.25
51,100,30.46,0,1.23
51,100,30.46,0,1.23
50,100,30.46,0,1.24
50,101,30.45,0,1.21
50,101,30.45,0,1.23
50,101,30.45,0,1.19
50,101,30.45,0,1.25
50,101,30.45,0,1.25
50,101,30.45,0,1.24
50,101,30.45,0,1.25
50,101,30.45,0,1.69
50,101,30.44,0,1.76
50,101,30.44,0,1.78
50,101,30.44,0,1.61
50,100,30.44,0,1.68
50,100,30.43,0,1.59
50,100,30.43,0,1.62
51,100,30.43,0,1.62
51,100,30.43,0,1.76
51,99,30.42,0,1.76
52,100,30.42,0,1.77
54,100,30.42,0,1.82
54,100,30.42,0,1.78
55,100,30.42,0,1.73
55,100,30.42,0,2.55
54,100,30.41,0,5.14
55,100,30.41,0,8.54
55,100,30.41,0,10.68
55,99,30.41,0,8.42
55,99,30.41,0,5.48
55,99,30.41,0,5.49
55,99,30.41,0,6.22
55,98,30.41,0,20.99
55,98,30.41,0,19.91
56,98,30.4,0,25.06
56,97,30.4,0,66.82
56,97,30.4,0,87.17
57,97,30.4,0,76.73
57,95,30.4,0,62.82
57,94,30.4,0,81.58
57,95,30.4,0,101.78
57,97,30.4,0,117.44
57,98,30.4,0,389.4
56,98,30.4,0,417.02
56,99,30.4,0,195.95
56,99,30.4,0,569.58
56,99,30.4,0,538.92
55,99,30.4,0,241.36
55,99,30.4,0,155.67
55,99,30.41,0,133.7
55,99,30.41,0,95.32
55,99,30.41,0,93.18
56,99,30.41,0,38.99
56,98,30.41,0,52.02
56,98,30.41,0,84.93
57,98,30.41,0,48.33
57,98,30.41,0,68.72
57,98,30.41,0,187.42
58,99,30.41,0,403.24
57,99,30.41,0,735.57
57,99,30.41,0,467.27
57,99,30.41,0,532.63
56,98,30.41,0,635.68
56,98,30.41,0,309.27
56,98,30.41,0,170.04
56,97,30.41,0,173.89
56,97,30.41,0,222.28
55,94,30.41,0,266.39
55,95,30.41,0,310.44
56,95,30.41,0,197.65
56,91,30.42,0,82.98
57,83,30.41,0,47.99
59,76,30.41,0,33.94
60,74,30.41,0,44.94
60,79,30.4,0,93.91
61,83,30.4,0,158.42
61,81,30.41,0,239.88
62,78,30.41,0,425.46
61,89,30.41,0,416.18
60,89,30.41,0,528.74
60,83,30.42,0,363.22
61,84,30.42,0,243.46
61,75,30.42,0,185.26
62,78,30.42,0,127.26
65,68,30.42,0,148.34
67,59,30.43,0,228.88
68,53,30.43,0,157.83
70,52,30.43,0,194.26
70,52,30.43,0,306.41
69,55,30.43,0,831.5
68,59,30.43,0,529.63
65,63,30.44,0,1242.36
65,65,30.44,0,360.84
66,65,30.44,0,316.55
66,69,30.44,0,349.34
66,63,30.44,0,356.6
65,66,30.44,0,479.49
63,70,30.45,0,335.95
60,76,30.44,0,1266.25
60,77,30.44,0,369.96
59,77,30.45,0,323.57
59,79,30.45,0,310.68
59,79,30.45,0,290.47
59,79,30.45,0,290.99
59,78,30.45,0,920.08
59,79,30.45,0,450.3
59,78,30.45,0,427.93
59,80,30.46,0,419.4
59,78,30.46,0,383.85
59,80,30.46,0,315.09
59,79,30.46,0,387.65
59,79,30.46,0,866.59
60,78,30.46,0,472.19
60,74,30.46,0,345.65
60,76,30.46,0,357.78
59,77,30.46,0,1118.74
58,78,30.46,0,1072.53
58,79,30.46,0,502.58
58,80,30.47,0,438.67
57,80,30.47,0,514.19
57,81,30.46,0,366.31
57,79,30.47,0,211.84
57,77,30.47,0,248.41
58,78,30.47,0,262.37
58,76,30.47,0,295.74
58,74,30.47,0,247.18
59,72,30.46,0,332.11
60,72,30.46,0,332.3
60,69,30.46,0,709.34
60,67,30.46,0,825.8
59,65,30.45,0,782.53
60,65,30.45,0,765.38
59,65,30.45,0,747.09
59,64,30.45,0,731.0
58,65,30.45,0,716.86
58,66,30.45,0,662.06
58,65,30.45,0,367.54
58,66,30.45,0,361.98
58,67,30.45,0,698.67
57,68,30.45,0,680.04
57,69,30.45,0,665.14
56,71,30.45,0,617.27
56,72,30.45,0,580.63
55,72,30.44,0,566.2
55,73,30.44,0,552.05
55,74,30.44,0,515.11
55,74,30.44,0,491.31
55,75,30.44,0,469.44
55,74,30.43,0,449.18
55,73,30.43,0,429.34
56,75,30.43,0,408.83
55,75,30.42,0,388.51
55,76,30.42,0,366.22
55,77,30.42,0,344.86
54,78,30.42,0,324.19
53,81,30.42,0,301.63
52,82,30.41,0,278.01
50,84,30.41,0,251.73
48,90,30.41,0,223.25
47,93,30.41,0,196.26
47,94,30.41,0,170.58
46,94,30.41,0,103.4
46,95,30.41,0,23.46
46,95,30.41,0,22.92
46,95,30.41,0,21.99
46,95,30.41,0,20.15
46,94,30.4,0,18.67
46,93,30.4,0,17.47
46,93,30.4,0,15.01
46,93,30.4,0,12.91
46,93,30.4,0,11.0
46,93,30.4,0,7.51
46,93,30.4,0,5.06
46,93,30.4,0,3.94
46,93,30.4,0,3.59
46,93,30.4,0,2.89
46,93,30.4,0,3.85
46,92,30.4,0,3.53
46,91,30.4,0,2.63
46,88,30.4,0,2.79
47,89,30.4,0,3.01
47,87,30.4,0,3.3
47,87,30.4,0,3.53
47,88,30.4,0,2.93
46,88,30.39,0,3.29
46,89,30.39,0,3.25
46,89,30.39,0,3.19
47,89,30.39,0,2.46
47,90,30.39,0,2.49
47,91,30.39,0,2.08
46,90,30.39,0,2.21
47,89,30.39,0,2.2
47,89,30.39,0,2.54
47,89,30.39,0,2.95
47,90,30.39,0,2.54
47,92,30.39,0,2.2
47,92,30.39,0,2.2
47,93,30.39,0,2.27
47,93,30.39,0,2.85
47,95,30.39,0,1.8
47,95,30.39,0,1.8
47,94,30.39,0,1.9
47,94,30.39,0,2.06
48,94,30.39,0,2.14
48,95,30.39,0,1.69
48,93,30.39,0,2.1
48,92,30.39,0,1.96
49,91,30.39,0,2.16
49,91,30.39,0,2.58
49,92,30.4,0,1.88
49,94,30.4,0,3.55
49,94,30.4,0,3.09
49,94,30.4,0,3.09
49,95,30.4,0,1.88
49,95,30.4,0,3.35
49,96,30.4,0,3.28
49,96,30.4,0,3.45
49,96,30.4,0,3.43
49,97,30.41,0,3.28
49,97,30.41,0,2.96
49,97,30.41,0,2.73
49,97,30.41,0,2.74
49,96,30.41,0,2.23
49,96,30.41,0,1.91
49,97,30.41,0,2.26
49,97,30.42,0,2.59
50,97,30.42,0,2.03
50,98,30.42,0,2.34
50,98,30.42,0,2.28
50,98,30.42,0,2.61
50,98,30.42,0,2.49
51,99,30.42,0,2.22
51,99,30.42,0,2.33
51,98,30.42,0,2.18
51,98,30.43,0,2.43
51,98,30.43,0,2.34
51,99,30.43,0,1.95
52,99,30.43,0,1.89
52,100,30.43,0,1.96
52,101,30.44,0,2.27
52,101,30.44,0,2.28
52,101,30.44,0,2.33
52,101,30.44,0,2.43
52,101,30.45,0,2.54
52,101,30.45,0,2.54
52,101,30.45,0,2.7
52,101,30.45,0,2.73
52,101,30.46,0,2.99
52,100,30.46,0,2.38
52,100,30.46,0,2.56
52,100,30.46,0,2.54
52,100,30.45,0,2.38
52,100,30.45,0,2.51
52,100,30.45,0,2.78
52,100,30.45,0,2.83
52,100,30.45,0,1.72
52,100,30.45,0,1.9
52,100,30.45,0,1.8
53,101,30.45,0,1.8
53,101,30.45,0,1.63
53,101,30.45,0,2.0
53,101,30.45,0,1.81
53,101,30.45,0,2.09
53,101,30.45,0,1.91
53,101,30.46,0,3.01
53,101,30.46,0,2.42
53,101,30.46,0,2.35
53,101,30.46,0,2.37
53,100,30.46,0,2.29
53,101,30.46,0,2.71
53,101,30.45,0,3.1
53,101,30.45,0,2.89
53,101,30.45,0,3.11
53,101,30.45,0,3.98
53,101,30.45,0,4.13
53,101,30.45,0,3.38
53,101,30.44,0,2.8
53,101,30.45,0,2.42
53,100,30.45,0,3.21
53,100,30.44,0,3.47
53,100,30.44,0,4.02
54,100,30.43,0,2.94
54,100,30.43,0,3.21
54,100,30.44,0,2.03
54,100,30.43,0,1.52
54,100,30.43,0,1.62
54,100,30.43,0,1.83
54,100,30.43,0,1.57
54,100,30.43,0,1.72
54,100,30.43,0,1.69
54,100,30.43,0,1.62
54,100,30.43,0,1.74
54,99,30.43,0,1.72
54,99,30.43,0,2.7
54,99,30.43,0,3.24
55,99,30.43,0,1.75
55,99,30.43,0,1.69
55,99,30.43,0,1.91
55,99,30.42,0,1.6
55,99,30.42,0,2.12
55,99,30.42,0,2.85
55,99,30.42,0,2.58
56,99,30.42,0,1.7
56,98,30.42,0,1.67
56,98,30.42,0,2.28
56,98,30.42,0,2.69
56,98,30.42,0,3.42
56,98,30.41,0,2.22
56,98,30.41,0,3.0
56,97,30.41,0,4.63
56,97,30.41,0,6.52
56,97,30.4,0,13.1
56,96,30.41,0,13.25
57,95,30.4,0,13.42
57,95,30.4,0,22.11
57,95,30.4,0,41.48
57,95,30.4,0,57.7
57,95,30.4,0,51.09
56,95,30.4,0,35.82
56,96,30.4,0,42.85
56,96,30.4,0,89.56
57,95,30.4,0,59.14
57,94,30.4,0,54.65
57,93,30.4,0,109.6
58,91,30.4,0,46.2
59,89,30.4,0,72.48
60,88,30.4,0,98.67
60,88,30.4,0,82.41
60,86,30.4,0,130.49
60,86,30.4,0,130.45
61,83,30.4,0,116.89
61,83,30.4,0,100.42
62,79,30.4,0,266.98
61,81,30.4,0,273.27
62,81,30.4,0,269.22
61,82,30.4,0,203.96
61,83,30.4,0,303.2
62,80,30.4,0,312.93
61,80,30.4,0,322.68
61,81,30.4,0,294.28
61,84,30.4,0,825.95
61,84,30.4,0,317.96
61,83,30.4,0,226.45
61,85,30.4,0,242.83
60,87,30.4,0,461.23
59,90,30.4,0,551.42
59,90,30.4,0,301.15
59,92,30.4,0,221.93
58,94,30.4,0,156.43
58,94,30.4,0,185.8
57,94,30.4,0,181.4
57,95,30.41,0,107.06
57,95,30.41,0,69.51
57,96,30.4,0,66.22
57,96,30.41,0,58.47
58,96,30.41,0,81.89
58,94,30.41,0,42.98
59,93,30.41,0,66.24
59,91,30.41,0,26.83
60,87,30.41,0,41.66
60,85,30.41,0,47.01
60,85,30.41,0,162.94
61,85,30.42,0,209.93
61,83,30.42,0,148.67
60,84,30.42,0,117.99
60,84,30.42,0,192.06
60,85,30.42,0,189.13
61,85,30.42,0,175.06
61,79,30.42,0,187.97
61,78,30.43,0,154.37
61,79,30.42,0,166.27
61,81,30.42,0,189.47
61,83,30.43,0,221.85
62,82,30.43,0,197.32
62,79,30.43,0,207.89
62,80,30.44,0,260.01
62,79,30.44,0,358.02
63,77,30.44,0,208.75
64,77,30.44,0,301.65
65,73,30.45,0,228.81
67,69,30.45,0,409.73
69,59,30.46,0,1187.74
68,48,30.46,0,1226.98
68,48,30.46,0,884.0
68,48,30.46,0,1039.71
68,48,30.46,0,1065.87
67,50,30.46,0,1049.49
67,50,30.46,0,935.12
67,49,30.46,0,1051.82
67,50,30.46,0,1039.81
67,50,30.46,0,1043.46
67,49,30.46,0,1041.72
66,50,30.46,0,1034.98
66,50,30.46,0,1016.55
65,50,30.46,0,983.0
65,51,30.47,0,997.52
64,52,30.47,0,987.49
65,52,30.47,0,977.6
64,53,30.47,0,969.69
64,51,30.47,0,991.4
65,51,30.47,0,875.8
64,52,30.47,0,1182.66
63,53,30.47,0,683.18
62,55,30.47,0,1024.43
62,55,30.47,0,956.88
61,56,30.47,0,1014.15
61,57,30.47,0,516.36
61,57,30.47,0,473.29
61,56,30.47,0,700.74
61,57,30.47,0,514.0
61,58,30.47,0,447.45
61,57,30.47,0,485.04
61,59,30.47,0,880.28
60,60,30.47,0,527.76
60,61,30.47,0,509.23
59,61,30.47,0,399.9
59,61,30.47,0,297.88
60,60,30.47,0,272.87
60,60,30.47,0,242.8
60,60,30.47,0,284.27
60,59,30.46,0,327.68
60,62,30.46,0,392.22
59,63,30.46,0,444.53
59,64,30.46,0,466.41
59,63,30.46,0,346.5
59,64,30.46,0,539.74
58,65,30.46,0,427.27
58,65,30.46,0,469.32
58,65,30.46,0,329.25
59,65,30.46,0,370.08
58,64,30.45,0,281.64
58,65,30.45,0,358.58
57,69,30.45,0,538.79
55,73,30.44,0,205.52
54,76,30.45,0,454.39
53,76,30.44,0,167.62
53,75,30.45,0,116.6
52,75,30.44,0,102.48
52,75,30.44,0,85.48
52,75,30.44,0,66.93
52,76,30.44,0,67.68
52,76,30.44,0,63.39
52,76,30.44,0,57.14
52,77,30.44,0,48.37
52,79,30.44,0,44.05
52,80,30.43,0,43.09
52,78,30.43,0,38.95
52,78,30.43,0,31.83
51,79,30.43,0,28.63
50,80,30.43,0,23.69
50,80,30.43,0,15.51
50,83,30.43,0,11.97
50,83,30.43,0,9.04
50,82,30.44,0,5.15
50,81,30.44,0,3.14
50,81,30.44,0,3.29
50,80,30.44,0,3.48
51,80,30.44,0,3.29
51,79,30.44,0,2.63
51,78,30.44,0,3.07
51,79,30.44,0,2.56
50,80,30.44,0,2.63
50,79,30.43,0,2.83
50,79,30.43,0,3.26
50,78,30.43,0,2.53
50,80,30.42,0,3.06
49,83,30.42,0,2.64
49,85,30.43,0,2.62
49,85,30.43,0,2.33
49,85,30.43,0,2.28
49,85,30.43,0,1.73
49,85,30.43,0,1.89
50,83,30.43,0,2.61
50,84,30.43,0,2.47
50,83,30.43,0,2.41
50,83,30.43,0,3.03
50,83,30.43,0,1.82
50,83,30.43,0,1.56
50,82,30.42,0,2.03
50,82,30.43,0,2.28
50,81,30.43,0,2.03
50,80,30.43,0,1.99
50,81,30.43,0,1.96
50,81,30.43,0,1.98
50,80,30.44,0,2.11
51,79,30.44,0,2.53
51,79,30.43,0,3.3
51,78,30.43,0,3.15
51,74,30.43,0,2.35
51,76,30.43,0,2.03
51,78,30.44,0,2.92
51,80,30.43,0,3.41
51,81,30.44,0,2.17
51,79,30.44,0,2.47
51,79,30.44,0,3.42
51,78,30.44,0,4.54
51,78,30.44,0,3.19
51,74,30.44,0,4.19
51,76,30.44,0,3.45
50,75,30.44,0,1.61
50,74,30.45,0,1.63
50,77,30.45,0,1.81
50,80,30.44,0,1.86
50,83,30.45,0,1.94
50,82,30.45,0,1.91
50,82,30.45,0,1.92
50,85,30.45,0,2.23
50,87,30.46,0,2.13
50,90,30.46,0,2.15
50,89,30.46,0,2.07
50,89,30.46,0,2.32
50,88,30.46,0,2.36
50,88,30.46,0,2.42
50,89,30.47,0,2.39
50,89,30.47,0,2.48
50,92,30.48,0,1.9
50,92,30.48,0,1.94
50,93,30.48,0,1.96
50,93,30.48,0,2.24
50,95,30.48,0,1.9
50,95,30.49,0,1.85
51,96,30.49,0,1.88
51,96,30.49,0,2.07
51,97,30.49,0,2.15
51,97,30.49,0,1.99
51,97,30.49,0,1.69
51,97,30.49,0,1.76
51,96,30.49,0,1.83
51,95,30.49,0,1.98
51,94,30.5,0,1.7
51,93,30.5,0,1.8
51,92,30.49,0,1.45
52,92,30.49,0,2.21
52,91,30.5,0,1.68
52,91,30.5,0,1.52
53,91,30.5,0,1.58
53,91,30.5,0,1.71
53,92,30.5,0,1.78
53,94,30.5,0,1.76
53,97,30.5,0,2.02
53,99,30.5,0,1.93
53,99,30.5,0,1.96
53,100,30.5,0,2.1
53,100,30.51,0,1.72
53,100,30.51,0,1.73
52,100,30.51,0,1.9
52,100,30.51,0,2.08
53,100,30.51,0,1.93
53,100,30.51,0,1.97
53,100,30.51,0,2.08
53,100,30.51,0,2.03
53,100,30.51,0,2.03
54,100,30.5,0,2.34
54,100,30.5,0,2.35
54,100,30.5,0,2.05
54,100,30.5,0,1.95
54,100,30.5,0,2.28
54,100,30.5,0,1.96
54,100,30.5,0,2.28
54,100,30.5,0,2.33
54,100,30.49,0,2.4
54,100,30.49,0,2.29
54,100,30.49,0,2.29
54,100,30.49,0,2.31
54,100,30.49,0,2.36
54,100,30.49,0,2.54
54,100,30.49,0,2.49
54,100,30.49,0,2.51
54,100,30.49,0,1.72
54,100,30.49,0,1.74
55,100,30.49,0,1.82
55,100,30.49,0,1.97
55,100,30.49,0,1.89
55,100,30.49,0,1.72
55,100,30.49,0,1.64
55,100,30.48,0,1.8
55,100,30.48,0,1.76
55,99,30.48,0,2.02
55,99,30.48,0,2.01
55,99,30.48,0,2.11
55,99,30.48,0,2.11
55,99,30.47,0,2.0
55,99,30.47,0,2.4
55,99,30.47,0,1.99
55,99,30.47,0,2.11
55,99,30.47,0,2.17
56,99,30.47,0,2.75
55,99,30.47,0,3.6
56,99,30.48,0,2.92
56,99,30.47,0,5.09
56,99,30.47,0,9.35
56,99,30.47,0,6.6
56,99,30.47,0,8.83
56,99,30.47,0,10.54
56,99,30.47,0,13.26
56,99,30.47,0,18.93
56,99,30.46,0,14.27
56,99,30.46,0,13.21
56,99,30.46,0,20.21
56,99,30.46,0,17.93
56,99,30.46,0,11.01
56,99,30.46,0,29.66
56,99,30.47,0,44.51
56,99,30.46,0,51.11
56,99,30.46,0,92.04
56,99,30.46,0,93.58
57,98,30.47,0,54.39
57,98,30.47,0,43.95
57,97,30.46,0,63.39
57,96,30.47,0,34.75
58,94,30.47,0,53.27
58,94,30.47,0,58.17
58,95,30.47,0,47.63
57,96,30.46,0,80.4
57,97,30.46,0,24.55
57,97,30.46,0,24.28
57,97,30.46,0,40.13
57,97,30.46,0,52.42
57,96,30.46,0,28.04
58,96,30.46,0,35.63
58,96,30.46,0,18.9
58,96,30.46,0,46.41
58,96,30.46,0,64.63
58,95,30.46,0,40.23
59,95,30.46,0,38.54
59,94,30.46,0,72.71
59,94,30.46,0,89.64
59,94,30.46,0,67.4
59,94,30.46,0,73.36
59,93,30.46,0,56.11
60,93,30.46,0,43.06
60,92,30.46,0,140.82
59,93,30.46,0,299.24
59,93,30.46,0,230.83
59,93,30.46,0,182.23
59,93,30.46,0,205.95
59,94,30.47,0,128.86
59,94,30.47,0,190.92
60,92,30.47,0,124.08
60,92,30.47,0,141.52
60,90,30.47,0,112.62
60,91,30.47,0,122.06
60,91,30.47,0,155.15
61,90,30.47,0,368.95
61,88,30.48,0,229.09
61,86,30.48,0,155.97
62,87,30.48,0,149.16
62,81,30.48,0,316.89
61,82,30.48,0,243.96
61,84,30.48,0,207.02
61,83,30.48,0,219.81
61,85,30.48,0,210.1
61,86,30.48,0,207.27
61,86,30.49,0,168.49
61,85,30.49,0,155.49
61,85,30.49,0,235.73
61,85,30.49,0,108.19
61,84,30.5,0,181.51
62,84,30.5,0,185.47
62,82,30.5,0,158.03
63,78,30.51,0,226.85
63,78,30.5,0,160.85
63,78,30.5,0,183.35
63,77,30.5,0,162.62
63,77,30.5,0,1359.79
64,77,30.51,0,176.88
65,74,30.51,0,244.68
64,72,30.51,0,477.05
65,72,30.52,0,312.86
65,70,30.51,0,435.61
65,71,30.51,0,408.61
65,66,30.52,0,956.25
65,66,30.52,0,258.79
66,65,30.52,0,195.46
66,66,30.52,0,410.96
65,56,30.52,0,674.36
65,56,30.52,0,1180.9
66,54,30.52,0,247.18
66,55,30.52,0,1057.64
65,58,30.52,0,986.54
65,58,30.52,0,977.1
65,57,30.53,0,941.88
65,55,30.52,0,924.57
64,56,30.52,0,914.39
64,57,30.52,0,898.98
64,57,30.52,0,886.67
64,58,30.52,0,874.45
63,59,30.52,0,858.22
63,59,30.52,0,844.41
63,59,30.52,0,830.85
62,59,30.52,0,818.25
62,59,30.52,0,801.76
62,61,30.52,0,789.5
62,61,30.52,0,771.49
62,62,30.52,0,754.1
61,63,30.52,0,738.71
61,64,30.51,0,723.91
61,65,30.51,0,706.4
60,66,30.52,0,689.99
60,67,30.51,0,668.68
60,66,30.51,0,648.95
60,68,30.51,0,632.99
60,68,30.51,0,614.57
59,69,30.51,0,594.34
58,71,30.51,0,574.41
58,69,30.51,0,555.64
58,70,30.51,0,515.95
58,68,30.51,0,495.0
59,63,30.51,0,473.84
60,61,30.5,0,454.42
60,61,30.5,0,433.58
60,57,30.5,0,415.29
59,59,30.5,0,390.7
58,60,30.5,0,372.75
57,63,30.5,0,351.42
55,65,30.5,0,327.45
53,68,30.5,0,308.85
52,74,30.5,0,284.28
50,77,30.5,0,259.02
49,78,30.49,0,233.35
48,77,30.49,0,214.86
48,75,30.49,0,171.88
47,75,30.49,0,47.51
47,76,30.49,0,31.69
47,75,30.48,0,30.5
46,72,30.48,0,30.27
46,73,30.48,0,26.9
45,75,30.48,0,23.87
45,74,30.48,0,21.66
45,74,30.48,0,18.75
46,72,30.48,0,14.33
46,72,30.48,0,9.81
46,71,30.48,0,6.63
46,71,30.48,0,5.22
46,71,30.48,0,3.92
46,72,30.48,0,1.88
46,71,30.48,0,1.78
46,71,30.48,0,1.82
46,72,30.48,0,1.73
46,70,30.48,0,2.03
46,71,30.48,0,1.85
46,70,30.48,0,1.88
46,72,30.47,0,2.08
45,73,30.47,0,1.72
45,75,30.47,0,1.96
45,76,30.47,0,1.91
45,79,30.47,0,2.14
45,80,30.47,0,2.2
45,77,30.47,0,2.38
45,79,30.47,0,2.37
45,83,30.47,0,2.08
45,82,30.47,0,2.17
45,86,30.47,0,2.01
45,85,30.47,0,2.06
45,86,30.47,0,1.94
45,83,30.47,0,2.05
45,82,30.47,0,1.84
45,86,30.47,0,1.96
45,84,30.46,0,1.96
45,88,30.46,0,2.06
45,88,30.46,0,2.07
45,89,30.47,0,1.99
45,90,30.46,0,1.92
45,91,30.47,0,1.8
46,90,30.47,0,2.01
46,90,30.47,0,1.88
46,89,30.47,0,1.9
46,87,30.47,0,1.99
47,87,30.47,0,2.16
47,88,30.47,0,1.88
47,88,30.47,0,1.91
47,89,30.47,0,1.89
47,90,30.47,0,1.96
47,85,30.47,0,2.04
47,85,30.47,0,1.97
47,87,30.47,0,1.94
47,87,30.47,0,1.95
47,88,30.47,0,1.98
47,86,30.47,0,2.08
47,85,30.47,0,1.92
47,86,30.47,0,2.05
47,88,30.47,0,2.1
47,90,30.47,0,1.95
47,92,30.48,0,1.92
47,94,30.48,0,2.03
46,93,30.48,0,1.92
46,93,30.48,0,1.93
46,92,30.48,0,1.87
46,92,30.48,0,1.99
46,91,30.48,0,2.03
46,89,30.49,0,1.87
46,89,30.48,0,2.11
46,88,30.49,0,2.07
46,89,30.49,0,2.02
46,89,30.49,0,1.98
46,91,30.49,0,2.06
47,92,30.49,0,2.29
47,93,30.49,0,1.87
47,93,30.49,0,2.09
47,95,30.49,0,2.21
47,95,30.5,0,2.56
47,95,30.5,0,2.46
48,94,30.5,0,2.2
48,94,30.5,0,2.07
48,95,30.5,0,2.15
48,95,30.5,0,2.14
48,95,30.5,0,2.1
48,96,30.5,0,2.12
49,97,30.5,0,2.4
49,98,30.51,0,2.38
49,98,30.51,0,2.16
49,98,30.51,0,2.16
49,99,30.51,0,2.75
49,98,30.51,0,2.45
49,98,30.51,0,2.37
49,98,30.51,0,2.35
50,98,30.51,0,2.34
50,98,30.51,0,2.17
50,98,30.51,0,2.3
49,97,30.51,0,2.37
50,97,30.51,0,2.44
50,97,30.51,0,2.38
50,98,30.51,0,2.57
50,98,30.51,0,2.36
50,99,30.51,0,2.54
50,99,30.51,0,2.74
50,99,30.51,0,2.44
50,99,30.51,0,2.46
51,99,30.51,0,2.21
51,99,30.51,0,2.51
52,99,30.51,0,2.28
52,99,30.51,0,2.23
52,99,30.51,0,2.22
53,100,30.51,0,2.42
53,100,30.51,0,2.33
53,100,30.51,0,2.52
53,100,30.51,0,2.71
53,100,30.51,0,2.5
53,100,30.51,0,2.86
53,100,30.51,0,2.97
53,99,30.51,0,2.12
53,99,30.51,0,2.06
53,99,30.5,0,1.72
53,99,30.5,0,2.15
53,99,30.5,0,2.21
52,98,30.5,0,1.83
52,96,30.5,0,1.93
52,94,30.5,0,1.72
52,94,30.5,0,1.88
52,94,30.5,0,1.64
53,94,30.49,0,2.5
53,93,30.49,0,2.17
53,93,30.49,0,2.65
54,93,30.49,0,2.27
54,93,30.49,0,2.81
54,92,30.49,0,3.21
54,91,30.49,0,1.92
55,93,30.49,0,2.01
55,92,30.49,0,1.7
55,92,30.48,0,1.89
55,90,30.49,0,1.66
56,90,30.48,0,1.68
56,91,30.48,0,1.89
56,92,30.48,0,1.68
56,92,30.48,0,1.88
56,93,30.48,0,2.0
56,95,30.48,0,1.98
56,96,30.48,0,1.71
56,97,30.48,0,2.18
56,98,30.48,0,3.7
56,98,30.47,0,5.89
56,99,30.47,0,8.87
56,99,30.47,0,12.21
55,99,30.47,0,19.94
56,100,30.47,0,25.66
56,100,30.46,0,30.5
56,100,30.47,0,22.37
56,100,30.46,0,40.66
56,100,30.46,0,60.81
55,100,30.46,0,46.75
56,100,30.46,0,33.89
56,100,30.46,0,50.28
56,100,30.46,0,48.32
56,100,30.46,0,130.6
56,100,30.46,0,98.47
56,100,30.46,0,55.33
56,99,30.46,0,61.26
56,99,30.45,0,171.07
56,99,30.46,0,46.2
56,99,30.46,0,61.85
56,98,30.46,0,44.23
57,98,30.46,0,37.37
57,97,30.46,0,65.84
57,96,30.46,0,89.64
57,95,30.46,0,165.77
58,95,30.45,0,136.57
58,95,30.46,0,147.67
58,94,30.46,0,158.96
58,93,30.46,0,107.28
58,92,30.45,0,207.08
58,92,30.46,0,209.58
58,92,30.45,0,250.86
58,92,30.45,0,284.87
59,92,30.45,0,169.22
59,92,30.45,0,229.41
59,91,30.45,0,156.08
59,91,30.45,0,167.38
59,90,30.45,0,153.42
59,90,30.45,0,202.84
59,91,30.45,0,276.43
59,93,30.45,0,480.13
58,93,30.45,0,320.19
58,94,30.45,0,208.26
58,94,30.45,0,244.64
58,94,30.45,0,169.75
58,93,30.46,0,132.97
58,94,30.46,0,116.72
58,94,30.46,0,56.48
58,93,30.46,0,143.21
58,93,30.46,0,156.05
58,92,30.46,0,76.26
58,91,30.46,0,122.09
58,91,30.46,0,149.81
58,91,30.46,0,176.07
58,90,30.46,0,147.95
58,90,30.46,0,212.1
58,90,30.46,0,143.36
59,89,30.46,0,87.75
59,89,30.47,0,100.11
59,88,30.47,0,188.83
59,87,30.47,0,203.33
59,87,30.47,0,162.07
59,87,30.47,0,165.91
60,87,30.47,0,207.76
60,85,30.47,0,191.61
61,82,30.47,0,238.33
61,82,30.47,0,250.93
61,81,30.47,0,299.31
62,80,30.47,0,408.95
61,80,30.47,0,508.18
61,81,30.48,0,484.36
60,81,30.48,0,676.7
61,81,30.48,0,392.24
60,80,30.48,0,397.9
60,81,30.48,0,447.69
60,82,30.48,0,366.47
60,82,30.49,0,446.14
59,82,30.49,0,362.58
59,82,30.49,0,400.5
60,81,30.49,0,414.37
61,78,30.49,0,234.51
61,77,30.49,0,259.98
61,78,30.49,0,806.23
60,79,30.5,0,398.68
60,79,30.5,0,640.52
60,77,30.5,0,328.5
61,74,30.5,0,319.36
62,73,30.5,0,400.66
62,74,30.5,0,1245.33
62,73,30.5,0,735.63
61,76,30.5,0,1227.33
61,75,30.5,0,1194.95
60,75,30.5,0,1050.8
60,78,30.5,0,242.28
61,74,30.5,0,928.91
61,75,30.5,0,960.11
60,76,30.5,0,890.9
60,75,30.5,0,912.42
60,73,30.5,0,893.49
60,71,30.5,0,894.05
60,70,30.5,0,887.47
60,71,30.5,0,862.1
60,69,30.5,0,850.7
59,68,30.5,0,833.06
59,61,30.5,0,817.31
59,58,30.5,0,805.22
59,58,30.5,0,789.98
59,60,30.5,0,774.75
59,57,30.5,0,758.61
59,58,30.5,0,743.58
59,52,30.5,0,726.58
59,51,30.5,0,707.53
59,51,30.5,0,688.98
59,48,30.49,0,672.88
58,49,30.49,0,654.64
58,48,30.49,0,613.29
58,47,30.49,0,614.9
58,48,30.49,0,562.37
58,49,30.49,0,552.44
58,48,30.48,0,574.25
58,50,30.48,0,309.52
58,49,30.48,0,545.23
58,51,30.48,0,543.08
57,51,30.48,0,490.87
56,55,30.48,0,487.07
55,56,30.48,0,444.33
55,54,30.48,0,423.04
55,57,30.47,0,409.45
53,62,30.47,0,386.5
52,67,30.47,0,361.39
50,68,30.47,0,337.3
49,72,30.47,0,309.22
48,72,30.47,0,282.13
47,73,30.47,0,254.67
46,74,30.47,0,206.78
46,75,30.47,0,194.0
45,76,30.46,0,167.02
45,77,30.46,0,30.36
44,77,30.46,0,28.11
44,78,30.46,0,27.28
44,79,30.46,0,26.3
43,79,30.46,0,24.45
43,79,30.46,0,21.98
43,80,30.45,0,17.88
43,81,30.45,0,15.22
43,80,30.45,0,10.52
43,81,30.45,0,5.21
43,81,30.45,0,3.45
43,81,30.45,0,2.88
44,81,30.45,0,1.87
43,81,30.45,0,2.01
44,82,30.44,0,1.75
44,81,30.44,0,2.25
44,82,30.44,0,1.79
44,82,30.44,0,2.21
44,83,30.44,0,2.26
44,83,30.44,0,2.08
44,83,30.43,0,2.02
44,82,30.43,0,2.12
44,81,30.43,0,1.71
44,81,30.43,0,2.24
44,81,30.43,0,2.58
44,81,30.43,0,2.42
44,82,30.43,0,2.05
44,82,30.43,0,2.1
44,83,30.43,0,2.11
44,83,30.43,0,2.15
44,84,30.42,0,2.11
44,84,30.42,0,2.23
44,84,30.42,0,2.14
44,84,30.42,0,1.83
44,84,30.42,0,1.83
45,85,30.42,0,2.44
45,82,30.42,0,2.26
45,82,30.42,0,2.2
45,81,30.42,0,2.38
45,80,30.42,0,2.67
45,80,30.42,0,2.77
45,80,30.42,0,2.76
45,80,30.42,0,2.04
46,79,30.42,0,2.02
46,78,30.42,0,1.98
46,77,30.42,0,2.12
46,76,30.42,0,2.08
46,76,30.42,0,1.81
46,76,30.42,0,2.19
46,75,30.41,0,2.62
46,76,30.41,0,3.3
46,77,30.42,0,3.6
46,77,30.42,0,3.53
46,79,30.42,0,2.84
46,78,30.42,0,3.21
46,79,30.42,0,3.56
46,80,30.42,0,3.24
46,80,30.42,0,3.09
46,80,30.42,0,3.48
46,80,30.42,0,3.69
46,80,30.42,0,2.47
46,81,30.42,0,2.53
46,83,30.42,0,2.71
46,82,30.42,0,2.71
46,83,30.42,0,2.72
46,83,30.42,0,2.63
46,84,30.43,0,2.17
46,85,30.43,0,2.33
46,85,30.43,0,2.59
47,86,30.43,0,2.47
47,87,30.43,0,2.61
47,91,30.43,0,3.33
47,90,30.43,0,1.91
47,89,30.43,0,2.06
46,90,30.43,0,1.99
46,90,30.43,0,2.4
46,90,30.43,0,2.53
46,91,30.43,0,2.68
46,92,30.43,0,2.1
46,92,30.43,0,1.93
46,91,30.44,0,1.96
46,92,30.44,0,2.11
46,93,30.44,0,1.79
46,93,30.44,0,1.71
47,93,30.43,0,1.68
47,92,30.43,0,1.63
47,92,30.43,0,1.62
47,93,30.44,0,1.6
47,94,30.44,0,1.61
47,94,30.44,0,1.6
47,93,30.44,0,1.63
48,93,30.44,0,1.78
48,92,30.44,0,1.6
48,92,30.44,0,1.55
48,92,30.44,0,1.56
49,93,30.44,0,1.57
48,94,30.44,0,1.83
49,93,30.44,0,2.06
49,93,30.44,0,1.63
49,93,30.44,0,1.72
49,93,30.44,0,1.71
49,93,30.44,0,1.88
49,92,30.44,0,2.0
49,91,30.44,0,2.39
49,91,30.44,0,2.36
49,91,30.44,0,2.94
50,91,30.44,0,3.15
50,90,30.44,0,2.29
50,90,30.44,0,2.96
50,88,30.44,0,2.67
50,89,30.44,0,2.97
50,90,30.44,0,2.76
50,91,30.44,0,2.63
50,90,30.44,0,2.69
50,91,30.44,0,2.79
50,91,30.44,0,2.69
50,91,30.44,0,2.55
50,91,30.44,0,2.66
50,90,30.43,0,2.45
50,90,30.43,0,2.62
50,90,30.43,0,2.24
50,89,30.43,0,2.33
50,89,30.43,0,2.98
50,88,30.43,0,2.28
50,88,30.42,0,2.87
50,88,30.42,0,2.69
50,90,30.42,0,3.05
50,90,30.42,0,3.32
50,92,30.42,0,3.04
50,93,30.42,0,2.17
50,93,30.42,0,2.06
50,93,30.42,0,1.94
50,94,30.41,0,1.98
50,96,30.41,0,2.11
51,97,30.41,0,2.4
51,96,30.41,0,2.08
50,97,30.41,0,1.99
50,97,30.4,0,2.31
51,98,30.4,0,1.66
51,98,30.4,0,2.15
51,98,30.4,0,2.27
51,98,30.4,0,1.99
52,98,30.39,0,2.36
51,97,30.39,0,2.98
52,97,30.39,0,3.21
52,96,30.39,0,2.61
52,96,30.39,0,3.32
52,96,30.39,0,4.65
52,96,30.39,0,7.68
53,96,30.39,0,11.46
54,94,30.39,0,13.79
54,89,30.39,0,27.12
54,86,30.38,0,43.25
55,89,30.38,0,45.68
55,89,30.38,0,30.13
55,85,30.38,0,49.16
55,85,30.38,0,103.49
55,92,30.37,0,109.34
55,93,30.37,0,102.54
55,88,30.37,0,83.34
55,88,30.37,0,69.39
55,89,30.37,0,81.82
55,93,30.37,0,87.35
55,93,30.37,0,91.15
55,94,30.37,0,104.4
55,94,30.37,0,125.12
55,94,30.37,0,113.85
55,94,30.36,0,130.07
55,94,30.36,0,154.87
55,95,30.36,0,167.27
55,95,30.36,0,222.08
55,95,30.36,0,203.34
55,96,30.36,0,164.02
55,95,30.36,0,152.71
55,96,30.36,0,141.48
55,97,30.36,0,132.28
55,97,30.35,0,138.51
55,97,30.36,0,180.06
55,96,30.36,0,158.82
55,96,30.36,0,161.98
55,96,30.36,0,305.94
56,96,30.36,0,232.5
56,95,30.36,0,274.32
56,95,30.36,0,240.43
56,95,30.36,0,418.07
57,93,30.36,0,228.26
57,93,30.36,0,286.86
58,91,30.36,0,369.71
58,89,30.36,0,343.5
59,87,30.36,0,401.86
59,86,30.36,0,395.04
60,84,30.36,0,364.44
60,83,30.36,0,396.97
60,84,30.36,0,549.44
60,84,30.36,0,461.74
60,83,30.36,0,330.48
59,84,30.36,0,310.54
60,82,30.36,0,240.16
62,80,30.36,0,187.86
62,80,30.37,0,309.96
61,79,30.36,0,335.92
62,78,30.37,0,307.43
62,78,30.37,0,464.06
62,78,30.37,0,1045.27
62,77,30.37,0,614.43
61,78,30.37,0,1160.73
61,78,30.37,0,1106.12
62,76,30.37,0,459.04
63,74,30.37,0,412.71
63,71,30.37,0,1137.45
63,68,30.37,0,1140.91
63,70,30.37,0,1121.57
41,89,30.35,0,8.16
41,87,30.35,0,4.84
41,87,30.34,0,2.57
41,89,30.35,0,2.44
42,89,30.35,0,2.77
42,89,30.35,0,2.78
42,89,30.35,0,2.59
42,90,30.34,0,2.33
42,91,30.34,0,2.95
42,91,30.34,0,3.17
42,92,30.34,0,3.16
42,92,30.34,0,3.42
42,92,30.34,0,3.63
42,92,30.34,0,3.44
42,91,30.34,0,3.44
42,91,30.34,0,3.15
42,92,30.34,0,2.7
42,92,30.34,0,2.42
42,91,30.34,0,2.69
42,90,30.34,0,2.77
42,90,30.34,0,2.88
42,91,30.34,0,3.17
42,93,30.34,0,3.36
42,94,30.34,0,3.5
42,95,30.34,0,3.27
42,95,30.34,0,3.25
42,95,30.34,0,3.55
42,95,30.34,0,3.49
42,95,30.34,0,2.64
42,94,30.34,0,2.46
42,94,30.34,0,2.51
43,95,30.34,0,2.58
43,95,30.34,0,2.86
43,96,30.34,0,2.9
43,96,30.34,0,1.83
43,96,30.34,0,1.57
43,96,30.34,0,1.74
43,96,30.34,0,1.83
43,96,30.35,0,1.99
43,97,30.35,0,1.96
43,97,30.35,0,2.24
44,98,30.35,0,2.18
44,98,30.35,0,2.19
44,98,30.35,0,2.27
44,98,30.35,0,2.62
45,99,30.35,0,2.87
45,99,30.35,0,1.56
45,99,30.35,0,1.63
45,99,30.35,0,1.57
45,99,30.35,0,1.59
45,99,30.35,0,1.58
45,99,30.36,0,1.63
45,100,30.36,0,1.56
46,100,30.36,0,1.57
46,100,30.36,0,1.57
46,100,30.36,0,1.66
47,101,30.37,0,1.63
47,101,30.37,0,1.53
47,101,30.37,0,1.58
47,101,30.37,0,1.56
47,101,30.37,0,1.58
47,101,30.37,0,1.52
47,100,30.38,0,1.56
47,100,30.38,0,1.61
46,100,30.38,0,1.59
46,100,30.38,0,2.14
46,100,30.38,0,2.75
47,100,30.38,0,3.11
47,100,30.38,0,1.55
48,100,30.38,0,1.43
48,100,30.38,0,1.49
48,100,30.38,0,1.48
48,100,30.38,0,1.44
48,100,30.38,0,1.44
48,100,30.38,0,1.41
48,100,30.38,0,1.43
48,100,30.38,0,1.43
48,100,30.38,0,1.41
47,100,30.38,0,1.38
47,99,30.38,0,1.47
47,99,30.38,0,1.56
47,98,30.38,0,1.59
46,97,30.38,0,1.44
46,96,30.38,0,1.62
46,97,30.38,0,1.61
46,97,30.38,0,1.53
46,97,30.38,0,1.44
46,97,30.38,0,1.47
46,97,30.38,0,1.45
47,97,30.38,0,1.52
47,96,30.38,0,1.51
47,95,30.38,0,1.49
47,93,30.38,0,1.54
47,91,30.38,0,1.46
47,91,30.38,0,1.54
47,90,30.38,0,1.53
47,88,30.38,0,1.56
47,85,30.38,0,1.49
47,80,30.38,0,1.56
47,76,30.38,0,1.51
47,78,30.38,0,1.54
47,80,30.37,0,1.59
47,91,30.37,0,1.59
47,93,30.37,0,1.6
48,92,30.37,0,1.57
48,96,30.37,0,1.57
48,98,30.37,0,2.18
48,99,30.37,0,2.27
48,99,30.37,0,1.57
49,99,30.37,0,1.67
49,100,30.37,0,1.65
49,100,30.36,0,1.68
49,100,30.36,0,1.65
49,100,30.36,0,1.8
49,100,30.36,0,1.89
50,100,30.36,0,1.87
50,100,30.36,0,1.71
49,100,30.36,0,1.64
49,99,30.36,0,1.61
49,99,30.35,0,1.65
57,73,30.4,0,1054.99
56,75,30.4,0,857.65
50,90,30.4,0,211.96
42,98,30.38,0,11.11
42,97,30.38,0,9.27
42,97,30.38,0,5.07
43,96,30.37,0,1.91
43,96,30.37,0,1.92
43,95,30.37,0,2.15
43,96,30.37,0,1.68
43,97,30.37,0,1.75
43,98,30.36,0,1.71
44,99,30.36,0,1.77
44,100,30.36,0,1.71
44,101,30.36,0,1.54
44,101,30.37,0,1.62
44,101,30.36,0,1.78
44,101,30.36,0,1.76
44,101,30.36,0,2.49
44,101,30.36,0,2.43
44,101,30.36,0,1.44
44,101,30.36,0,1.47
44,101,30.36,0,1.43
44,101,30.36,0,1.69
44,101,30.36,0,1.62
44,101,30.36,0,1.51
44,101,30.36,0,1.55
44,101,30.36,0,1.48
44,101,30.36,0,1.63
44,101,30.36,0,1.76
44,101,30.36,0,1.57
44,101,30.36,0,1.5
44,101,30.36,0,1.79
44,101,30.36,0,2.0
44,101,30.36,0,1.54
44,101,30.37,0,1.78
44,101,30.37,0,1.77
44,101,30.37,0,1.71
44,100,30.37,0,1.47
44,100,30.37,0,1.49
44,100,30.37,0,1.64
44,100,30.37,0,1.91
44,100,30.37,0,1.82
44,100,30.37,0,1.78
44,100,30.37,0,2.04
44,100,30.37,0,2.07
44,100,30.37,0,2.29
43,99,30.37,0,2.25
43,99,30.38,0,2.33
43,99,30.38,0,1.95
43,98,30.38,0,2.67
43,98,30.38,0,1.74
43,98,30.38,0,1.43
43,97,30.38,0,1.41
42,96,30.38,0,1.4
42,95,30.38,0,2.28
42,95,30.38,0,1.39
42,96,30.39,0,1.38
42,96,30.39,0,1.39
42,97,30.39,0,1.39
42,97,30.39,0,2.83
42,97,30.39,0,2.95
42,96,30.39,0,3.17
42,96,30.39,0,3.76
42,94,30.4,0,1.5
42,92,30.4,0,1.51
42,90,30.4,0,1.46
42,90,30.41,0,1.48
42,89,30.41,0,1.47
42,89,30.41,0,1.44
42,90,30.41,0,1.75
43,88,30.41,0,1.49
43,89,30.41,0,1.58
43,88,30.41,0,1.54
43,88,30.41,0,1.55
43,88,30.42,0,1.78
43,88,30.41,0,1.57
44,87,30.41,0,1.47
44,87,30.41,0,1.62
44,88,30.41,0,1.72
44,88,30.41,0,1.58
44,88,30.42,0,1.53
44,89,30.42,0,1.59
44,90,30.42,0,1.5
44,90,30.42,0,1.51
44,91,30.42,0,1.44
44,91,30.42,0,1.47
44,91,30.42,0,1.51
44,91,30.42,0,1.51
44,91,30.42,0,1.52
44,91,30.42,0,1.54
44,91,30.42,0,1.46
44,91,30.42,0,1.47
44,91,30.42,0,1.4
45,90,30.42,0,1.43
45,90,30.42,0,1.64
44,89,30.42,0,1.58
44,88,30.42,0,1.57
44,88,30.42,0,1.58
44,93,30.42,0,1.59
44,99,30.41,0,1.58
44,100,30.41,0,1.71
44,101,30.41,0,1.69
44,101,30.41,0,1.63
45,101,30.41,0,1.54
46,101,30.41,0,1.59
46,101,30.41,0,1.48
47,101,30.41,0,1.75
47,101,30.41,0,1.42
48,101,30.4,0,1.61
47,101,30.4,0,1.51
48,101,30.4,0,1.51
48,101,30.4,0,1.49
48,101,30.4,0,1.51
48,101,30.4,0,1.54
48,101,30.4,0,2.19
48,101,30.4,0,1.49
48,101,30.4,0,2.08
48,101,30.4,0,3.37
49,101,30.4,0,1.78
49,101,30.4,0,1.87
49,101,30.4,0,1.94
49,101,30.4,0,1.61
49,101,30.4,0,1.9
49,101,30.39,0,1.72
49,101,30.4,0,1.62
50,101,30.39,0,2.13
50,101,30.39,0,1.54
49,101,30.39,0,2.18
50,101,30.39,0,3.59
50,101,30.4,0,3.91
50,101,30.4,0,4.11
50,100,30.4,0,4.99
50,100,30.39,0,8.77
50,100,30.39,0,11.7
50,100,30.39,0,15.64
55,92,30.39,0,260.11
55,92,30.39,0,502.03
55,91,30.4,0,375.57
55,94,30.4,0,611.7
57,76,30.44,0,490.29
57,72,30.44,0,970.12
46,69,30.42,0,26.75
44,67,30.41,0,10.56
45,66,30.41,0,6.47
45,64,30.41,0,2.37
44,64,30.41,0,2.37
43,66,30.4,0,2.21
43,68,30.4,0,2.29
42,70,30.4,0,2.26
42,71,30.4,0,2.25
42,73,30.4,0,2.32
42,74,30.4,0,2.31
43,75,30.4,0,2.24
43,75,30.4,0,2.01
43,74,30.4,0,2.14
43,75,30.4,0,2.1
43,74,30.4,0,2.25
43,74,30.4,0,2.4
43,73,30.4,0,2.75
44,71,30.4,0,2.58
44,71,30.4,0,2.8
44,72,30.4,0,2.62
44,69,30.4,0,2.87
44,69,30.39,0,2.34
44,69,30.39,0,2.6
44,69,30.39,0,2.67
44,67,30.39,0,2.2
43,68,30.4,0,2.06
43,69,30.4,0,1.96
43,71,30.4,0,2.1
43,71,30.4,0,2.09
43,71,30.4,0,2.19
43,69,30.4,0,1.94
43,71,30.4,0,2.13
43,72,30.4,0,2.04
43,66,30.4,0,2.34
43,67,30.4,0,2.74
43,68,30.4,0,3.23
44,69,30.4,0,2.67
44,68,30.4,0,3.28
44,66,30.4,0,3.02
44,63,30.4,0,3.07
45,62,30.4,0,3.29
45,61,30.4,0,2.14
45,59,30.4,0,2.42
45,61,30.4,0,2.63
45,58,30.41,0,2.5
45,59,30.41,0,2.71
45,60,30.41,0,2.04
45,60,30.41,0,2.13
45,59,30.41,0,2.26
45,56,30.41,0,2.47
45,51,30.41,0,2.42
45,56,30.42,0,2.37
45,56,30.42,0,2.16
46,53,30.42,0,2.55
47,51,30.42,0,2.47
47,50,30.42,0,2.74
47,49,30.42,0,2.66
46,49,30.42,0,2.66
46,53,30.42,0,2.25
46,52,30.42,0,2.22
45,53,30.42,0,2.51
45,59,30.42,0,2.3
46,66,30.43,0,3.13
46,62,30.43,0,3.14
47,65,30.43,0,2.28
48,61,30.44,0,2.56
48,54,30.44,0,2.77
48,54,30.44,0,2.8
48,50,30.44,0,3.24
48,49,30.44,0,3.36
48,50,30.44,0,2.74
48,47,30.44,0,2.65
48,49,30.44,0,2.65
48,50,30.44,0,2.67
48,50,30.44,0,2.68
48,51,30.44,0,2.71
48,48,30.44,0,3.05
48,49,30.44,0,3.48
48,49,30.44,0,3.19
48,50,30.45,0,3.44
48,49,30.45,0,3.88
48,50,30.45,0,3.51
48,50,30.45,0,3.98
47,51,30.45,0,4.03
47,52,30.45,0,2.69
47,53,30.45,0,2.93
48,55,30.45,0,2.47
48,55,30.45,0,2.32
48,53,30.45,0,2.85
48,53,30.45,0,2.7
49,51,30.45,0,2.87
49,52,30.45,0,2.38
49,53,30.45,0,2.21
49,49,30.45,0,2.63
49,50,30.45,0,2.6
49,50,30.45,0,2.96
50,52,30.45,0,2.27
50,46,30.45,0,2.4
50,46,30.44,0,2.68
50,49,30.44,0,2.38
51,50,30.44,0,2.57
51,47,30.44,0,2.6
51,44,30.44,0,2.88
51,46,30.44,0,2.81
52,42,30.44,0,3.13
52,46,30.44,0,2.99
52,46,30.44,0,2.83
52,44,30.44,0,2.22
52,45,30.44,0,2.6
52,46,30.44,0,2.4
52,47,30.43,0,2.15
51,48,30.43,0,2.42
51,55,30.43,0,2.56
51,55,30.43,0,2.79
52,61,30.43,0,2.93
53,71,30.43,0,3.31
53,58,30.43,0,2.97
53,51,30.42,0,1.81
53,51,30.42,0,1.96
53,51,30.42,0,2.07
53,54,30.42,0,2.11
54,57,30.42,0,2.12
54,64,30.42,0,2.24
54,68,30.42,0,2.15
53,70,30.42,0,2.16
53,73,30.42,0,2.06
53,80,30.42,0,2.08
54,89,30.41,0,5.29
55,88,30.41,0,7.63
56,85,30.41,0,15.91
57,84,30.41,0,37.14
57,83,30.41,0,55.99
57,82,30.41,0,100.84
60,68,30.4,0,423.57
61,61,30.41,0,583.94
61,56,30.41,0,622.27
61,71,30.41,0,747.76
62,66,30.41,0,864.37
59,78,30.43,0,1007.24
59,76,30.43,0,1018.91
59,77,30.43,0,1041.17
59,80,30.43,0,1069.2
58,82,30.44,0,1075.35
57,85,30.44,0,1005.15
57,86,30.44,0,747.74
57,85,30.44,0,510.87
57,87,30.44,0,1060.72
56,88,30.44,0,859.78
56,90,30.45,0,1036.1
56,91,30.45,0,515.29
56,92,30.45,0,600.27
56,89,30.45,0,1044.73
55,88,30.45,0,640.71
55,91,30.45,0,619.73
55,92,30.45,0,637.36
55,90,30.45,0,983.69
55,88,30.45,0,517.55
55,89,30.45,0,480.37
55,91,30.45,0,319.84
54,95,30.45,0,832.45
53,95,30.45,0,698.69
53,97,30.45,0,380.59
53,97,30.45,0,365.79
53,99,30.45,0,412.69
52,99,30.45,0,229.38
52,99,30.44,0,368.25
52,99,30.45,0,349.22
52,99,30.44,0,401.65
52,99,30.44,0,278.69
52,99,30.44,0,330.6
52,98,30.44,0,326.79
52,98,30.44,0,303.69
52,98,30.44,0,316.83
52,97,30.44,0,355.89
52,97,30.44,0,335.14
52,96,30.44,0,346.39
52,95,30.44,0,252.02
52,95,30.44,0,321.17
51,95,30.43,0,269.56
51,95,30.43,0,326.71
51,95,30.43,0,312.71
50,95,30.43,0,217.87
50,94,30.43,0,267.26
50,94,30.43,0,237.62
50,94,30.43,0,248.85
49,95,30.43,0,218.21
48,96,30.43,0,189.73
47,96,30.43,0,169.8
46,95,30.42,0,26.74
46,94,30.42,0,20.21
45,91,30.42,0,19.15
45,90,30.42,0,18.03
45,90,30.42,0,16.82
45,85,30.42,0,15.34
45,82,30.41,0,13.74
45,83,30.41,0,12.08
45,81,30.41,0,10.2
45,78,30.41,0,8.07
45,68,30.41,0,5.61
45,63,30.41,0,3.33
44,58,30.41,0,2.11
44,56,30.41,0,1.97
44,58,30.41,0,2.0
44,61,30.41,0,1.92
44,61,30.41,0,2.03
44,61,30.4,0,2.16
43,61,30.4,0,2.11
43,62,30.4,0,2.29
43,63,30.4,0,2.4
44,62,30.4,0,2.37
44,64,30.4,0,2.41
44,65,30.4,0,2.61
44,71,30.4,0,2.41
44,65,30.4,0,2.06
44,64,30.4,0,2.46
43,67,30.4,0,2.52
43,67,30.4,0,2.52
43,68,30.4,0,2.21
43,67,30.39,0,2.49
43,68,30.39,0,2.37
43,68,30.39,0,2.39
43,67,30.39,0,2.32
43,67,30.39,0,2.88
43,67,30.4,0,2.5
43,67,30.4,0,2.8
43,66,30.4,0,2.77
43,67,30.4,0,2.73
44,67,30.4,0,2.8
44,63,30.4,0,2.79
45,64,30.4,0,3.38
44,63,30.4,0,3.32
43,65,30.4,0,3.09
44,68,30.4,0,2.96
44,66,30.4,0,2.83
44,63,30.4,0,2.82
44,63,30.4,0,2.73
44,64,30.4,0,2.74
44,64,30.4,0,2.77
44,67,30.4,0,2.73
44,66,30.4,0,2.75
45,66,30.4,0,2.54
45,65,30.4,0,2.47
45,65,30.4,0,2.37
45,64,30.4,0,2.25
45,63,30.4,0,2.23
45,62,30.4,0,2.33
45,64,30.4,0,2.33
45,65,30.4,0,2.52
45,65,30.4,0,2.68
45,64,30.4,0,2.55
45,64,30.4,0,2.55
46,63,30.4,0,2.75
46,62,30.4,0,2.94
46,60,30.4,0,3.22
47,59,30.4,0,3.4
47,60,30.4,0,3.29
47,59,30.4,0,3.62
46,60,30.4,0,3.39
46,60,30.4,0,2.52
46,61,30.41,0,2.81
46,60,30.4,0,2.85
46,61,30.4,0,1.56
46,64,30.41,0,1.63
46,62,30.41,0,1.85
46,62,30.41,0,2.87
47,61,30.41,0,2.39
48,56,30.41,0,1.75
48,56,30.41,0,2.57
48,56,30.41,0,1.93
47,57,30.42,0,1.87
47,59,30.42,0,1.84
48,60,30.42,0,2.01
48,58,30.42,0,2.43
48,59,30.42,0,2.49
48,58,30.42,0,2.04
49,58,30.42,0,2.18
49,58,30.42,0,2.28
49,58,30.42,0,2.4
49,59,30.43,0,2.27
49,59,30.43,0,2.44
49,59,30.43,0,2.3
49,59,30.42,0,2.28
48,59,30.42,0,2.41
48,63,30.42,0,2.37
47,68,30.42,0,2.38
47,72,30.42,0,2.79
47,73,30.42,0,2.51
47,76,30.42,0,2.44
47,80,30.43,0,2.65
47,83,30.43,0,2.4
48,85,30.43,0,2.49
47,83,30.43,0,2.21
47,85,30.43,0,2.16
47,85,30.43,0,2.33
47,88,30.42,0,2.46
47,84,30.42,0,2.54
47,82,30.42,0,2.55
47,82,30.42,0,2.58
47,85,30.42,0,2.75
47,88,30.42,0,2.5
47,88,30.42,0,2.07
47,88,30.42,0,2.15
48,88,30.43,0,2.02
48,86,30.42,0,2.0
48,88,30.42,0,1.96
48,89,30.42,0,1.99
48,88,30.42,0,1.89
48,88,30.42,0,1.73
48,84,30.42,0,1.87
47,87,30.41,0,2.17
47,97,30.41,0,1.96
47,99,30.41,0,2.07
48,100,30.41,0,2.0
49,100,30.41,0,2.14
49,100,30.41,0,2.26
49,100,30.41,0,2.04
49,100,30.41,0,2.38
50,100,30.41,0,2.4
50,100,30.41,0,2.11
50,100,30.41,0,2.47
50,100,30.41,0,2.17
50,100,30.41,0,1.98
51,100,30.4,0,1.93
51,99,30.4,0,2.06
51,99,30.4,0,2.04
51,99,30.4,0,1.89
51,99,30.4,0,1.89
51,98,30.4,0,3.1
51,98,30.4,0,2.19
52,98,30.4,0,2.94
52,97,30.4,0,3.76
52,97,30.4,0,4.84
53,96,30.4,0,8.21
53,95,30.4,0,18.75
54,94,30.4,0,33.95
54,93,30.4,0,23.15
54,92,30.4,0,38.48
55,91,30.4,0,68.92
55,90,30.4,0,79.45
56,91,30.4,0,100.95
56,90,30.39,0,146.41
56,90,30.39,0,159.12
56,89,30.39,0,182.95
56,89,30.39,0,211.22
56,90,30.39,0,250.48
56,90,30.39,0,319.5
56,92,30.39,0,280.16
55,93,30.39,0,468.75
54,93,30.39,0,246.22
54,93,30.39,0,152.79
54,94,30.39,0,192.54
54,93,30.4,0,155.49
55,93,30.39,0,227.73
55,92,30.39,0,225.04
56,91,30.39,0,265.17
56,91,30.39,0,424.49
56,90,30.39,0,305.13
56,90,30.39,0,483.37
56,90,30.39,0,434.18
56,89,30.39,0,279.35
57,88,30.39,0,246.76
57,86,30.39,0,347.15
57,86,30.39,0,489.78
56,85,30.39,0,542.74
56,87,30.39,0,366.17
56,85,30.39,0,463.62
56,89,30.39,0,448.12
56,90,30.39,0,428.2
56,89,30.39,0,314.74
56,88,30.39,0,309.65
56,87,30.39,0,354.86
57,87,30.39,0,384.22
57,88,30.39,0,389.25
58,85,30.39,0,641.01
58,85,30.39,0,435.61
58,85,30.39,0,584.98
58,84,30.39,0,900.04
58,85,30.4,0,589.95
58,85,30.39,0,666.6
59,82,30.39,0,565.82
60,81,30.39,0,498.63
59,82,30.4,0,1116.92
59,81,30.4,0,975.31
59,83,30.4,0,694.47
59,81,30.4,0,356.21
60,80,30.41,0,1094.71
59,79,30.4,0,1138.21
59,79,30.4,0,845.89
59,78,30.4,0,418.52
60,78,30.41,0,1058.52
60,75,30.4,0,1030.36
60,76,30.4,0,1022.54
60,76,30.41,0,1024.68
59,75,30.41,0,1036.05
59,76,30.41,0,1039.33
59,77,30.41,0,1045.99
59,76,30.41,0,1057.23
59,76,30.41,0,1065.47
58,75,30.41,0,1061.0
59,72,30.41,0,1064.29
58,77,30.41,0,1067.7
58,76,30.42,0,1069.02
58,78,30.42,0,1075.79
58,78,30.42,0,1076.68
58,81,30.42,0,1047.92
58,82,30.42,0,618.81
58,81,30.42,0,655.28
58,80,30.42,0,1083.17
58,81,30.42,0,1081.85
58,82,30.42,0,1101.78
58,81,30.42,0,1098.4
58,80,30.42,0,1063.62
58,80,30.42,0,1061.6
58,80,30.42,0,1058.16
58,78,30.42,0,1053.32
58,77,30.42,0,1045.95
58,79,30.42,0,1039.55
58,77,30.42,0,1034.72
58,76,30.42,0,1031.17
58,75,30.42,0,1023.67
59,72,30.42,0,1015.39
59,72,30.42,0,1007.97
59,72,30.42,0,1000.69
59,73,30.42,0,993.08
59,72,30.42,0,982.99
58,74,30.42,0,971.67
58,74,30.42,0,962.23
58,75,30.42,0,951.29
58,75,30.42,0,938.72
57,77,30.42,0,925.0
57,80,30.42,0,914.7
57,81,30.42,0,899.86
57,79,30.43,0,887.75
57,78,30.42,0,876.46
57,78,30.42,0,858.95
58,76,30.42,0,845.77
59,73,30.42,0,832.41
60,67,30.42,0,817.35
59,43,30.42,0,804.26
58,61,30.42,0,787.28
58,68,30.42,0,772.64
58,69,30.42,0,757.23
58,68,30.42,0,735.57
58,67,30.42,0,716.79
59,66,30.42,0,699.56
59,62,30.42,0,673.18
60,61,30.42,0,662.85
61,57,30.42,0,646.03
61,47,30.42,0,632.69
62,48,30.42,0,615.77
62,27,30.42,0,597.42
62,31,30.41,0,576.26
61,33,30.41,0,557.86
61,41,30.41,0,539.11
61,38,30.41,0,522.4
61,37,30.41,0,499.23
60,41,30.41,0,475.69
60,40,30.41,0,459.73
59,45,30.41,0,433.22
59,49,30.41,0,404.99
58,46,30.41,0,386.61
58,45,30.41,0,374.52
56,43,30.4,0,345.83
55,47,30.4,0,324.7
52,47,30.4,0,299.2
51,54,30.4,0,269.55
50,54,30.4,0,241.89
49,54,30.4,0,210.89
48,57,30.4,0,174.64
47,58,30.4,0,158.75
46,61,30.4,0,52.26
46,60,30.4,0,27.36
46,61,30.4,0,25.74
46,61,30.39,0,24.24
45,61,30.39,0,22.66
45,61,30.39,0,20.82
45,61,30.39,0,18.91
45,64,30.39,0,16.6
45,65,30.39,0,13.19
45,65,30.39,0,9.02
45,65,30.39,0,8.4
45,65,30.39,0,6.12
45,66,30.39,0,4.28
45,67,30.38,0,3.01
45,68,30.38,0,2.86
45,68,30.38,0,2.92
45,68,30.38,0,3.24
45,68,30.38,0,2.88
45,68,30.38,0,2.96
45,68,30.38,0,2.67
45,67,30.38,0,2.27
45,66,30.38,0,2.06
46,66,30.38,0,2.2
46,66,30.38,0,2.36
46,65,30.38,0,2.39
46,66,30.38,0,2.2
45,66,30.38,0,2.45
45,67,30.38,0,2.38
46,68,30.38,0,2.4
46,66,30.38,0,2.35
46,66,30.38,0,2.44
46,67,30.38,0,2.66
46,67,30.38,0,2.8
46,67,30.38,0,2.5
46,68,30.38,0,2.35
45,68,30.38,0,2.55
45,70,30.38,0,2.17
45,70,30.38,0,2.3
45,71,30.38,0,2.51
45,71,30.38,0,2.96
45,71,30.38,0,2.8
45,71,30.38,0,2.96
45,71,30.38,0,2.64
45,72,30.38,0,3.24
45,73,30.38,0,2.65
46,74,30.38,0,3.57
46,73,30.38,0,3.11
46,74,30.38,0,3.09
46,74,30.39,0,3.28
46,75,30.39,0,3.31
46,75,30.39,0,3.54
46,76,30.39,0,3.87
46,76,30.39,0,4.28
47,76,30.39,0,4.04
47,75,30.39,0,2.89
47,75,30.39,0,2.69
47,75,30.39,0,2.94
47,75,30.39,0,3.21
47,75,30.39,0,3.03
47,75,30.39,0,2.99
47,75,30.39,0,3.44
47,75,30.4,0,2.74
47,76,30.39,0,2.48
47,75,30.39,0,2.05
47,76,30.39,0,2.28
47,75,30.39,0,2.93
47,75,30.39,0,2.8
47,76,30.4,0,2.86
47,76,30.4,0,2.78
47,76,30.4,0,2.73
47,76,30.4,0,3.08
47,76,30.4,0,2.87
47,76,30.41,0,2.69
47,78,30.41,0,2.44
47,82,30.41,0,3.15
47,79,30.41,0,3.82
47,80,30.41,0,3.8
47,79,30.41,0,2.7
46,74,30.42,0,2.27
46,73,30.42,0,3.06
46,72,30.43,0,2.34
47,70,30.43,0,2.28
47,70,30.43,0,2.19
48,67,30.43,0,2.27
48,64,30.43,0,2.27
48,64,30.43,0,2.35
48,58,30.43,0,2.5
47,58,30.43,0,2.5
47,57,30.43,0,2.15
48,58,30.43,0,2.27
48,57,30.43,0,2.22
48,60,30.43,0,2.21
48,58,30.43,0,2.31
48,57,30.43,0,2.4
48,55,30.43,0,2.58
48,58,30.43,0,2.9
48,60,30.43,0,2.14
48,62,30.43,0,2.46
49,62,30.43,0,2.15
49,61,30.43,0,2.15
49,60,30.43,0,2.32
49,61,30.43,0,2.06
48,60,30.43,0,2.23
48,58,30.43,0,2.11
49,63,30.43,0,2.53
49,64,30.43,0,3.04
49,61,30.43,0,2.81
50,62,30.43,0,3.32
50,60,30.43,0,3.07
49,49,30.43,0,3.04
49,65,30.43,0,3.08
49,67,30.43,0,2.97
49,67,30.43,0,2.95
49,64,30.43,0,2.84
49,71,30.43,0,2.12
49,65,30.43,0,2.37
49,66,30.43,0,2.07
49,65,30.42,0,2.01
49,69,30.42,0,1.95
49,71,30.42,0,2.03
48,78,30.42,0,2.25
48,83,30.42,0,2.24
48,90,30.42,0,1.97
48,98,30.42,0,2.1
48,99,30.41,0,2.01
49,100,30.41,0,2.23
49,100,30.41,0,2.01
49,100,30.41,0,2.2
49,100,30.41,0,2.27
49,99,30.41,0,2.21
50,100,30.41,0,2.36
51,100,30.41,0,2.23
51,100,30.41,0,2.42
51,100,30.41,0,2.44
52,100,30.41,0,2.49
52,100,30.41,0,2.4
53,100,30.41,0,2.7
53,101,30.41,0,2.29
53,101,30.41,0,3.31
53,101,30.41,0,2.53
53,100,30.41,0,2.64
52,100,30.41,0,2.66
52,100,30.41,0,2.74
52,100,30.41,0,2.98
52,99,30.41,0,3.86
53,99,30.4,0,5.4
53,99,30.4,0,5.7
53,99,30.4,0,8.6
54,99,30.4,0,12.41
54,98,30.4,0,13.8
54,98,30.4,0,19.85
55,98,30.4,0,28.89
55,97,30.4,0,19.3
56,97,30.4,0,28.9
56,95,30.4,0,69.48
57,96,30.4,0,100.54
57,97,30.4,0,183.01
56,97,30.39,0,214.8
56,97,30.4,0,199.17
56,96,30.4,0,77.75
57,96,30.4,0,249.42
57,96,30.4,0,260.16
56,96,30.4,0,155.72
56,96,30.4,0,200.86
56,95,30.4,0,121.77
57,93,30.4,0,128.43
58,92,30.4,0,167.58
58,92,30.4,0,460.3
59,91,30.4,0,265.4
59,89,30.4,0,138.54
60,89,30.4,0,313.54
60,91,30.4,0,206.02
59,89,30.4,0,278.73
60,90,30.4,0,261.55
59,92,30.4,0,295.9
59,92,30.4,0,235.97
59,92,30.4,0,274.33
59,92,30.4,0,782.34
58,92,30.4,0,498.57
58,94,30.4,0,891.81
58,92,30.4,0,342.9
59,93,30.4,0,432.97
59,91,30.4,0,436.0
59,91,30.4,0,417.58
59,92,30.4,0,536.21
60,91,30.4,0,611.49
60,91,30.41,0,669.09
60,92,30.41,0,1003.99
59,93,30.4,0,789.48
59,92,30.41,0,674.18
59,91,30.41,0,400.64
60,90,30.41,0,330.78
61,88,30.41,0,449.05
61,88,30.41,0,759.98
60,89,30.41,0,961.28
60,91,30.41,0,562.24
60,90,30.41,0,1254.94
60,90,30.41,0,757.11
60,90,30.41,0,635.99
61,89,30.41,0,1104.42
62,89,30.41,0,399.37
63,86,30.42,0,326.89
63,79,30.41,0,612.87
64,81,30.42,0,1264.07
64,82,30.42,0,1102.97
64,82,30.42,0,1067.42
64,75,30.42,0,1035.15
64,69,30.42,0,1051.18
64,71,30.42,0,1064.99
64,73,30.42,0,1045.39
63,67,30.42,0,1049.51
64,70,30.43,0,1056.3
64,67,30.43,0,1063.15
63,67,30.43,0,1067.19
64,67,30.43,0,1067.92
64,66,30.43,0,1073.58
64,67,30.43,0,1073.56
63,66,30.43,0,1069.75
63,67,30.43,0,1072.92
63,67,30.43,0,1072.67
63,65,30.44,0,1071.92
63,66,30.44,0,1069.88
63,65,30.44,0,1067.61
63,63,30.44,0,1064.63
63,67,30.44,0,1062.72
63,71,30.44,0,1057.8
62,64,30.44,0,1054.64
62,73,30.44,0,1048.61
62,70,30.44,0,1044.18
62,68,30.44,0,1039.76
62,60,30.45,0,1036.12
62,67,30.45,0,1028.58
62,63,30.45,0,1020.18
62,70,30.45,0,1012.25
62,69,30.45,0,1005.56
61,69,30.45,0,996.12
62,59,30.45,0,991.02
61,68,30.45,0,979.73
61,76,30.45,0,966.72
61,75,30.45,0,956.43
61,65,30.45,0,949.43
60,70,30.45,0,926.04
60,73,30.45,0,911.03
60,75,30.45,0,899.71
60,74,30.45,0,884.26
59,75,30.45,0,872.42
59,78,30.45,0,859.81
59,83,30.45,0,843.56
58,83,30.45,0,827.57
58,85,30.45,0,814.74
58,86,30.45,0,799.38
58,85,30.45,0,783.1
57,83,30.44,0,767.87
58,87,30.44,0,750.56
57,86,30.44,0,734.56
58,87,30.44,0,716.31
58,86,30.44,0,698.22
58,87,30.44,0,679.18
58,84,30.44,0,661.98
57,87,30.43,0,644.55
57,86,30.43,0,625.9
57,88,30.43,0,604.9
57,88,30.44,0,586.42
57,81,30.43,0,567.5
57,82,30.43,0,547.51
56,83,30.43,0,528.53
56,84,30.43,0,507.32
56,76,30.43,0,486.42
56,75,30.43,0,466.48
56,76,30.42,0,447.18
55,78,30.43,0,424.37
55,79,30.43,0,402.82
54,80,30.43,0,381.74
54,81,30.42,0,360.59
53,81,30.42,0,339.94
53,80,30.42,0,318.11
52,78,30.42,0,295.29
52,74,30.42,0,268.54
50,76,30.42,0,241.12
50,80,30.42,0,212.48
49,80,30.42,0,184.38
48,81,30.42,0,157.52
47,82,30.42,0,64.36
47,80,30.42,0,20.34
47,79,30.42,0,19.1
47,75,30.42,0,18.38
47,74,30.41,0,17.24
47,74,30.41,0,15.33
47,74,30.41,0,13.76
47,73,30.41,0,11.91
46,72,30.41,0,9.63
47,71,30.41,0,7.38
47,71,30.41,0,5.84
47,71,30.41,0,4.14
47,64,30.41,0,2.45
47,70,30.41,0,1.97
47,71,30.4,0,2.36
47,71,30.4,0,1.66
47,72,30.4,0,1.66
47,72,30.4,0,2.65
47,73,30.4,0,2.69
47,73,30.4,0,1.7
46,74,30.4,0,1.79
47,74,30.4,0,1.65
46,75,30.4,0,1.53
46,75,30.4,0,2.01
47,76,30.4,0,1.58
47,75,30.4,0,1.54
47,73,30.4,0,1.86
46,74,30.4,0,1.51
47,75,30.4,0,1.5
47,73,30.4,0,1.66
47,72,30.4,0,1.71
47,73,30.4,0,1.85
47,70,30.4,0,2.17
47,72,30.4,0,2.7
47,74,30.4,0,3.37
46,74,30.4,0,3.14
47,76,30.4,0,2.22
47,77,30.4,0,2.18
48,76,30.4,0,1.87
48,75,30.41,0,1.95
49,74,30.41,0,2.05
48,75,30.41,0,2.34
47,70,30.41,0,1.96
47,73,30.41,0,1.99
47,75,30.41,0,2.05
47,76,30.41,0,2.15
47,79,30.41,0,1.8
46,78,30.41,0,1.79
46,78,30.41,0,1.79
46,80,30.41,0,1.93
46,82,30.41,0,2.44
46,81,30.41,0,2.56
46,83,30.41,0,1.85
46,82,30.42,0,1.94
46,82,30.42,0,2.07
46,85,30.42,0,2.05
46,84,30.42,0,1.98
46,85,30.42,0,2.04
46,88,30.42,0,2.07
46,88,30.42,0,2.08
46,87,30.42,0,1.81
46,88,30.42,0,1.89
46,89,30.42,0,1.92
46,91,30.43,0,1.92
46,91,30.43,0,1.86
46,90,30.43,0,1.78
46,90,30.43,0,1.91
46,91,30.43,0,2.25
46,92,30.43,0,2.42
46,91,30.44,0,2.71
46,91,30.44,0,3.0
47,89,30.44,0,3.19
47,87,30.44,0,2.82
47,87,30.44,0,2.55
47,85,30.44,0,2.13
47,82,30.44,0,2.41
48,81,30.44,0,2.27
48,79,30.44,0,2.55
48,78,30.44,0,3.03
48,81,30.44,0,3.22
49,82,30.44,0,1.87
49,82,30.44,0,2.2
49,83,30.45,0,2.14
48,85,30.45,0,2.17
48,86,30.45,0,2.41
48,86,30.45,0,2.58
48,90,30.45,0,2.8
48,90,30.45,0,3.04
48,92,30.45,0,3.42
48,95,30.45,0,3.59
48,95,30.45,0,2.32
49,96,30.46,0,2.3
49,96,30.46,0,2.03
49,97,30.46,0,2.23
49,97,30.46,0,2.59
49,97,30.46,0,2.46
49,97,30.46,0,2.99
49,96,30.46,0,2.54
49,97,30.46,0,2.79
49,97,30.46,0,2.1
50,97,30.46,0,2.67
50,96,30.46,0,2.73
50,96,30.46,0,2.08
50,96,30.46,0,2.54
50,95,30.46,0,3.36
50,94,30.47,0,3.04
50,94,30.47,0,3.33
50,94,30.47,0,2.62
50,93,30.47,0,2.81
50,93,30.47,0,3.33
50,93,30.47,0,3.44
50,93,30.47,0,1.89
50,93,30.47,0,1.71
50,92,30.47,0,2.01
50,92,30.47,0,2.1
51,91,30.47,0,2.22
51,90,30.47,0,1.97
51,91,30.47,0,2.21
51,89,30.47,0,2.25
51,89,30.46,0,2.07
50,89,30.46,0,2.04
50,88,30.46,0,2.18
50,88,30.46,0,2.35
50,86,30.46,0,2.46
51,86,30.46,0,2.43
51,87,30.45,0,2.67
51,87,30.45,0,2.67
51,84,30.45,0,2.88
51,85,30.45,0,2.87
51,85,30.45,0,2.54
51,85,30.45,0,2.47
52,83,30.45,0,2.97
52,82,30.45,0,3.04
52,81,30.45,0,2.87
52,81,30.45,0,2.68
53,83,30.45,0,2.36
52,80,30.45,0,2.51
52,82,30.44,0,2.35
52,88,30.44,0,2.31
53,89,30.44,0,2.23
53,90,30.44,0,2.43
53,90,30.44,0,2.78
53,90,30.44,0,3.83
53,89,30.44,0,6.05
53,93,30.43,0,8.26
53,97,30.43,0,11.07
53,97,30.44,0,13.94
53,97,30.44,0,23.74
53,99,30.44,0,15.52
53,98,30.44,0,16.18
53,100,30.44,0,18.84
54,101,30.44,0,22.19
54,101,30.44,0,29.04
54,101,30.44,0,35.23
54,101,30.44,0,34.35
54,101,30.44,0,39.49
54,101,30.44,0,46.92
54,101,30.44,0,53.76
54,101,30.44,0,53.25
54,101,30.44,0,50.08
54,101,30.44,0,45.93
54,101,30.44,0,27.42
54,101,30.44,0,36.74
54,101,30.44,0,45.33
54,101,30.44,0,62.7
54,101,30.44,0,58.74
55,101,30.44,0,38.75
55,101,30.44,0,39.71
55,101,30.44,0,42.11
55,101,30.44,0,50.6
55,101,30.44,0,41.7
55,101,30.44,0,46.66
55,101,30.43,0,50.21
55,101,30.44,0,58.33
55,101,30.43,0,58.83
55,101,30.43,0,82.05
56,101,30.43,0,88.99
56,101,30.43,0,64.01
56,101,30.44,0,49.58
56,101,30.44,0,39.23
56,101,30.44,0,40.77
56,101,30.43,0,46.86
56,101,30.43,0,74.2
57,101,30.43,0,62.21
57,101,30.44,0,59.87
57,101,30.43,0,70.39
57,101,30.44,0,182.14
58,101,30.44,0,284.65
57,101,30.44,0,213.01
57,101,30.44,0,279.7
58,101,30.44,0,251.53
58,101,30.44,0,342.44
58,101,30.44,0,312.86
58,101,30.44,0,289.49
58,100,30.44,0,294.59
58,100,30.44,0,274.43
58,100,30.44,0,316.49
58,100,30.45,0,284.82
58,100,30.45,0,265.44
57,100,30.45,0,300.03
56,98,30.45,0,322.67
56,99,30.46,0,393.56
57,99,30.46,0,461.99
57,99,30.46,0,450.37
57,99,30.46,0,369.13
57,98,30.46,0,300.37
58,99,30.46,0,333.81
59,99,30.46,0,359.65
59,98,30.46,0,309.7
59,97,30.46,0,223.03
59,96,30.46,0,276.19
61,96,30.46,0,418.5
61,93,30.47,0,390.29
61,90,30.47,0,801.33
62,90,30.47,0,988.64
62,91,30.47,0,781.09
61,92,30.47,0,1265.47
61,94,30.47,0,585.8
61,93,30.47,0,1601.26
61,92,30.47,0,415.06
61,90,30.47,0,647.32
61,90,30.47,0,805.75
61,90,30.47,0,654.34
60,91,30.48,0,1475.4
60,93,30.48,0,536.0
59,94,30.47,0,1207.12
60,94,30.47,0,640.51
59,95,30.47,0,446.14
59,94,30.47,0,550.48
59,94,30.48,0,345.28
59,94,30.48,0,498.69
59,95,30.48,0,1368.35
58,96,30.48,0,596.23
58,96,30.48,0,494.83
57,96,30.48,0,575.19
57,96,30.48,0,326.84
57,96,30.48,0,382.64
57,96,30.48,0,344.42
57,96,30.48,0,280.96
57,96,30.49,0,247.14
57,97,30.49,0,295.0
57,97,30.48,0,322.54
57,98,30.48,0,248.3
57,98,30.48,0,304.43
56,98,30.48,0,850.5
56,98,30.48,0,347.41
56,99,30.48,0,294.22
55,99,30.48,0,345.62
56,99,30.48,0,241.92
55,99,30.48,0,249.44
55,98,30.48,0,173.94
55,98,30.48,0,194.41
55,97,30.48,0,139.9
56,97,30.48,0,147.86
56,97,30.48,0,177.73
56,97,30.48,0,258.39
57,97,30.48,0,221.03
57,96,30.47,0,601.77
57,95,30.47,0,379.77
57,94,30.47,0,360.77
57,93,30.47,0,619.64
57,93,30.47,0,544.75
57,93,30.47,0,512.11
57,92,30.47,0,506.97
57,90,30.47,0,472.09
57,89,30.47,0,450.49
57,87,30.46,0,430.69
58,86,30.46,0,409.55
58,83,30.46,0,389.8
59,82,30.46,0,368.03
59,83,30.46,0,346.02
58,80,30.46,0,325.9
57,82,30.46,0,304.24
56,83,30.46,0,280.91
56,83,30.46,0,254.63
55,83,30.45,0,231.02
54,84,30.46,0,203.49
54,84,30.45,0,179.61
53,86,30.45,0,154.09
53,87,30.45,0,125.33
52,87,30.45,0,28.01
52,87,30.45,0,22.57
52,87,30.45,0,19.31
52,87,30.45,0,16.69
52,87,30.45,0,15.6
52,88,30.44,0,13.72
52,87,30.44,0,11.62
52,88,30.45,0,9.47
52,87,30.45,0,7.57
52,88,30.44,0,5.96
52,88,30.44,0,4.64
52,89,30.44,0,3.12
52,90,30.44,0,2.51
52,92,30.44,0,2.77
52,93,30.44,0,3.22
52,95,30.44,0,3.26
52,95,30.44,0,3.46
52,96,30.44,0,3.64
52,95,30.44,0,2.97
52,95,30.44,0,3.93
52,96,30.45,0,2.84
52,97,30.44,0,3.08
52,97,30.44,0,2.71
52,98,30.44,0,3.21
52,98,30.44,0,2.51
52,99,30.44,0,2.59
52,98,30.45,0,2.59
52,98,30.45,0,2.43
52,98,30.45,0,2.49
52,98,30.45,0,2.6
52,97,30.44,0,2.93
52,97,30.44,0,2.59
52,97,30.44,0,2.44
52,97,30.44,0,2.47
52,97,30.44,0,2.53
52,97,30.44,0,2.52
52,97,30.44,0,2.57
52,97,30.44,0,2.53
52,96,30.44,0,2.58
51,95,30.44,0,2.54
51,95,30.44,0,2.55
51,95,30.44,0,2.45
51,94,30.44,0,2.96
51,94,30.44,0,2.25
51,95,30.44,0,2.89
51,94,30.44,0,2.62
51,94,30.44,0,2.77
51,93,30.44,0,2.58
51,94,30.45,0,2.4
50,93,30.45,0,2.53
50,93,30.45,0,1.76
50,93,30.45,0,2.35
50,94,30.44,0,2.07
50,94,30.44,0,2.34
50,93,30.45,0,1.99
50,93,30.45,0,2.64
50,89,30.45,0,2.74
50,86,30.45,0,2.73
50,86,30.45,0,3.09
50,85,30.45,0,3.01
50,87,30.45,0,3.75
50,87,30.45,0,4.03
50,87,30.45,0,3.65
51,87,30.45,0,3.98
51,86,30.45,0,3.6
50,87,30.46,0,3.96
49,94,30.46,0,3.03
49,91,30.46,0,3.34
49,93,30.46,0,3.36
49,95,30.46,0,3.47
49,97,30.46,0,3.52
49,97,30.46,0,3.61
49,94,30.46,0,3.08
49,95,30.46,0,3.72
49,97,30.46,0,3.4
49,97,30.47,0,2.27
49,98,30.47,0,3.81
49,100,30.47,0,2.52
49,100,30.47,0,2.61
49,100,30.47,0,2.96
50,101,30.47,0,3.06
50,101,30.47,0,4.32
50,101,30.47,0,4.64
51,101,30.47,0,2.67
50,101,30.47,0,2.41
51,101,30.47,0,2.75
51,101,30.48,0,3.38
51,101,30.48,0,2.05
51,101,30.48,0,2.29
51,101,30.47,0,2.34
52,101,30.48,0,2.42
52,101,30.48,0,2.19
52,101,30.48,0,2.86
52,101,30.48,0,2.49
52,101,30.48,0,2.71
53,101,30.48,0,2.47
53,101,30.48,0,2.66
53,101,30.48,0,2.61
54,102,30.49,0,2.91
54,101,30.48,0,3.24
54,102,30.48,0,2.01
54,102,30.48,0,1.71
54,101,30.48,0,2.1
54,101,30.48,0,2.31
54,101,30.48,0,2.3
54,101,30.48,0,2.42
54,101,30.48,0,1.57
55,101,30.48,0,1.82
55,101,30.48,0,1.91
55,101,30.48,0,2.11
55,101,30.48,0,1.95
55,101,30.48,0,2.12
55,101,30.48,0,2.08
55,101,30.48,0,2.04
55,101,30.48,0,2.2
55,101,30.48,0,2.08
55,101,30.48,0,2.06
55,101,30.48,0,2.0
55,101,30.48,0,2.1
55,101,30.47,0,2.35
56,101,30.47,0,2.75
56,101,30.47,0,2.74
56,101,30.47,0,2.81
56,101,30.47,0,2.62
56,101,30.47,0,2.67
56,101,30.46,0,2.61
56,101,30.46,0,2.79
56,101,30.46,0,3.08
56,101,30.46,0,3.0
56,101,30.46,0,3.03
56,101,30.46,0,2.88
56,101,30.46,0,2.27
56,101,30.45,0,2.6
56,101,30.45,0,2.61
56,101,30.45,0,2.55
56,101,30.45,0,2.54
56,100,30.45,0,2.22
56,100,30.45,0,2.54
56,100,30.44,0,2.51
56,100,30.44,0,2.27
56,100,30.44,0,2.75
56,100,30.44,0,4.28
56,100,30.44,0,4.43
56,100,30.43,0,6.52
56,100,30.43,0,8.52
57,100,30.43,0,10.41
57,100,30.43,0,10.42
57,99,30.43,0,14.67
57,99,30.43,0,18.18
57,99,30.43,0,35.46
58,98,30.43,0,35.37
58,97,30.43,0,31.65
58,96,30.43,0,37.98
58,94,30.42,0,48.17
58,95,30.42,0,47.47
58,94,30.42,0,39.86
58,96,30.42,0,46.07
58,95,30.42,0,47.83
58,94,30.42,0,61.26
58,94,30.42,0,60.48
58,95,30.42,0,59.41
59,95,30.42,0,53.43
59,94,30.42,0,42.25
59,91,30.42,0,45.28
60,89,30.42,0,44.96
60,91,30.41,0,36.33
60,91,30.41,0,41.64
60,91,30.41,0,50.2
60,91,30.41,0,44.71
60,93,30.41,0,61.85
60,96,30.41,0,96.61
59,96,30.41,0,210.02
59,97,30.41,0,338.05
58,98,30.41,0,257.11
58,98,30.41,0,247.29
58,97,30.42,0,169.84
58,97,30.42,0,120.78
58,96,30.42,0,122.26
58,97,30.41,0,137.83
58,97,30.41,0,123.72
58,97,30.41,0,117.22
57,98,30.42,0,140.73
57,98,30.42,0,133.14
57,99,30.42,0,96.24
57,99,30.42,0,69.36
57,98,30.42,0,58.4
57,98,30.43,0,49.82
57,98,30.43,0,44.8
57,98,30.43,0,60.64
57,98,30.43,0,81.35
57,98,30.43,0,98.3
57,98,30.43,0,84.5
58,98,30.43,0,107.4
58,98,30.43,0,143.7
58,98,30.43,0,165.49
58,98,30.43,0,145.06
58,99,30.43,0,109.21
57,99,30.43,0,101.85
58,99,30.43,0,129.59
57,99,30.43,0,195.52
57,99,30.43,0,190.01
57,99,30.43,0,126.81
57,99,30.43,0,104.32
57,99,30.43,0,115.67
57,99,30.43,0,144.64
57,99,30.44,0,176.7
57,99,30.44,0,192.03
57,98,30.44,0,129.98
57,98,30.44,0,173.79
57,98,30.44,0,182.19
58,97,30.44,0,150.55
58,97,30.45,0,134.28
58,96,30.45,0,109.98
58,96,30.45,0,99.43
58,96,30.45,0,131.56
58,96,30.45,0,182.15
58,96,30.45,0,139.61
59,96,30.45,0,126.84
59,95,30.45,0,57.3
59,95,30.45,0,32.15
60,93,30.45,0,60.84
60,92,30.45,0,182.37
61,89,30.45,0,102.8
61,86,30.45,0,206.03
62,87,30.46,0,128.77
62,79,30.46,0,201.05
62,81,30.46,0,176.47
62,81,30.46,0,150.5
62,78,30.46,0,215.95
63,81,30.46,0,247.89
63,80,30.46,0,225.56
63,79,30.46,0,289.74
63,78,30.46,0,464.71
62,80,30.46,0,467.61
62,80,30.46,0,398.25
62,81,30.46,0,865.52
62,79,30.46,0,386.09
62,78,30.46,0,663.01
62,81,30.46,0,430.17
62,80,30.46,0,304.57
62,82,30.46,0,675.33
61,84,30.46,0,1088.09
61,83,30.46,0,696.79
61,81,30.46,0,693.26
61,82,30.46,0,479.44
61,84,30.46,0,435.7
60,85,30.46,0,734.06
60,86,30.46,0,938.35
60,84,30.46,0,739.38
60,85,30.46,0,294.44
60,84,30.46,0,435.19
60,82,30.46,0,771.37
60,82,30.45,0,754.28
60,85,30.45,0,724.96
60,82,30.45,0,683.91
59,85,30.45,0,665.26
59,87,30.45,0,641.15
59,87,30.45,0,621.21
59,86,30.45,0,602.55
59,87,30.45,0,271.8
59,85,30.45,0,563.82
58,86,30.45,0,545.26
58,86,30.45,0,525.48
58,87,30.44,0,505.59
57,88,30.44,0,487.66
57,89,30.44,0,469.79
57,90,30.44,0,451.16
57,91,30.44,0,431.45
57,90,30.44,0,410.34
57,88,30.44,0,390.03
57,87,30.44,0,370.36
56,88,30.44,0,350.1
56,90,30.43,0,329.47
55,90,30.43,0,311.13
55,91,30.43,0,289.96
55,91,30.43,0,267.21
54,91,30.43,0,241.77
54,91,30.43,0,217.24
53,92,30.43,0,194.02
53,92,30.42,0,170.13
52,93,30.42,0,139.01
51,93,30.42,0,19.61
51,94,30.42,0,18.74
50,94,30.42,0,17.96
50,94,30.42,0,16.42
50,93,30.42,0,16.21
50,93,30.42,0,14.37
50,92,30.42,0,13.29
50,92,30.42,0,10.01
50,92,30.42,0,7.94
51,92,30.42,0,6.04
50,92,30.42,0,4.46
50,92,30.42,0,1.87
50,92,30.42,0,1.63
51,92,30.42,0,1.74
51,92,30.42,0,1.75
51,92,30.41,0,1.92
50,92,30.41,0,1.92
50,93,30.41,0,2.13
50,93,30.41,0,2.76
50,94,30.41,0,2.5
50,94,30.41,0,2.23
50,93,30.41,0,2.3
50,92,30.4,0,2.55
51,92,30.41,0,2.54
51,92,30.41,0,2.44
51,91,30.41,0,2.66
51,91,30.4,0,2.72
51,92,30.4,0,2.95
51,93,30.4,0,2.87
51,94,30.4,0,2.9
51,95,30.4,0,2.95
51,96,30.4,0,2.94
51,96,30.4,0,3.01
52,96,30.4,0,3.05
52,97,30.41,0,2.56
51,97,30.4,0,2.6
51,96,30.41,0,2.86
51,96,30.41,0,3.05
52,97,30.41,0,3.36
52,96,30.41,0,3.15
51,93,30.41,0,2.78
51,94,30.41,0,2.8
51,95,30.4,0,3.25
51,96,30.41,0,3.51
52,95,30.41,0,3.6
52,96,30.41,0,3.9
52,93,30.41,0,3.56
53,93,30.41,0,3.49
53,91,30.41,0,2.17
53,92,30.41,0,1.98
53,93,30.41,0,3.27
53,94,30.41,0,3.2
52,95,30.41,0,2.35
52,95,30.41,0,1.94
52,96,30.41,0,1.89
52,96,30.41,0,1.94
52,97,30.41,0,1.88
52,97,30.42,0,1.99
52,96,30.42,0,2.22
52,96,30.42,0,2.13
52,96,30.42,0,2.69
52,96,30.42,0,3.64
52,96,30.42,0,2.23
52,96,30.42,0,3.01
52,96,30.42,0,2.99
52,96,30.42,0,4.33
52,96,30.42,0,2.19
53,96,30.42,0,2.74
53,96,30.43,0,3.19
53,97,30.43,0,3.59
53,97,30.43,0,3.86
53,97,30.43,0,1.88
53,97,30.43,0,1.68
53,97,30.43,0,1.91
53,97,30.44,0,1.66
53,97,30.44,0,1.7
52,97,30.44,0,1.8
52,97,30.44,0,1.85
53,97,30.45,0,2.25
53,98,30.45,0,2.01
53,98,30.45,0,2.06
53,98,30.45,0,2.21
53,98,30.45,0,2.56
53,98,30.45,0,3.03
53,98,30.45,0,2.59
53,98,30.45,0,2.66
53,99,30.45,0,2.64
53,99,30.45,0,3.34
52,99,30.45,0,3.27
53,99,30.45,0,2.85
53,99,30.46,0,2.76
53,99,30.46,0,2.66
53,99,30.46,0,2.75
53,99,30.46,0,2.92
53,99,30.46,0,3.19
53,99,30.46,0,2.8
53,99,30.46,0,2.32
53,99,30.46,0,1.93
53,99,30.46,0,2.27
53,99,30.46,0,2.02
53,100,30.46,0,1.86
53,100,30.46,0,1.93
53,100,30.46,0,1.86
53,101,30.46,0,2.08
53,101,30.46,0,1.72
53,101,30.46,0,1.79
54,101,30.46,0,2.84
54,101,30.46,0,1.99
54,101,30.46,0,1.79
54,101,30.47,0,1.85
54,101,30.47,0,2.17
54,101,30.46,0,1.67
54,101,30.46,0,1.95
53,101,30.46,0,1.9
53,101,30.46,0,1.89
53,101,30.46,0,2.45
53,101,30.46,0,2.54
53,101,30.46,0,2.41
53,100,30.46,0,2.42
54,100,30.46,0,2.59
54,100,30.46,0,2.77
54,100,30.46,0,2.81
54,100,30.46,0,2.93
54,100,30.46,0,2.89
54,100,30.46,0,2.87
54,100,30.46,0,2.59
54,100,30.46,0,2.56
55,100,30.45,0,2.31
54,100,30.45,0,2.5
54,100,30.45,0,2.75
55,100,30.45,0,2.93
55,99,30.45,0,3.07
55,99,30.45,0,3.04
55,99,30.45,0,3.17
55,99,30.45,0,3.45
55,99,30.45,0,3.44
55,98,30.45,0,1.95
55,98,30.45,0,2.34
55,97,30.45,0,2.45
55,97,30.45,0,2.25
56,96,30.45,0,2.33
56,95,30.45,0,2.38
57,93,30.45,0,2.98
57,91,30.45,0,4.05
58,88,30.45,0,8.55
58,86,30.45,0,55.73
58,85,30.45,0,46.53
59,84,30.45,0,39.1
58,85,30.44,0,71.77
59,84,30.44,0,63.67
58,85,30.44,0,64.89
58,84,30.44,0,81.22
59,85,30.44,0,111.68
59,83,30.44,0,125.13
60,84,30.44,0,161.93
60,83,30.44,0,329.62
60,82,30.44,0,273.94
59,82,30.44,0,276.47
59,81,30.44,0,113.1
59,84,30.44,0,366.48
59,84,30.44,0,383.31
59,85,30.44,0,326.75
59,84,30.44,0,397.01
59,85,30.44,0,97.99
60,84,30.43,0,560.97
60,83,30.43,0,207.71
61,80,30.43,0,441.23
61,79,30.43,0,219.95
61,80,30.44,0,151.68
61,77,30.44,0,633.9
62,76,30.44,0,146.46
62,76,30.43,0,611.72
62,73,30.43,0,554.73
62,75,30.43,0,573.62
62,75,30.43,0,595.72
62,76,30.43,0,630.46
62,78,30.43,0,723.83
63,76,30.43,0,723.78
62,73,30.43,0,206.12
62,73,30.43,0,749.09
62,73,30.44,0,727.93
62,74,30.44,0,730.96
61,79,30.43,0,854.21
62,78,30.44,0,262.72
62,74,30.44,0,913.08
62,75,30.44,0,426.45
62,77,30.44,0,840.74
62,75,30.44,0,331.24
62,73,30.44,0,939.55
62,73,30.44,0,904.94
63,70,30.44,0,873.71
63,69,30.44,0,879.59
63,68,30.44,0,895.73
63,66,30.44,0,909.25
63,72,30.44,0,931.96
63,71,30.44,0,943.36
63,71,30.44,0,955.95
62,71,30.45,0,966.7
62,70,30.44,0,978.68
63,70,30.44,0,988.77
63,67,30.44,0,993.41
63,70,30.44,0,999.87
63,69,30.44,0,1011.23
63,70,30.45,0,1018.05
63,70,30.44,0,1024.83
64,68,30.45,0,1031.59
64,65,30.45,0,1029.84
64,63,30.45,0,1037.8
64,62,30.45,0,1043.28
64,59,30.45,0,1027.13
64,61,30.45,0,1048.63
65,61,30.45,0,1052.69
65,58,30.45,0,1054.84
65,44,30.45,0,1058.82
65,47,30.45,0,1059.79
65,50,30.45,0,1059.37
65,51,30.45,0,1062.01
65,47,30.45,0,1060.85
65,49,30.45,0,1059.3
65,48,30.46,0,1058.03
65,49,30.45,0,1057.91
64,49,30.46,0,1055.61
64,49,30.46,0,1054.54
64,53,30.46,0,1050.79
64,50,30.46,0,1046.7
64,53,30.46,0,1042.62
64,53,30.46,0,1039.6
64,54,30.46,0,1031.01
64,54,30.46,0,1026.27
64,50,30.46,0,1019.04
64,51,30.46,0,1013.88
63,51,30.46,0,1005.39
63,52,30.46,0,994.46
63,51,30.47,0,990.46
63,51,30.47,0,981.26
63,50,30.47,0,972.88
63,49,30.47,0,963.72
64,48,30.47,0,953.14
64,45,30.47,0,943.48
64,41,30.47,0,930.87
64,39,30.47,0,922.19
64,37,30.47,0,910.18
63,41,30.47,0,896.17
62,40,30.47,0,885.18
62,42,30.47,0,872.22
62,41,30.47,0,857.95
62,43,30.47,0,846.58
62,38,30.47,0,832.55
62,36,30.47,0,819.38
62,41,30.47,0,803.35
62,33,30.47,0,789.38
62,38,30.47,0,773.93
62,38,30.47,0,757.44
62,34,30.47,0,742.18
62,39,30.47,0,724.76
62,38,30.47,0,707.95
62,35,30.47,0,689.68
62,31,30.47,0,671.97
62,30,30.47,0,654.26
62,29,30.46,0,637.19
62,28,30.46,0,602.4
63,29,30.46,0,581.47
62,30,30.46,0,563.34
62,29,30.46,0,543.59
61,33,30.46,0,523.13
61,35,30.46,0,503.77
60,37,30.46,0,483.13
60,34,30.46,0,463.3
59,38,30.46,0,444.08
59,41,30.46,0,423.15
59,48,30.46,0,402.11
58,47,30.45,0,381.17
58,46,30.46,0,359.31
57,48,30.45,0,338.35
56,53,30.45,0,317.24
55,58,30.45,0,293.73
55,58,30.45,0,269.04
54,60,30.45,0,241.23
52,62,30.45,0,213.9
52,66,30.44,0,186.75
51,66,30.44,0,159.22
50,67,30.44,0,133.58
49,69,30.44,0,21.47
48,71,30.44,0,20.16
48,73,30.44,0,19.05
48,72,30.44,0,17.99
47,77,30.44,0,16.28
47,78,30.44,0,14.63
47,78,30.44,0,11.93
47,77,30.44,0,10.84
47,77,30.43,0,7.66
47,77,30.44,0,5.27
47,76,30.43,0,2.79
47,76,30.43,0,1.92
46,75,30.43,0,1.67
46,75,30.43,0,2.45
46,74,30.43,0,2.74
47,71,30.43,0,2.02
47,72,30.43,0,2.15
47,72,30.43,0,2.48
47,72,30.43,0,2.08
47,71,30.43,0,2.5
47,74,30.42,0,2.6
47,75,30.42,0,2.42
47,73,30.42,0,2.04
47,72,30.42,0,1.78
47,72,30.42,0,1.93
47,71,30.42,0,2.19
47,69,30.42,0,2.04
47,66,30.43,0,2.13
48,66,30.43,0,2.62
48,66,30.43,0,2.44
48,69,30.43,0,2.58
48,67,30.43,0,2.5
48,69,30.43,0,2.79
48,68,30.43,0,2.55
49,69,30.42,0,2.97
49,70,30.42,0,2.9
49,73,30.42,0,2.36
50,71,30.42,0,2.17
50,71,30.42,0,1.98
50,70,30.42,0,2.13
50,72,30.42,0,2.05
50,72,30.42,0,2.29
51,71,30.42,0,2.24
51,71,30.42,0,2.45
51,67,30.42,0,2.31
51,71,30.42,0,2.65
51,72,30.42,0,2.27
51,70,30.42,0,2.3
52,71,30.42,0,2.23
52,69,30.42,0,2.64
51,69,30.42,0,2.6
51,71,30.42,0,2.75
51,71,30.42,0,2.96
51,73,30.43,0,3.06
51,73,30.42,0,3.13
50,75,30.42,0,2.79
50,76,30.43,0,2.63
51,72,30.43,0,2.76
51,70,30.43,0,2.71
52,72,30.44,0,2.8
52,72,30.44,0,2.16
51,74,30.44,0,2.44
52,73,30.44,0,2.71
52,74,30.44,0,2.42
52,74,30.44,0,3.36
52,74,30.44,0,3.63
52,74,30.44,0,3.05
52,75,30.45,0,3.45
52,75,30.45,0,1.88
52,75,30.45,0,1.84
52,74,30.45,0,1.62
52,75,30.45,0,1.64
52,75,30.45,0,2.35
52,75,30.45,0,2.24
53,75,30.45,0,2.43
53,73,30.46,0,2.5
52,76,30.46,0,2.76
52,76,30.46,0,3.05
52,79,30.46,0,2.42
52,81,30.46,0,3.3
52,84,30.46,0,3.15
52,86,30.46,0,1.79
52,77,30.46,0,2.03
52,78,30.46,0,2.28
51,80,30.46,0,1.58
51,83,30.46,0,1.92
50,92,30.46,0,1.9
50,98,30.46,0,2.52
51,99,30.46,0,2.24
51,99,30.46,0,1.99
51,99,30.47,0,2.32
51,99,30.46,0,2.13
51,98,30.47,0,2.5
51,98,30.47,0,3.03
51,98,30.47,0,2.52
51,97,30.47,0,2.68
51,96,30.47,0,1.93
52,95,30.47,0,2.04
52,94,30.47,0,2.37
52,91,30.47,0,2.16
52,86,30.47,0,2.36
52,86,30.46,0,2.6
52,89,30.46,0,2.65
51,88,30.46,0,2.6
51,88,30.47,0,2.67
51,88,30.47,0,2.28
51,88,30.47,0,2.33
51,86,30.47,0,2.47
51,80,30.47,0,2.66
50,78,30.47,0,2.54
50,73,30.46,0,2.57
50,68,30.46,0,3.38
50,67,30.46,0,2.7
51,66,30.46,0,3.02
51,67,30.46,0,3.0
51,68,30.46,0,2.57
52,68,30.46,0,2.64
53,69,30.46,0,2.58
53,67,30.46,0,2.36
54,66,30.46,0,2.1
54,64,30.46,0,2.15
54,65,30.46,0,2.22
54,65,30.46,0,2.62
54,64,30.46,0,2.38
54,64,30.45,0,2.37
54,65,30.45,0,2.47
54,66,30.45,0,2.87
54,65,30.45,0,2.48
54,66,30.45,0,2.37
54,67,30.45,0,2.63
55,67,30.45,0,2.22
55,60,30.45,0,2.63
55,61,30.45,0,2.62
55,65,30.45,0,2.53
55,64,30.45,0,3.04
55,63,30.45,0,2.77
56,61,30.44,0,2.51
56,59,30.44,0,4.22
56,59,30.44,0,5.78
57,59,30.44,0,11.46
57,59,30.44,0,9.45
57,57,30.44,0,11.66
57,55,30.44,0,13.08
58,54,30.44,0,16.63
58,57,30.44,0,28.36
58,56,30.44,0,46.79
58,56,30.44,0,52.13
58,56,30.44,0,80.18
59,57,30.44,0,92.85
59,58,30.43,0,107.07
59,60,30.43,0,117.46
60,59,30.43,0,128.31
60,56,30.43,0,136.33
61,54,30.43,0,135.35
62,54,30.43,0,295.09
62,53,30.43,0,419.82
62,52,30.43,0,391.31
62,52,30.43,0,394.97
62,52,30.42,0,457.65
62,53,30.42,0,409.4
63,53,30.42,0,487.99
63,50,30.42,0,497.13
62,57,30.42,0,536.66
62,58,30.42,0,564.1
62,58,30.42,0,573.13
62,57,30.42,0,577.1
62,56,30.42,0,596.57
63,58,30.42,0,628.8
63,58,30.41,0,669.48
63,60,30.42,0,689.85
62,56,30.41,0,725.79
62,58,30.41,0,739.28
62,55,30.41,0,760.63
63,63,30.41,0,773.13
62,60,30.41,0,782.78
62,58,30.42,0,793.65
62,59,30.42,0,806.42
62,57,30.42,0,843.89
62,60,30.42,0,856.11
62,59,30.42,0,866.92
62,58,30.42,0,877.7
63,61,30.42,0,884.62
62,61,30.42,0,902.24
62,59,30.42,0,918.24
63,61,30.43,0,926.05
63,56,30.43,0,942.14
62,56,30.43,0,948.24
62,57,30.43,0,972.4
62,61,30.43,0,978.9
62,61,30.43,0,989.02
62,67,30.44,0,1004.49
62,62,30.44,0,998.96
61,66,30.44,0,1018.59
62,65,30.44,0,1019.48
62,65,30.44,0,1039.12
62,57,30.44,0,1048.67
61,61,30.44,0,1058.61
61,68,30.45,0,1051.8
61,64,30.45,0,1059.15
61,62,30.45,0,1069.16
60,60,30.45,0,1073.43
60,68,30.45,0,1072.94
60,68,30.45,0,1072.24
60,71,30.46,0,1067.15
60,69,30.46,0,1070.12
60,73,30.46,0,1065.3
60,72,30.46,0,1061.27
60,71,30.46,0,1063.06
59,71,30.46,0,1000.96
59,76,30.46,0,1005.43
59,73,30.46,0,974.1
58,77,30.46,0,952.03
58,76,30.46,0,978.36
58,77,30.47,0,1009.88
59,71,30.47,0,1013.32
59,74,30.47,0,1008.46
59,78,30.47,0,1012.53
58,73,30.47,0,1006.1
58,74,30.47,0,1027.63
58,74,30.47,0,1073.71
58,70,30.47,0,486.31
58,73,30.47,0,986.69
57,76,30.47,0,916.47
57,76,30.47,0,999.94
57,77,30.47,0,928.27
57,76,30.47,0,899.06
56,71,30.46,0,794.6
56,69,30.46,0,725.35
56,71,30.46,0,831.38
55,72,30.46,0,724.35
54,85,30.46,0,838.66
54,78,30.46,0,793.15
54,81,30.46,0,398.94
55,69,30.46,0,708.67
54,69,30.46,0,786.81
53,75,30.45,0,462.71
54,73,30.45,0,234.56
53,72,30.45,0,633.24
54,74,30.45,0,386.25
53,78,30.45,0,587.37
53,82,30.45,0,555.78
52,93,30.45,0,449.0
51,99,30.45,0,406.11
51,96,30.44,0,183.46
51,95,30.44,0,146.12
51,94,30.44,0,242.53
50,92,30.43,0,155.07
50,81,30.43,0,92.24
50,78,30.43,0,87.65
50,78,30.42,0,62.49
50,76,30.42,0,63.75
49,78,30.42,0,51.8
49,90,30.42,0,43.18
49,90,30.42,0,53.19
49,82,30.42,0,43.99
50,76,30.42,0,27.94
49,71,30.41,0,18.71
49,73,30.41,0,13.64
49,73,30.41,0,11.28
48,72,30.41,0,9.09
48,76,30.41,0,8.3
49,76,30.41,0,4.43
48,80,30.41,0,1.72
48,86,30.42,0,1.87
48,92,30.41,0,2.02
49,101,30.41,0,1.71
49,102,30.41,0,1.71
49,102,30.41,0,1.73
50,102,30.41,0,1.76
50,102,30.41,0,1.71
50,102,30.41,0,1.85
49,102,30.42,0,1.61
49,102,30.41,0,2.73
49,102,30.41,0,3.22
49,102,30.41,0,2.67
49,102,30.41,0,2.38
49,102,30.41,0,2.85
49,102,30.41,0,3.2
49,102,30.41,0,2.63
49,102,30.41,0,2.2
49,102,30.41,0,2.34
49,102,30.4,0,3.35
49,102,30.4,0,2.03
50,102,30.4,0,1.69
50,102,30.4,0,2.02
50,102,30.4,0,2.12
51,102,30.4,0,2.17
51,102,30.4,0,2.83
51,103,30.4,0,2.59
51,103,30.4,0,2.93
51,103,30.4,0,2.63
51,103,30.4,0,2.27
51,103,30.4,0,2.26
51,103,30.4,0,2.03
51,103,30.4,0,1.94
51,103,30.4,0,2.12
51,103,30.4,0,2.25
51,103,30.4,0,2.3
51,103,30.4,0,2.74
51,103,30.4,0,2.52
51,103,30.4,0,2.87
51,103,30.4,0,3.24
51,103,30.41,0,2.58
51,103,30.41,0,2.57
51,103,30.41,0,3.26
51,103,30.41,0,2.84
51,103,30.41,0,3.51
51,103,30.42,0,3.37
51,103,30.41,0,3.13
52,103,30.41,0,3.9
52,103,30.42,0,3.25
52,103,30.41,0,3.76
52,103,30.41,0,3.63
51,103,30.42,0,3.55
51,103,30.42,0,2.06
51,103,30.42,0,2.4
51,103,30.42,0,2.1
52,103,30.42,0,2.07
52,103,30.43,0,2.1
52,103,30.43,0,2.06
51,103,30.43,0,2.07
51,103,30.43,0,2.15
51,103,30.43,0,2.25
51,103,30.43,0,2.21
51,103,30.43,0,2.16
51,103,30.43,0,2.83
51,103,30.43,0,2.58
47,56,30.48,0,1.26
48,56,30.48,0,1.26
48,55,30.48,0,1.26
47,56,30.48,0,1.29
46,66,30.48,0,1.26
47,63,30.48,0,1.21
47,62,30.48,0,1.25
47,64,30.48,0,1.27
47,63,30.48,0,1.27
46,67,30.48,0,1.25
46,73,30.48,0,1.27
46,79,30.49,0,1.29
46,84,30.49,0,1.27
46,85,30.49,0,1.19
46,88,30.49,0,1.23
46,88,30.49,0,1.22
46,86,30.49,0,1.23
45,87,30.49,0,1.19
45,88,30.49,0,1.22
45,90,30.49,0,1.23
45,92,30.49,0,1.2
45,96,30.49,0,1.2
45,97,30.49,0,1.27
45,97,30.49,0,1.26
45,96,30.49,0,1.27
46,95,30.5,0,1.29
46,94,30.5,0,1.29
46,94,30.5,0,1.28
46,90,30.49,0,1.29
45,89,30.49,0,1.29
45,91,30.49,0,1.28
45,89,30.49,0,1.24
45,92,30.49,0,1.25
45,93,30.49,0,1.27
45,90,30.49,0,1.23
45,88,30.49,0,1.27
45,86,30.49,0,1.28
46,86,30.49,0,1.25
46,86,30.48,0,1.24
47,86,30.48,0,1.25
47,80,30.48,0,1.27
47,67,30.48,0,1.31
47,69,30.48,0,1.25
47,70,30.48,0,1.32
47,75,30.48,0,1.28
47,78,30.48,0,1.25
47,83,30.48,0,1.27
47,81,30.48,0,1.29
47,79,30.47,0,1.23
46,75,30.47,0,1.32
45,82,30.47,0,1.29
45,97,30.47,0,1.23
46,98,30.47,0,1.22
46,98,30.47,0,1.24
46,98,30.47,0,1.21
46,97,30.46,0,1.22
46,96,30.46,0,1.21
46,95,30.46,0,1.21
47,93,30.46,0,1.21
48,88,30.46,0,1.22
48,78,30.46,0,1.24
48,67,30.46,0,1.21
47,69,30.46,0,1.21
47,77,30.46,0,1.29
47,84,30.45,0,1.25
47,88,30.46,0,1.27
46,90,30.46,0,1.3
46,93,30.46,0,1.27
46,98,30.46,0,1.31
46,99,30.46,0,1.26
46,99,30.45,0,1.29
46,99,30.45,0,1.28
46,99,30.45,0,3.76
46,99,30.45,0,2.06
46,99,30.45,0,3.06
47,99,30.46,0,5.35
47,99,30.46,0,6.09
47,98,30.46,0,10.1
47,98,30.45,0,19.05
47,98,30.45,0,24.66
47,97,30.45,0,26.07
48,96,30.45,0,46.06
48,95,30.45,0,68.77
48,96,30.45,0,68.29
48,96,30.45,0,71.95
48,97,30.45,0,79.56
48,96,30.45,0,99.98
48,96,30.44,0,115.07
48,96,30.44,0,129.82
49,95,30.44,0,138.66
49,94,30.44,0,159.63
50,93,30.44,0,184.7
50,91,30.44,0,209.78
50,91,30.44,0,250.68
51,89,30.44,0,241.93
52,85,30.44,0,177.01
52,82,30.43,0,162.53
53,81,30.44,0,239.11
53,78,30.43,0,295.27
53,80,30.44,0,384.83
54,76,30.43,0,415.32
54,76,30.43,0,484.94
54,75,30.44,0,539.77
54,81,30.43,0,570.01
54,84,30.43,0,619.04
53,89,30.43,0,672.24
53,92,30.43,0,701.77
53,92,30.43,0,730.13
53,93,30.43,0,606.76
52,95,30.43,0,560.0
52,94,30.43,0,548.94
52,95,30.43,0,365.99
52,95,30.43,0,406.68
52,94,30.43,0,374.2
52,95,30.43,0,393.4
52,95,30.43,0,439.26
52,95,30.43,0,433.19
52,95,30.43,0,469.7
52,95,30.44,0,376.26
53,94,30.44,0,302.82
54,93,30.44,0,504.88
54,92,30.43,0,695.06
54,90,30.44,0,612.49
53,88,30.44,0,687.7
53,85,30.44,0,786.47
53,86,30.44,0,544.37
53,88,30.44,0,746.62
52,88,30.44,0,765.34
52,87,30.45,0,504.41
52,89,30.45,0,427.33
52,91,30.45,0,385.5
52,90,30.45,0,392.64
52,91,30.46,0,421.25
52,91,30.46,0,453.91
52,91,30.46,0,438.5
52,90,30.46,0,442.23
52,91,30.47,0,437.54
52,89,30.46,0,417.84
52,90,30.47,0,419.59
52,93,30.47,0,420.95
53,93,30.47,0,407.96
53,93,30.47,0,453.69
54,91,30.47,0,473.01
54,89,30.47,0,613.34
54,90,30.47,0,627.41
54,91,30.47,0,671.7
54,91,30.48,0,759.23
54,89,30.48,0,631.76
54,89,30.48,0,662.73
53,91,30.48,0,762.55
53,93,30.48,0,595.16
53,93,30.49,0,587.19
53,95,30.49,0,633.92
53,94,30.49,0,544.57
53,96,30.49,0,1410.52
53,97,30.49,0,533.65
53,98,30.49,0,975.63
53,98,30.5,0,919.41
53,97,30.49,0,696.09
53,95,30.5,0,877.95
54,94,30.5,0,671.04
54,91,30.5,0,589.98
54,87,30.5,0,989.57
54,91,30.5,0,566.57
54,87,30.5,0,696.91
54,85,30.5,0,587.12
55,85,30.5,0,903.16
55,81,30.5,0,541.01
55,83,30.5,0,1168.36
54,86,30.5,0,832.12
54,91,30.51,0,615.94
54,96,30.51,0,586.34
53,97,30.51,0,744.08
53,97,30.51,0,560.95
53,95,30.51,0,564.66
53,95,30.51,0,698.81
52,96,30.51,0,447.7
52,96,30.51,0,647.0
52,97,30.5,0,372.67
52,99,30.5,0,384.98
52,101,30.5,0,536.36
51,100,30.5,0,741.66
51,101,30.5,0,284.27
51,101,30.5,0,345.55
50,101,30.5,0,290.57
50,101,30.5,0,469.12
50,101,30.49,0,180.22
50,101,30.49,0,208.49
50,101,30.49,0,153.45
50,101,30.49,0,147.07
50,101,30.49,0,130.69
50,101,30.49,0,90.6
50,101,30.49,0,125.23
50,101,30.49,0,178.57
50,101,30.49,0,159.68
50,101,30.49,0,167.95
50,100,30.49,0,93.18
50,101,30.49,0,127.19
49,101,30.49,0,125.71
49,101,30.49,0,86.03
49,101,30.48,0,58.78
49,101,30.48,0,64.18
49,101,30.48,0,55.61
49,101,30.48,0,48.87
49,101,30.48,0,38.13
49,101,30.48,0,42.15
49,100,30.48,0,32.73
49,100,30.48,0,23.41
49,100,30.48,0,17.03
49,100,30.48,0,8.65
49,100,30.47,0,3.2
48,99,30.47,0,2.21
48,99,30.47,0,1.44
48,99,30.47,0,1.26
47,99,30.46,0,1.19
47,98,30.46,0,1.24
47,97,30.46,0,1.2
47,96,30.46,0,1.2
47,95,30.46,0,1.22
47,94,30.46,0,1.22
47,92,30.46,0,1.25
46,90,30.46,0,1.23
46,82,30.46,0,1.23
46,80,30.45,0,1.2
46,87,30.46,0,1.2
46,92,30.46,0,1.2
46,92,30.45,0,1.23
46,95,30.46,0,1.24
46,95,30.46,0,1.2
46,96,30.46,0,1.21
46,98,30.46,0,1.22
46,99,30.46,0,1.23
47,100,30.46,0,1.21
47,100,30.46,0,1.24
47,100,30.46,0,1.22
47,100,30.46,0,1.22
47,100,30.46,0,1.19
47,99,30.46,0,1.23
46,98,30.46,0,1.2
46,97,30.46,0,1.22
46,97,30.46,0,1.23
46,98,30.46,0,1.21
47,98,30.46,0,1.19
46,98,30.46,0,1.21
47,98,30.46,0,1.23
47,98,30.46,0,1.26
47,99,30.46,0,1.23
47,99,30.46,0,1.23
47,100,30.46,0,1.24
47,100,30.46,0,1.25
47,100,30.46,0,1.28
47,100,30.46,0,1.28
47,100,30.46,0,1.2
47,100,30.47,0,1.2
47,99,30.47,0,1.2
47,99,30.47,0,1.23
47,98,30.47,0,1.19
47,97,30.47,0,1.21
47,96,30.47,0,1.22
46,95,30.47,0,1.22
46,95,30.47,0,1.25
46,97,30.47,0,1.23
47,99,30.47,0,1.23
47,100,30.47,0,1.21
47,100,30.48,0,1.22
47,101,30.48,0,1.2
47,101,30.48,0,1.21
47,101,30.48,0,1.24
47,101,30.48,0,1.25
47,101,30.48,0,1.18
47,101,30.48,0,1.24
47,101,30.48,0,1.24
47,101,30.49,0,1.24
47,101,30.48,0,1.25
47,101,30.49,0,1.22
47,101,30.49,0,1.26
47,101,30.49,0,1.27
46,101,30.48,0,1.2
46,100,30.49,0,1.19
46,100,30.49,0,1.22
46,100,30.49,0,1.23
46,100,30.49,0,1.21
46,100,30.49,0,1.22
46,101,30.49,0,1.23
46,101,30.49,0,1.21
45,102,30.49,0,1.23
46,102,30.49,0,1.16
46,102,30.5,0,1.28
46,102,30.5,0,1.23
47,102,30.5,0,1.23
47,102,30.5,0,1.17
47,102,30.5,0,1.24
47,102,30.5,0,1.17
46,101,30.5,0,1.23
46,101,30.5,0,1.26
47,101,30.5,0,1.23
47,101,30.5,0,1.2
47,101,30.5,0,1.24
47,101,30.5,0,1.21
47,101,30.5,0,1.16
47,101,30.5,0,1.21
47,101,30.5,0,1.18
46,101,30.5,0,1.19
46,101,30.5,0,1.22
46,101,30.5,0,1.23
46,101,30.5,0,1.22
46,101,30.5,0,1.2
46,101,30.5,0,1.23
46,101,30.51,0,1.21
46,101,30.5,0,1.23
45,101,30.5,0,1.24
45,101,30.5,0,1.22
45,101,30.5,0,1.22
45,101,30.51,0,1.19
45,100,30.51,0,1.2
45,100,30.5,0,1.25
44,100,30.5,0,1.23
44,100,30.51,0,1.17
44,99,30.5,0,1.22
44,99,30.5,0,1.22
44,100,30.5,0,1.2
44,101,30.5,0,1.19
43,102,30.5,0,1.21
43,102,30.5,0,1.21
43,102,30.5,0,1.2
43,102,30.5,0,1.24
44,102,30.5,0,1.2
45,102,30.5,0,1.22
46,102,30.5,0,1.25
45,102,30.5,0,1.23
45,102,30.5,0,1.23
45,102,30.5,0,1.23
46,102,30.5,0,1.19
46,102,30.49,0,1.22
47,102,30.49,0,1.22
47,102,30.48,0,1.22
47,102,30.48,0,1.19
47,102,30.48,0,1.23
47,102,30.48,0,1.25
48,102,30.48,0,1.22
48,102,30.48,0,1.21
48,102,30.48,0,1.21
48,102,30.48,0,1.21
48,102,30.48,0,1.22
48,102,30.47,0,1.2
48,102,30.47,0,1.22
48,102,30.47,0,1.23
48,102,30.46,0,1.24
48,102,30.47,0,1.23
48,102,30.47,0,1.22
48,102,30.46,0,1.24
48,102,30.46,0,1.24
48,102,30.46,0,1.24
48,102,30.46,0,1.2
48,102,30.46,0,1.23
48,102,30.46,0,1.25
48,102,30.45,0,1.22
48,102,30.45,0,1.22
48,102,30.46,0,1.24
48,102,30.45,0,1.56
48,102,30.45,0,2.2
48,102,30.45,0,3.21
48,102,30.45,0,6.25
48,102,30.45,0,11.58
48,102,30.45,0,20.16
48,102,30.45,0,22.45
48,102,30.45,0,19.11
48,102,30.45,0,22.95
48,102,30.45,0,29.7
48,102,30.44,0,30.34
48,102,30.44,0,24.65
48,102,30.44,0,23.31
49,102,30.44,0,27.94
49,102,30.44,0,69.36
49,102,30.44,0,120.87
49,102,30.43,0,68.86
49,102,30.43,0,141.27
49,102,30.43,0,127.12
49,102,30.43,0,98.7
49,102,30.44,0,155.58
49,102,30.44,0,171.31
50,102,30.43,0,174.48
50,102,30.43,0,253.98
50,102,30.43,0,220.39
51,102,30.43,0,110.91
51,102,30.43,0,189.97
51,102,30.43,0,174.43
51,102,30.43,0,208.47
51,102,30.42,0,300.07
51,102,30.43,0,211.04
51,102,30.43,0,222.53
51,102,30.43,0,424.74
51,102,30.43,0,308.4
51,102,30.43,0,225.47
51,101,30.43,0,186.11
51,102,30.43,0,233.52
51,101,30.43,0,421.13
51,101,30.42,0,281.59
51,101,30.42,0,309.41
52,101,30.43,0,232.01
51,101,30.42,0,489.61
51,101,30.43,0,322.35
51,101,30.43,0,273.45
52,101,30.43,0,306.55
52,101,30.43,0,259.58
52,101,30.43,0,272.69
52,101,30.43,0,444.48
52,100,30.43,0,266.51
52,100,30.43,0,169.41
53,100,30.43,0,206.79
53,100,30.43,0,384.0
53,99,30.43,0,484.95
53,98,30.44,0,320.97
54,97,30.44,0,209.78
54,95,30.44,0,369.47
55,94,30.44,0,560.29
55,93,30.44,0,820.3
56,91,30.44,0,753.33
56,90,30.44,0,713.25
55,91,30.44,0,836.66
54,91,30.44,0,979.19
54,94,30.45,0,1002.54
54,96,30.45,0,936.58
53,98,30.45,0,551.08
53,99,30.45,0,420.65
52,98,30.45,0,937.98
52,96,30.45,0,479.39
53,95,30.45,0,657.0
53,92,30.46,0,648.36
54,92,30.45,0,590.16
54,90,30.45,0,1239.78
54,92,30.45,0,987.14
53,88,30.46,0,924.02
53,96,30.46,0,424.56
52,101,30.46,0,849.84
51,99,30.46,0,722.15
50,98,30.47,0,428.76
50,98,30.47,0,398.92
51,97,30.47,0,361.41
52,98,30.47,0,445.73
51,99,30.47,0,695.12
51,100,30.47,0,1012.26
51,102,30.47,0,1028.1
50,102,30.47,0,546.34
49,102,30.47,0,910.88
49,102,30.47,0,704.09
49,102,30.47,0,744.86
49,102,30.47,0,610.99
49,102,30.47,0,324.2
49,102,30.47,0,332.86
48,102,30.47,0,324.84
49,102,30.47,0,266.29
49,102,30.47,0,247.82
49,102,30.48,0,420.48
50,102,30.47,0,475.55
49,102,30.47,0,331.38
50,102,30.47,0,244.94
50,102,30.47,0,252.39
50,102,30.47,0,184.34
50,102,30.47,0,264.73
50,102,30.47,0,345.44
50,103,30.47,0,182.02
50,102,30.47,0,374.88
49,102,30.47,0,329.82
49,102,30.47,0,264.13
49,103,30.47,0,421.63
49,102,30.47,0,238.56
49,102,30.47,0,157.29
49,102,30.47,0,173.96
49,102,30.46,0,146.49
49,103,30.46,0,267.3
49,103,30.46,0,203.28
49,103,30.46,0,140.64
49,103,30.46,0,157.5
49,103,30.46,0,132.69
49,103,30.46,0,180.6
49,103,30.46,0,90.6
48,103,30.46,0,56.46
48,102,30.45,0,101.21
48,102,30.45,0,127.03
47,102,30.45,0,97.51
48,102,30.45,0,136.08
48,102,30.45,0,103.84
48,102,30.45,0,84.25
48,102,30.45,0,59.99
48,102,30.45,0,50.92
48,102,30.45,0,50.13
48,102,30.45,0,44.04
48,102,30.45,0,33.52
48,102,30.45,0,24.26
48,102,30.44,0,17.18
48,102,30.44,0,16.82
48,102,30.44,0,13.65
48,102,30.44,0,11.44
48,102,30.43,0,10.31
48,102,30.43,0,8.04
48,102,30.43,0,5.4
48,102,30.43,0,3.98
48,102,30.43,0,2.71
48,102,30.43,0,1.84
48,102,30.42,0,1.24
48,102,30.42,0,1.24
48,102,30.42,0,1.22
48,102,30.42,0,1.2
48,102,30.42,0,1.2
48,102,30.42,0,1.21
48,102,30.42,0,1.23
48,102,30.42,0,1.21
48,102,30.41,0,1.25
48,102,30.41,0,1.22
47,102,30.41,0,1.21
47,102,30.41,0,1.22
47,102,30.41,0,1.22
47,102,30.41,0,1.24
48,102,30.41,0,1.21
48,102,30.41,0,1.23
48,102,30.41,0,1.2
48,102,30.4,0,1.24
48,102,30.4,0,1.2
48,102,30.4,0,1.22
48,102,30.4,0,1.21
48,102,30.4,0,1.21
48,102,30.4,0,1.22
48,102,30.4,0,1.22
48,102,30.41,0,1.23
48,102,30.41,0,1.22
48,102,30.41,0,1.22
48,102,30.41,0,1.23
48,102,30.4,0,1.19
48,102,30.4,0,1.23
48,102,30.4,0,1.21
48,102,30.41,0,1.22
48,102,30.4,0,1.23
48,102,30.4,0,1.21
48,102,30.4,0,1.23
48,102,30.4,0,1.23
48,102,30.41,0,1.21
48,102,30.41,0,1.22
48,102,30.41,0,1.21
48,102,30.41,0,1.21
48,102,30.41,0,1.2
48,102,30.41,0,1.24
48,102,30.41,0,1.23
48,102,30.41,0,1.2
48,102,30.41,0,1.22
48,102,30.42,0,1.23
48,102,30.42,0,1.25
48,102,30.42,0,1.24
48,102,30.42,0,1.23
48,102,30.42,0,1.2
48,102,30.42,0,1.22
48,102,30.42,0,1.23
48,102,30.42,0,1.24
47,102,30.42,0,1.25
47,102,30.42,0,1.23
47,102,30.42,0,1.2
47,102,30.42,0,1.21
47,102,30.42,0,1.2
47,102,30.43,0,1.23
47,102,30.43,0,1.2
47,102,30.43,0,1.23
47,102,30.43,0,1.19
47,102,30.43,0,1.17
47,102,30.43,0,1.2
47,102,30.43,0,1.23
46,102,30.43,0,1.27
46,102,30.43,0,1.15
46,102,30.44,0,1.19
46,102,30.44,0,1.21
46,102,30.44,0,1.21
46,102,30.44,0,1.24
47,102,30.44,0,1.23
47,102,30.45,0,1.25
47,102,30.45,0,1.23
47,102,30.45,0,1.23
47,102,30.45,0,1.18
47,102,30.44,0,1.23
47,102,30.45,0,1.21
47,102,30.45,0,1.22
47,102,30.45,0,1.2
48,102,30.45,0,1.23
48,102,30.45,0,1.2
48,102,30.45,0,1.22
48,102,30.45,0,1.22
48,102,30.45,0,1.21
48,102,30.45,0,1.2
48,102,30.45,0,1.2
48,102,30.45,0,1.21
48,102,30.45,0,1.24
48,102,30.45,0,1.22
48,102,30.45,0,1.2
48,102,30.45,0,1.23
47,102,30.45,0,1.2
47,102,30.45,0,1.22
47,102,30.45,0,1.24
47,102,30.46,0,1.17
47,102,30.45,0,1.2
47,102,30.45,0,1.27
47,102,30.45,0,1.23
47,102,30.46,0,1.25
47,102,30.46,0,1.19
47,102,30.46,0,1.23
47,102,30.46,0,1.21
47,102,30.46,0,1.23
47,102,30.46,0,1.23
47,102,30.46,0,1.22
48,102,30.46,0,1.24
48,102,30.46,0,1.22
48,102,30.46,0,1.22
48,102,30.46,0,1.19
48,102,30.46,0,1.21
48,102,30.45,0,1.19
48,102,30.45,0,1.2
48,102,30.46,0,1.23
48,102,30.45,0,1.23
48,102,30.45,0,1.22
48,102,30.45,0,1.19
48,102,30.45,0,1.22
48,102,30.45,0,1.23
48,102,30.45,0,1.24
48,102,30.45,0,1.22
48,102,30.44,0,1.21
48,102,30.44,0,1.22
48,102,30.44,0,1.22
48,102,30.44,0,1.22
48,102,30.44,0,1.24
48,102,30.44,0,1.25
48,102,30.44,0,1.21
48,102,30.44,0,1.23
48,102,30.44,0,1.2
48,102,30.43,0,1.23
48,102,30.43,0,1.24
48,102,30.43,0,1.21
48,102,30.43,0,1.2
49,102,30.43,0,1.25
48,102,30.43,0,1.22
48,102,30.43,0,1.2
48,102,30.43,0,1.23
48,102,30.43,0,1.2
48,102,30.42,0,1.21
48,102,30.42,0,1.23
48,102,30.43,0,1.25
48,102,30.43,0,1.23
48,102,30.42,0,1.22
48,102,30.42,0,1.22
48,102,30.43,0,1.21
48,102,30.42,0,1.93
48,102,30.42,0,2.73
48,102,30.42,0,6.19
48,102,30.42,0,9.02
48,102,30.42,0,12.6
48,102,30.42,0,21.01
48,102,30.42,0,39.37
48,102,30.42,0,91.96
48,102,30.41,0,91.86
48,102,30.41,0,94.81
48,102,30.41,0,77.89
48,102,30.41,0,73.52
48,102,30.41,0,92.92
48,102,30.41,0,72.61
48,102,30.4,0,55.08
49,102,30.41,0,65.67
49,102,30.4,0,93.28
49,102,30.4,0,133.46
49,102,30.4,0,107.22
49,102,30.4,0,125.2
49,102,30.4,0,87.56
50,102,30.39,0,80.49
50,102,30.4,0,156.32
50,102,30.39,0,258.77
50,102,30.4,0,236.58
51,102,30.4,0,234.33
50,102,30.4,0,239.37
50,102,30.4,0,214.91
51,102,30.4,0,198.02
50,102,30.39,0,406.31
50,102,30.39,0,271.72
50,102,30.39,0,405.98
50,102,30.39,0,174.6
50,102,30.39,0,173.03
51,102,30.39,0,222.75
51,102,30.39,0,240.09
51,102,30.39,0,467.49
51,102,30.39,0,687.42
51,102,30.39,0,233.05
51,102,30.39,0,208.69
51,102,30.39,0,315.64
52,102,30.39,0,359.35
51,102,30.39,0,781.41
51,102,30.39,0,259.83
51,102,30.39,0,482.41
51,102,30.39,0,486.74
51,102,30.39,0,379.79
51,102,30.39,0,282.96
51,102,30.4,0,467.96
51,102,30.4,0,331.65
51,102,30.4,0,300.24
51,102,30.4,0,320.97
51,102,30.4,0,347.47
51,102,30.4,0,379.64
51,102,30.4,0,819.99
50,102,30.4,0,425.48
50,102,30.4,0,387.15
51,102,30.41,0,301.13
51,102,30.41,0,312.3
50,102,30.41,0,269.67
50,102,30.41,0,346.24
51,102,30.41,0,370.49
51,102,30.41,0,321.86
51,102,30.41,0,444.08
51,102,30.41,0,384.12
50,101,30.41,0,335.18
51,101,30.42,0,415.04
51,102,30.41,0,319.61
51,102,30.41,0,382.19
51,102,30.42,0,336.6
51,102,30.42,0,426.03
51,102,30.42,0,424.79
51,101,30.42,0,330.48
51,102,30.42,0,283.79
51,101,30.42,0,608.89
51,102,30.42,0,454.15
52,102,30.42,0,522.0
52,102,30.42,0,664.37
51,102,30.42,0,643.59
51,102,30.43,0,474.21
52,102,30.43,0,469.01
52,102,30.43,0,629.06
51,102,30.43,0,566.08
51,102,30.43,0,728.99
51,102,30.43,0,516.82
51,102,30.43,0,368.29
51,102,30.43,0,537.1
51,102,30.44,0,429.59
51,102,30.44,0,423.68
51,102,30.44,0,302.84
51,102,30.44,0,450.53
51,102,30.44,0,358.87
51,102,30.44,0,281.56
52,102,30.44,0,529.26
52,102,30.44,0,433.28
52,102,30.44,0,478.11
51,102,30.44,0,481.89
51,102,30.44,0,454.16
50,102,30.44,0,954.64
50,102,30.44,0,357.48
50,102,30.44,0,340.78
50,102,30.43,0,431.84
50,102,30.44,0,319.87
50,102,30.44,0,364.56
49,102,30.44,0,328.88
49,102,30.44,0,195.07
49,102,30.43,0,318.12
49,102,30.43,0,283.51
49,102,30.43,0,258.66
49,102,30.43,0,269.78
49,102,30.43,0,269.63
49,102,30.43,0,197.58
49,102,30.43,0,205.21
49,102,30.43,0,189.84
49,102,30.43,0,148.11
49,102,30.42,0,214.59
49,102,30.42,0,241.64
49,102,30.42,0,127.95
49,102,30.42,0,127.27
49,102,30.42,0,120.5
49,102,30.42,0,108.87
48,102,30.42,0,123.87
48,102,30.42,0,84.43
48,102,30.42,0,131.1
48,102,30.42,0,83.86
48,102,30.41,0,80.15
48,102,30.42,0,59.34
48,102,30.41,0,66.0
48,102,30.41,0,72.99
48,102,30.41,0,73.24
47,102,30.41,0,48.82
47,102,30.4,0,49.11
47,102,30.4,0,55.31
47,102,30.4,0,44.29
47,102,30.4,0,28.31
47,102,30.4,0,20.68
47,102,30.4,0,15.83
47,102,30.4,0,10.91
47,102,30.39,0,7.29
47,102,30.39,0,5.65
47,102,30.39,0,4.11
47,102,30.4,0,1.51
47,102,30.39,0,1.17
47,102,30.39,0,1.26
47,102,30.39,0,1.23
47,102,30.39,0,1.21
47,102,30.39,0,1.18
47,102,30.39,0,1.25
47,102,30.39,0,1.2
47,102,30.39,0,1.24
47,102,30.39,0,1.2
47,102,30.39,0,1.21
46,102,30.39,0,1.17
46,102,30.38,0,1.2
46,102,30.38,0,1.21
46,101,30.38,0,1.17
46,101,30.38,0,1.18
45,101,30.38,0,1.18
45,101,30.38,0,1.21
45,101,30.38,0,1.2
45,101,30.38,0,1.24
45,101,30.38,0,1.19
46,101,30.38,0,1.2
45,101,30.38,0,1.22
45,101,30.38,0,1.22
45,101,30.38,0,1.2
45,101,30.38,0,1.23
45,101,30.38,0,1.22
45,100,30.38,0,1.2
45,100,30.38,0,1.22
44,100,30.38,0,1.17
44,99,30.38,0,1.2
44,99,30.38,0,1.2
44,99,30.38,0,1.21
44,99,30.38,0,1.19
44,98,30.38,0,1.2
44,98,30.38,0,1.22
44,98,30.38,0,1.19
44,98,30.38,0,1.24
44,99,30.38,0,1.2
43,99,30.38,0,1.22
43,100,30.38,0,1.22
43,100,30.38,0,1.18
43,100,30.38,0,1.22
43,100,30.39,0,1.21
43,99,30.39,0,1.2
43,99,30.39,0,1.22
43,98,30.39,0,1.19
43,98,30.39,0,1.19
43,98,30.39,0,1.21
43,98,30.39,0,1.2
43,98,30.39,0,1.21
43,98,30.39,0,1.2
43,97,30.39,0,1.19
43,97,30.39,0,1.21
43,97,30.39,0,1.2
44,96,30.39,0,1.22
44,95,30.39,0,1.21
44,88,30.4,0,1.22
44,88,30.39,0,1.19
44,89,30.39,0,1.16
44,93,30.39,0,1.19
44,97,30.4,0,1.18
44,98,30.4,0,1.21
44,99,30.4,0,1.2
44,99,30.4,0,1.18
44,99,30.41,0,1.22
44,98,30.41,0,1.18
44,98,30.41,0,1.19
45,98,30.41,0,1.21
44,97,30.41,0,1.21
44,97,30.41,0,1.21
44,97,30.41,0,1.22
44,96,30.41,0,1.2
44,95,30.41,0,1.23
44,94,30.41,0,1.2
44,92,30.41,0,1.22
44,91,30.41,0,1.19
44,90,30.41,0,1.22
44,86,30.41,0,1.22
44,84,30.42,0,1.24
44,86,30.42,0,1.19
44,92,30.42,0,1.21
44,98,30.42,0,1.18
44,98,30.42,0,1.2
44,98,30.42,0,1.2
44,97,30.42,0,1.19
43,95,30.42,0,1.2
43,94,30.42,0,1.19
43,92,30.43,0,1.22
43,89,30.43,0,1.22
43,77,30.43,0,1.2
42,74,30.43,0,1.19
42,78,30.43,0,1.24
42,73,30.44,0,1.19
42,79,30.44,0,1.17
43,86,30.44,0,1.22
43,71,30.44,0,1.2
43,71,30.44,0,1.2
43,63,30.44,0,1.17
43,58,30.44,0,1.18
43,65,30.44,0,1.2
43,64,30.44,0,1.19
43,60,30.44,0,1.23
43,55,30.43,0,1.21
42,62,30.43,0,1.2
42,71,30.43,0,1.18
42,70,30.43,0,1.23
42,73,30.43,0,1.17
42,76,30.43,0,1.24
43,75,30.43,0,1.19
43,76,30.43,0,1.21
44,70,30.43,0,1.16
44,63,30.43,0,1.16
44,55,30.43,0,1.19
44,54,30.43,0,1.22
44,58,30.43,0,1.2
43,61,30.43,0,1.23
42,72,30.42,0,1.21
42,93,30.42,0,1.2
43,98,30.42,0,1.2
43,97,30.42,0,1.19
42,92,30.42,0,1.18
43,97,30.42,0,1.21
43,94,30.42,0,1.2
43,90,30.42,0,1.19
43,89,30.41,0,1.21
44,100,30.41,0,1.2
44,101,30.41,0,1.19
44,101,30.41,0,1.2
44,101,30.41,0,1.22
43,101,30.41,0,1.19
44,101,30.41,0,1.19
44,101,30.41,0,1.23
44,101,30.4,0,1.23
45,101,30.41,0,1.2
45,101,30.4,0,1.21
45,101,30.41,0,1.19
45,101,30.4,0,1.22
45,101,30.4,0,1.19
45,101,30.4,0,1.2
45,100,30.4,0,1.2
45,100,30.4,0,1.19
45,100,30.4,0,1.23
45,100,30.4,0,1.2
46,100,30.4,0,1.19
46,100,30.4,0,1.24
46,100,30.4,0,2.73
46,100,30.4,0,5.05
46,99,30.39,0,5.83
46,99,30.39,0,9.45
46,99,30.39,0,20.64
47,100,30.39,0,27.36
47,100,30.39,0,33.71
47,101,30.39,0,49.53
47,101,30.39,0,59.2
47,101,30.39,0,78.96
47,101,30.39,0,82.06
46,101,30.39,0,73.96
46,101,30.39,0,54.16
47,100,30.39,0,83.77
47,100,30.39,0,98.72
48,100,30.38,0,119.77
48,100,30.38,0,120.54
49,100,30.38,0,110.86
49,100,30.38,0,226.34
49,100,30.38,0,203.43
49,101,30.38,0,335.11
49,101,30.38,0,224.86
49,101,30.38,0,305.35
48,101,30.38,0,531.13
48,101,30.38,0,124.23
48,101,30.38,0,306.39
48,101,30.38,0,322.64
48,101,30.38,0,255.3
48,101,30.38,0,207.35
48,101,30.38,0,253.54
48,101,30.38,0,272.23
49,101,30.38,0,282.26
49,101,30.38,0,253.8
49,101,30.38,0,253.28
49,101,30.37,0,218.63
49,100,30.37,0,322.6
49,100,30.37,0,269.55
49,100,30.37,0,389.99
49,100,30.37,0,323.33
50,100,30.37,0,398.28
50,99,30.37,0,370.52
50,99,30.37,0,419.47
50,98,30.38,0,533.07
51,98,30.38,0,374.8
52,98,30.37,0,385.55
52,98,30.37,0,773.06
51,98,30.37,0,876.88
51,98,30.38,0,566.47
51,98,30.37,0,499.36
51,98,30.38,0,317.9
51,98,30.38,0,1139.83
51,99,30.38,0,586.62
50,99,30.38,0,546.89
50,100,30.38,0,521.3
51,101,30.38,0,463.24
50,101,30.39,0,484.98
50,101,30.39,0,579.62
50,101,30.39,0,1097.78
50,101,30.39,0,1008.41
50,101,30.39,0,869.16
50,101,30.39,0,946.56
49,101,30.39,0,794.59
49,101,30.4,0,737.12
50,101,30.4,0,516.1
50,101,30.4,0,473.01
50,101,30.4,0,424.53
50,101,30.4,0,445.58
50,101,30.4,0,841.46
50,101,30.4,0,649.12
50,101,30.4,0,376.2
50,101,30.4,0,750.84
50,101,30.41,0,581.57
50,101,30.41,0,613.06
50,101,30.41,0,818.37
50,101,30.41,0,499.53
50,101,30.41,0,612.96
50,101,30.41,0,416.45
50,100,30.41,0,492.31
50,100,30.42,0,383.16
51,100,30.41,0,467.79
51,100,30.42,0,480.42
51,100,30.42,0,349.91
51,100,30.42,0,525.09
51,101,30.42,0,588.95
51,101,30.42,0,353.73
51,101,30.42,0,559.04
51,102,30.42,0,557.89
50,102,30.42,0,746.1
50,102,30.43,0,736.9
50,102,30.43,0,358.11
50,102,30.43,0,314.7
49,101,30.43,0,695.85
50,101,30.43,0,378.72
50,101,30.43,0,409.39
50,102,30.43,0,415.18
50,102,30.43,0,410.93
50,101,30.43,0,467.33
50,102,30.43,0,351.26
50,101,30.43,0,716.01
49,101,30.43,0,386.61
49,101,30.43,0,387.08
49,101,30.43,0,429.91
49,101,30.42,0,446.25
50,101,30.43,0,357.82
50,101,30.43,0,269.87
49,101,30.42,0,401.95
49,101,30.42,0,290.96
50,101,30.42,0,361.58
50,101,30.42,0,384.71
50,101,30.42,0,348.32
50,101,30.42,0,305.93
50,101,30.42,0,345.93
50,101,30.41,0,289.81
50,101,30.41,0,252.71
50,101,30.41,0,187.74
50,102,30.41,0,214.22
50,102,30.4,0,235.66
50,102,30.4,0,433.92
49,102,30.4,0,421.78
49,102,30.4,0,233.37
48,102,30.4,0,194.99
48,102,30.4,0,159.67
48,102,30.4,0,248.76
48,102,30.4,0,152.46
48,102,30.4,0,159.28
48,102,30.4,0,133.38
47,102,30.4,0,102.08
47,102,30.4,0,78.72
47,102,30.4,0,96.79
47,102,30.4,0,72.14
47,102,30.4,0,54.58
46,102,30.4,0,44.16
46,102,30.39,0,37.77
46,102,30.39,0,32.37
46,102,30.39,0,29.34
46,102,30.39,0,18.2
46,102,30.39,0,19.89
46,102,30.39,0,11.98
46,102,30.39,0,7.6
46,102,30.39,0,5.86
46,102,30.39,0,4.01
46,102,30.39,0,2.58
46,102,30.38,0,1.49
46,102,30.38,0,1.21
46,102,30.38,0,1.24
46,102,30.38,0,1.21
46,102,30.37,0,1.24
46,102,30.37,0,1.19
46,102,30.37,0,1.23
46,102,30.37,0,1.2
46,102,30.37,0,1.2
46,102,30.38,0,1.21
46,102,30.37,0,1.21
46,102,30.37,0,1.19
46,102,30.37,0,1.19
46,101,30.37,0,1.17
47,101,30.37,0,1.24
47,102,30.37,0,1.2
47,102,30.37,0,1.23
47,101,30.37,0,1.2
47,101,30.37,0,1.2
47,101,30.38,0,1.22
47,101,30.37,0,1.24
47,101,30.37,0,1.22
47,101,30.38,0,1.23
47,101,30.38,0,1.21
47,101,30.38,0,1.22
47,101,30.38,0,1.2
47,101,30.38,0,1.2
47,101,30.38,0,1.22
47,101,30.38,0,1.21
47,101,30.38,0,1.18
47,101,30.38,0,1.22
47,101,30.38,0,1.22
47,101,30.39,0,1.21
47,101,30.39,0,1.23
47,101,30.39,0,1.24
47,101,30.38,0,1.2
47,101,30.39,0,1.18
47,100,30.39,0,1.21
47,100,30.39,0,1.23
47,100,30.38,0,1.25
47,100,30.39,0,1.22
47,101,30.39,0,1.22
47,101,30.39,0,1.22
47,101,30.39,0,1.2
47,101,30.39,0,1.22
47,101,30.39,0,1.21
47,101,30.39,0,1.22
47,101,30.39,0,1.21
47,101,30.39,0,1.21
47,100,30.4,0,1.21
47,100,30.4,0,1.19
47,100,30.4,0,1.23
47,100,30.4,0,1.22
47,100,30.4,0,1.23
47,100,30.4,0,1.2
47,100,30.4,0,1.19
47,100,30.4,0,1.22
47,100,30.4,0,1.2
47,100,30.41,0,1.22
47,100,30.41,0,1.2
47,100,30.41,0,1.21
47,100,30.41,0,1.24
47,100,30.41,0,1.2
47,100,30.41,0,1.25
46,100,30.41,0,1.22
46,100,30.41,0,1.23
46,100,30.41,0,1.18
46,100,30.41,0,1.21
46,100,30.42,0,1.25
46,100,30.42,0,1.25
46,100,30.42,0,1.21
46,100,30.42,0,1.2
45,100,30.42,0,1.2
45,100,30.42,0,1.21
45,100,30.42,0,1.23
46,100,30.42,0,1.21
46,100,30.42,0,1.21
46,100,30.42,0,1.22
45,99,30.42,0,1.21
46,99,30.42,0,1.21
46,99,30.42,0,1.2
46,99,30.42,0,1.23
46,99,30.42,0,1.24
46,98,30.42,0,1.23
46,98,30.42,0,1.18
46,97,30.43,0,1.21
46,96,30.43,0,1.21
46,95,30.43,0,1.19
46,93,30.43,0,1.22
46,89,30.43,0,1.23
46,83,30.43,0,1.23
45,88,30.43,0,1.2
45,92,30.43,0,1.2
45,93,30.43,0,1.2
45,95,30.43,0,1.22
45,95,30.43,0,1.2
46,93,30.43,0,1.21
46,89,30.43,0,1.21
45,88,30.43,0,1.23
45,93,30.43,0,1.21
45,95,30.43,0,1.21
45,93,30.43,0,1.21
46,93,30.43,0,1.18
46,90,30.43,0,1.23
46,86,30.43,0,1.22
46,87,30.43,0,1.18
46,88,30.43,0,1.21
47,86,30.43,0,1.2
47,79,30.43,0,1.21
46,79,30.43,0,1.18
46,84,30.43,0,1.19
45,92,30.42,0,1.21
45,98,30.42,0,1.21
45,99,30.43,0,1.21
45,99,30.43,0,1.19
45,98,30.43,0,1.18
46,98,30.43,0,1.22
46,97,30.43,0,1.21
46,97,30.43,0,1.2
46,96,30.42,0,1.22
47,95,30.42,0,1.2
46,95,30.42,0,1.2
46,98,30.42,0,1.22
46,98,30.42,0,1.22
47,98,30.42,0,1.21
47,97,30.42,0,1.21
47,96,30.42,0,1.21
48,94,30.41,0,1.22
49,91,30.41,0,1.19
49,85,30.41,0,1.23
49,78,30.41,0,1.2
49,80,30.41,0,1.2
49,84,30.4,0,1.24
50,89,30.41,0,1.22
49,82,30.4,0,1.21
49,86,30.4,0,1.22
48,92,30.4,0,1.2
48,98,30.4,0,1.22
48,99,30.39,0,1.17
48,99,30.39,0,1.25
48,99,30.39,0,1.22
48,99,30.39,0,1.21
49,99,30.39,0,1.24
49,99,30.39,0,1.23
49,99,30.39,0,1.21
49,99,30.39,0,1.2
49,99,30.39,0,1.56
49,99,30.39,0,2.37
50,99,30.39,0,3.5
50,99,30.39,0,8.94
50,98,30.39,0,18.24
50,98,30.39,0,25.27
50,98,30.38,0,35.95
50,97,30.39,0,52.1
51,97,30.39,0,97.18
51,97,30.38,0,116.17
51,97,30.38,0,86.74
52,96,30.38,0,139.97
52,96,30.38,0,106.59
52,95,30.38,0,162.31
53,94,30.38,0,201.41
53,92,30.38,0,197.62
53,93,30.38,0,248.13
53,93,30.38,0,231.89
53,92,30.38,0,123.33
54,92,30.38,0,267.92
54,91,30.38,0,302.91
53,94,30.38,0,356.84
53,96,30.38,0,405.68
53,96,30.38,0,253.73
53,95,30.38,0,266.91
53,95,30.38,0,196.59
53,94,30.38,0,213.37
54,93,30.38,0,258.28
53,90,30.37,0,343.57
54,90,30.38,0,287.68
54,90,30.38,0,320.92
55,89,30.37,0,321.19
55,88,30.37,0,715.2
56,87,30.37,0,564.18
56,83,30.37,0,626.2
56,80,30.37,0,622.65
56,79,30.37,0,683.94
56,78,30.37,0,705.79
57,78,30.38,0,652.88
58,77,30.37,0,634.83
58,76,30.37,0,720.38
58,75,30.37,0,698.92
58,73,30.38,0,697.46
58,74,30.38,0,668.72
58,75,30.38,0,754.55
58,74,30.38,0,756.27
59,67,30.38,0,795.68
60,62,30.38,0,810.79
61,60,30.38,0,696.6
61,56,30.38,0,600.71
61,55,30.38,0,775.99
60,62,30.38,0,818.13
60,68,30.38,0,829.44
60,64,30.38,0,762.98
60,62,30.38,0,802.17
62,62,30.39,0,849.05
62,60,30.39,0,852.64
63,56,30.39,0,893.72
63,59,30.39,0,914.12
63,45,30.39,0,893.23
62,46,30.39,0,903.73
62,54,30.4,0,782.08
63,48,30.4,0,889.95
63,37,30.4,0,878.64
63,33,30.4,0,978.13
64,31,30.4,0,913.42
63,30,30.4,0,917.28
64,43,30.41,0,885.56
64,28,30.41,0,907.89
64,41,30.41,0,941.98
63,35,30.41,0,945.77
63,41,30.41,0,916.17
63,51,30.42,0,914.76
64,37,30.42,0,870.16
65,50,30.42,0,891.54
65,28,30.42,0,908.68
65,33,30.42,0,941.01
64,32,30.42,0,949.31
63,37,30.42,0,916.12
63,40,30.43,0,950.39
62,43,30.43,0,950.88
62,39,30.43,0,938.85
62,42,30.43,0,934.44
62,46,30.43,0,921.37
62,58,30.43,0,861.2
62,60,30.43,0,895.5
61,57,30.43,0,899.46
60,56,30.43,0,873.79
60,64,30.43,0,881.39
61,65,30.43,0,879.63
61,62,30.44,0,866.85
61,47,30.44,0,857.17
61,57,30.44,0,843.77
60,59,30.44,0,822.9
59,58,30.44,0,818.09
59,70,30.44,0,810.03
58,74,30.44,0,796.57
58,78,30.44,0,783.32
60,72,30.44,0,771.6
61,50,30.44,0,759.26
61,58,30.44,0,744.61
62,66,30.44,0,731.81
63,52,30.44,0,715.01
63,39,30.44,0,695.99
63,57,30.44,0,618.94
63,32,30.44,0,622.32
63,28,30.43,0,656.83
63,37,30.43,0,639.03
63,41,30.43,0,611.29
62,38,30.43,0,586.98
61,41,30.43,0,587.33
60,36,30.42,0,567.61
60,62,30.42,0,544.65
60,69,30.42,0,521.11
59,58,30.42,0,484.1
58,51,30.42,0,455.92
56,66,30.42,0,458.81
55,71,30.41,0,434.69
54,83,30.41,0,412.8
53,87,30.41,0,400.12
52,90,30.41,0,376.62
52,91,30.41,0,355.16
51,92,30.41,0,325.14
50,93,30.41,0,322.04
49,95,30.41,0,286.49
48,95,30.41,0,243.09
48,94,30.41,0,137.84
47,93,30.41,0,59.04
46,93,30.41,0,51.86
46,93,30.41,0,44.2
46,92,30.4,0,39.56
46,90,30.41,0,49.08
45,85,30.4,0,56.63
45,81,30.4,0,45.08
45,81,30.4,0,31.04
45,79,30.4,0,25.27
44,78,30.4,0,22.06
44,77,30.4,0,18.6
44,76,30.4,0,14.54
44,76,30.4,0,9.56
44,79,30.4,0,6.57
44,85,30.4,0,6.35
44,77,30.39,0,3.83
44,63,30.39,0,1.26
44,74,30.39,0,1.19
45,85,30.39,0,1.21
45,79,30.39,0,1.18
45,73,30.39,0,1.2
45,58,30.39,0,1.2
45,46,30.38,0,1.22
45,39,30.38,0,1.24
45,39,30.38,0,1.23
45,33,30.38,0,1.23
45,32,30.38,0,1.19
45,33,30.38,0,1.21
46,32,30.38,0,1.19
46,31,30.38,0,1.2
45,31,30.38,0,1.22
45,33,30.38,0,1.21
45,34,30.38,0,1.22
45,34,30.38,0,1.21
45,34,30.38,0,1.2
45,33,30.38,0,1.23
45,32,30.38,0,1.2
46,32,30.38,0,1.2
46,33,30.38,0,1.23
46,31,30.38,0,1.19
46,33,30.38,0,1.19
46,32,30.38,0,1.23
46,31,30.38,0,1.19
46,33,30.38,0,1.21
46,33,30.38,0,1.22
46,33,30.38,0,1.22
46,32,30.38,0,1.18
46,32,30.38,0,1.2
46,34,30.39,0,1.19
46,33,30.38,0,1.23
46,34,30.38,0,1.2
46,35,30.38,0,1.2
46,35,30.38,0,1.17
46,35,30.39,0,1.19
46,35,30.39,0,1.18
46,35,30.39,0,1.24
46,34,30.39,0,1.22
45,38,30.39,0,1.21
45,37,30.39,0,1.22
45,39,30.39,0,1.22
45,39,30.39,0,1.2
45,40,30.39,0,1.21
45,41,30.39,0,1.2
45,41,30.39,0,1.24
45,41,30.39,0,1.19
44,42,30.4,0,1.2
44,45,30.4,0,1.19
44,48,30.4,0,1.21
44,49,30.4,0,1.2
44,52,30.4,0,1.22
44,68,30.4,0,1.21
45,73,30.41,0,1.2
45,73,30.41,0,1.2
45,66,30.41,0,1.21
45,54,30.41,0,1.2
45,52,30.41,0,1.22
45,57,30.41,0,1.2
45,62,30.41,0,1.21
45,57,30.42,0,1.2
45,54,30.42,0,1.23
45,55,30.42,0,1.23
45,53,30.42,0,1.19
46,55,30.42,0,1.2
46,60,30.42,0,1.2
46,54,30.42,0,1.23
46,56,30.42,0,1.2
46,63,30.42,0,1.22
46,80,30.42,0,1.21
47,69,30.42,0,1.21
47,58,30.42,0,1.22
47,57,30.43,0,1.21
47,59,30.42,0,1.21
47,62,30.42,0,1.22
46,71,30.42,0,1.16
47,89,30.43,0,1.19
47,94,30.43,0,1.21
48,97,30.43,0,1.21
48,97,30.43,0,1.22
48,96,30.43,0,1.2
48,98,30.43,0,1.22
48,99,30.43,0,1.23
48,98,30.43,0,1.23
48,98,30.43,0,1.23
48,98,30.43,0,1.22
48,98,30.43,0,1.22
48,98,30.44,0,1.22
48,97,30.44,0,1.2
48,97,30.44,0,1.22
48,97,30.44,0,1.22
48,98,30.44,0,1.2
48,97,30.44,0,1.17
47,93,30.44,0,1.21
47,92,30.44,0,1.21
47,90,30.44,0,1.21
47,92,30.44,0,1.24
47,91,30.44,0,1.21
47,90,30.44,0,1.21
47,94,30.44,0,1.16
47,98,30.44,0,1.23
47,99,30.44,0,1.21
48,99,30.44,0,1.23
48,99,30.44,0,1.22
48,99,30.44,0,1.23
49,99,30.44,0,1.23
49,99,30.44,0,1.21
49,100,30.44,0,1.21
49,100,30.44,0,1.24
50,100,30.44,0,1.22
49,99,30.44,0,1.23
49,99,30.44,0,1.24
49,99,30.44,0,1.23
50,99,30.44,0,1.22
49,99,30.43,0,1.24
49,99,30.43,0,1.2
49,98,30.43,0,1.23
49,98,30.44,0,1.24
49,98,30.43,0,1.21
48,97,30.43,0,1.22
48,97,30.43,0,1.2
48,96,30.43,0,1.23
48,96,30.43,0,1.2
48,96,30.43,0,1.25
48,95,30.42,0,1.22
48,94,30.42,0,1.2
48,94,30.42,0,1.22
48,93,30.42,0,1.22
48,93,30.41,0,1.24
48,92,30.41,0,1.26
48,92,30.41,0,1.24
48,89,30.41,0,1.22
48,89,30.41,0,1.21
48,92,30.41,0,1.2
48,91,30.41,0,1.18
49,89,30.41,0,1.22
49,86,30.41,0,1.22
49,89,30.41,0,1.21
49,88,30.4,0,1.23
50,84,30.4,0,1.22
50,80,30.4,0,1.22
50,84,30.4,0,1.24
50,85,30.4,0,1.67
50,85,30.4,0,3.27
51,85,30.4,0,5.37
51,84,30.4,0,6.88
52,82,30.4,0,8.91
52,81,30.39,0,18.75
53,75,30.39,0,25.42
54,69,30.39,0,41.3
54,74,30.39,0,59.4
54,64,30.39,0,79.87
55,73,30.39,0,101.68
55,76,30.39,0,126.64
55,77,30.39,0,153.06
56,73,30.39,0,180.26
56,73,30.39,0,207.87
56,68,30.39,0,237.53
56,75,30.39,0,264.72
56,77,30.39,0,291.1
57,78,30.39,0,316.46
57,78,30.39,0,339.0
57,77,30.39,0,360.04
57,75,30.38,0,380.45
57,74,30.38,0,401.79
57,77,30.38,0,421.08
57,77,30.39,0,440.55
57,76,30.39,0,459.39
58,78,30.39,0,480.28
58,78,30.39,0,501.54
58,75,30.39,0,517.86
58,76,30.39,0,538.66
58,74,30.39,0,557.49
58,74,30.39,0,576.08
59,73,30.39,0,593.87
59,73,30.39,0,609.8
59,73,30.39,0,627.92
59,69,30.39,0,647.42
60,67,30.39,0,663.4
59,68,30.39,0,679.67
59,70,30.39,0,694.95
59,73,30.39,0,709.33
58,70,30.39,0,725.58
58,70,30.39,0,739.53
58,69,30.39,0,755.25
58,69,30.4,0,767.8
59,68,30.4,0,785.11
59,67,30.4,0,794.84
59,64,30.4,0,806.8
59,63,30.4,0,819.28
59,63,30.4,0,831.2
59,61,30.4,0,842.21
59,61,30.4,0,856.71
59,62,30.4,0,864.79
59,57,30.4,0,874.19
59,59,30.4,0,883.8
60,58,30.4,0,893.21
60,55,30.4,0,902.67
60,55,30.4,0,912.01
60,57,30.4,0,919.32
60,55,30.4,0,925.07
60,53,30.41,0,933.25
60,53,30.41,0,939.58
60,54,30.41,0,943.89
60,53,30.41,0,947.8
60,53,30.41,0,954.42
60,49,30.41,0,958.22
60,51,30.41,0,960.95
61,51,30.41,0,968.39
61,48,30.42,0,967.59
61,52,30.42,0,969.34
61,55,30.42,0,972.25
61,52,30.42,0,971.17
61,53,30.42,0,973.65
61,55,30.42,0,969.95
61,52,30.42,0,968.01
61,56,30.43,0,965.39
61,56,30.43,0,964.66
61,54,30.43,0,962.99
62,53,30.43,0,959.79
62,51,30.43,0,954.76
62,50,30.43,0,948.52
62,49,30.44,0,947.16
61,47,30.44,0,941.14
62,43,30.44,0,939.1
62,45,30.44,0,930.49
62,48,30.44,0,924.83
62,48,30.45,0,916.56
62,47,30.45,0,909.47
63,48,30.45,0,901.39
63,47,30.45,0,890.75
63,46,30.45,0,884.42
63,43,30.45,0,875.46
63,43,30.45,0,864.55
64,40,30.45,0,853.61
64,35,30.45,0,841.59
65,28,30.45,0,828.9
64,20,30.45,0,820.88
64,20,30.45,0,808.59
64,22,30.45,0,795.23
63,20,30.45,0,782.79
63,22,30.45,0,767.71
63,22,30.45,0,753.83
63,19,30.45,0,740.63
62,18,30.45,0,725.68
62,21,30.45,0,710.5
63,20,30.45,0,695.21
63,23,30.45,0,678.52
63,24,30.45,0,661.97
62,26,30.45,0,644.18
62,24,30.45,0,626.54
62,22,30.45,0,609.51
62,22,30.45,0,591.93
61,27,30.45,0,574.45
61,28,30.45,0,555.99
61,29,30.44,0,536.63
62,26,30.44,0,518.63
63,8,30.44,0,499.46
62,11,30.44,0,479.22
61,13,30.44,0,459.74
60,15,30.43,0,439.84
59,14,30.44,0,419.56
58,14,30.44,0,399.39
57,16,30.43,0,378.63
56,16,30.43,0,356.76
54,20,30.43,0,334.42
52,21,30.43,0,310.23
51,24,30.43,0,283.89
51,24,30.42,0,201.27
50,25,30.42,0,23.91
50,24,30.43,0,22.08
49,26,30.42,0,21.52
49,27,30.42,0,20.8
48,28,30.42,0,20.02
48,28,30.42,0,19.17
48,29,30.42,0,18.18
48,28,30.42,0,16.97
47,27,30.42,0,15.64
47,29,30.42,0,14.16
46,28,30.42,0,12.38
46,29,30.41,0,10.21
46,29,30.41,0,8.12
46,29,30.41,0,5.89
46,30,30.41,0,3.75
45,28,30.41,0,2.08
46,30,30.41,0,1.2
45,31,30.41,0,1.21
45,30,30.41,0,1.24
45,28,30.41,0,1.23
45,31,30.4,0,1.21
45,32,30.41,0,1.23
45,32,30.4,0,1.19
45,32,30.4,0,1.22
45,31,30.4,0,1.2
45,32,30.4,0,1.19
45,32,30.4,0,1.21
45,33,30.4,0,1.18
45,31,30.4,0,1.23
45,31,30.4,0,1.21
45,31,30.4,0,1.2
45,31,30.4,0,1.23
45,34,30.4,0,1.22
45,34,30.4,0,1.22
45,35,30.4,0,1.23
44,35,30.4,0,1.22
44,35,30.4,0,1.21
44,36,30.4,0,1.18
44,34,30.4,0,1.21
44,36,30.41,0,1.23
44,34,30.4,0,1.24
44,35,30.4,0,1.19
44,36,30.4,0,1.25
45,38,30.4,0,1.22
45,35,30.4,0,1.2
44,37,30.4,0,1.17
45,39,30.4,0,1.19
45,38,30.41,0,1.21
45,41,30.41,0,1.24
45,39,30.4,0,1.22
45,39,30.4,0,1.21
45,40,30.41,0,1.2
45,40,30.41,0,1.21
45,41,30.41,0,1.2
45,40,30.41,0,1.23
45,40,30.41,0,1.18
45,45,30.41,0,1.21
44,44,30.41,0,1.21
44,47,30.41,0,1.22
44,47,30.41,0,1.21
45,48,30.41,0,1.22
45,49,30.41,0,1.22
45,51,30.41,0,1.2
45,50,30.42,0,1.2
46,51,30.42,0,1.21
45,48,30.42,0,1.2
45,53,30.42,0,1.19
45,55,30.42,0,1.21
46,50,30.42,0,1.2
46,55,30.43,0,1.22
46,46,30.43,0,1.21
46,55,30.43,0,1.2
46,54,30.43,0,1.23
46,56,30.43,0,1.2
46,56,30.43,0,1.24
46,56,30.43,0,1.2
46,56,30.43,0,1.21
46,55,30.44,0,1.22
46,54,30.44,0,1.21
46,53,30.44,0,1.22
46,52,30.44,0,1.21
46,50,30.44,0,1.22
47,46,30.45,0,1.22
47,43,30.45,0,1.18
47,46,30.45,0,1.17
47,46,30.45,0,1.13
47,41,30.45,0,1.22
47,53,30.45,0,1.2
47,56,30.45,0,1.25
47,56,30.45,0,1.25
46,52,30.45,0,1.25
46,46,30.45,0,1.23
47,44,30.45,0,1.22
47,45,30.45,0,1.24
46,41,30.45,0,1.21
46,44,30.46,0,1.2
47,45,30.46,0,1.23
47,40,30.46,0,1.24
46,41,30.46,0,1.21
47,40,30.46,0,1.2
47,39,30.46,0,1.21
47,37,30.46,0,1.22
48,37,30.47,0,1.25
48,35,30.47,0,1.24
48,35,30.47,0,1.23
48,37,30.47,0,1.2
48,40,30.46,0,1.18
48,44,30.46,0,1.23
48,65,30.46,0,1.22
47,67,30.46,0,1.23
47,69,30.46,0,1.2
47,70,30.46,0,1.2
47,71,30.46,0,1.19
47,72,30.46,0,1.2
47,72,30.46,0,1.2
47,72,30.46,0,1.25
47,74,30.46,0,1.21
47,71,30.46,0,1.24
48,73,30.46,0,1.22
48,74,30.46,0,1.22
48,75,30.46,0,1.22
48,73,30.46,0,1.19
49,72,30.46,0,1.23
49,72,30.46,0,1.23
49,78,30.46,0,1.23
49,78,30.46,0,1.22
49,80,30.46,0,1.21
49,82,30.46,0,1.18
50,85,30.46,0,1.22
50,86,30.46,0,1.2
50,87,30.46,0,1.23
50,90,30.46,0,1.19
50,91,30.46,0,1.25
51,94,30.46,0,1.25
51,95,30.46,0,1.24
50,96,30.46,0,1.22
51,98,30.45,0,1.24
51,99,30.45,0,1.21
51,99,30.45,0,1.23
51,99,30.45,0,1.23
51,98,30.45,0,1.2
51,98,30.45,0,1.22
51,97,30.45,0,1.24
51,97,30.45,0,1.22
51,97,30.45,0,1.23
52,98,30.45,0,1.21
52,98,30.44,0,1.21
52,98,30.44,0,1.22
52,98,30.44,0,1.22
52,97,30.44,0,1.24
53,97,30.44,0,1.26
52,95,30.44,0,1.26
53,94,30.44,0,1.24
53,95,30.43,0,1.19
53,96,30.43,0,1.22
53,97,30.43,0,1.24
53,95,30.43,0,1.22
54,94,30.43,0,1.26
54,95,30.43,0,1.24
54,96,30.43,0,2.32
54,96,30.43,0,5.34
54,95,30.43,0,6.72
55,95,30.43,0,8.14
55,95,30.43,0,13.8
54,96,30.43,0,20.64
54,96,30.43,0,31.04
54,96,30.43,0,36.37
55,96,30.43,0,31.37
55,96,30.43,0,32.64
55,95,30.43,0,52.62
56,95,30.43,0,67.42
56,94,30.43,0,82.49
56,94,30.43,0,114.15
57,93,30.43,0,121.05
57,92,30.43,0,109.08
58,90,30.43,0,288.93
59,89,30.42,0,294.08
59,88,30.42,0,288.24
59,85,30.42,0,263.15
60,83,30.42,0,316.7
60,83,30.42,0,320.83
60,82,30.42,0,353.48
60,82,30.42,0,374.12
59,85,30.42,0,458.4
59,86,30.42,0,435.67
59,88,30.42,0,452.4
58,91,30.42,0,481.35
58,90,30.42,0,265.26
57,93,30.43,0,161.84
57,93,30.43,0,160.6
57,93,30.43,0,198.13
57,93,30.43,0,124.49
58,92,30.43,0,150.07
59,89,30.43,0,157.19
60,87,30.43,0,166.55
61,84,30.43,0,315.77
61,81,30.43,0,261.59
62,80,30.43,0,375.62
64,76,30.43,0,722.48
64,72,30.43,0,932.28
64,69,30.43,0,355.91
64,70,30.43,0,771.38
64,69,30.43,0,848.9
64,68,30.43,0,204.88
64,68,30.43,0,727.28
64,68,30.44,0,797.71
64,66,30.43,0,803.78
64,66,30.44,0,850.81
64,69,30.44,0,396.06
64,70,30.44,0,812.64
64,70,30.44,0,960.04
64,67,30.44,0,962.3
65,65,30.44,0,921.89
65,65,30.44,0,891.28
64,65,30.44,0,893.45
64,65,30.44,0,903.31
64,66,30.44,0,906.06
65,62,30.44,0,919.7
66,62,30.45,0,927.72
64,60,30.45,0,934.82
65,59,30.45,0,929.74
65,58,30.45,0,942.86
65,60,30.45,0,943.44
64,62,30.45,0,953.45
64,63,30.45,0,949.38
63,60,30.46,0,959.19
64,64,30.46,0,955.14
64,63,30.46,0,956.15
64,63,30.46,0,953.49
63,63,30.46,0,959.38
64,61,30.47,0,963.04
64,60,30.47,0,966.31
64,53,30.47,0,967.74
64,51,30.47,0,968.61
64,54,30.47,0,966.9
64,52,30.47,0,961.34
63,53,30.47,0,962.6
63,58,30.48,0,958.28
63,57,30.48,0,951.92
63,56,30.48,0,951.09
62,57,30.48,0,941.27
62,59,30.48,0,936.68
63,63,30.48,0,931.64
63,58,30.48,0,922.9
64,48,30.49,0,924.33
64,45,30.49,0,916.39
65,45,30.49,0,909.87
65,42,30.49,0,896.44
65,43,30.49,0,890.93
65,37,30.49,0,884.75
65,36,30.49,0,872.67
65,36,30.49,0,850.76
64,37,30.49,0,857.4
64,37,30.49,0,846.71
63,34,30.49,0,834.41
63,34,30.49,0,822.03
63,42,30.49,0,798.15
62,40,30.49,0,791.71
62,43,30.49,0,777.66
62,46,30.49,0,765.94
62,51,30.49,0,747.68
61,50,30.49,0,729.79
61,52,30.49,0,718.61
62,51,30.49,0,702.56
61,44,30.49,0,689.23
61,50,30.49,0,664.28
61,39,30.49,0,645.55
61,42,30.49,0,623.76
61,39,30.49,0,614.26
61,42,30.49,0,598.21
61,42,30.48,0,580.34
61,39,30.48,0,565.7
60,38,30.48,0,535.92
59,39,30.48,0,512.83
59,39,30.48,0,466.95
58,40,30.48,0,486.8
57,40,30.48,0,448.66
56,46,30.48,0,431.45
55,48,30.47,0,430.58
54,50,30.47,0,379.94
53,53,30.47,0,376.35
52,53,30.47,0,344.61
51,54,30.47,0,355.49
51,55,30.47,0,311.42
50,55,30.47,0,305.65
49,55,30.46,0,280.44
49,57,30.46,0,190.58
49,55,30.46,0,37.4
49,55,30.46,0,32.86
49,55,30.46,0,30.54
49,52,30.46,0,29.6
49,54,30.46,0,29.0
48,55,30.46,0,28.42
48,56,30.45,0,27.72
48,57,30.45,0,26.25
48,56,30.45,0,23.91
48,57,30.45,0,21.82
48,57,30.45,0,19.47
48,57,30.45,0,14.65
48,56,30.45,0,8.83
49,54,30.45,0,5.87
49,55,30.44,0,6.65
49,55,30.44,0,5.02
48,55,30.44,0,1.71
48,56,30.44,0,1.21
48,57,30.44,0,1.25
48,59,30.44,0,1.22
48,59,30.44,0,1.19
47,59,30.44,0,1.28
47,59,30.44,0,1.21
47,59,30.44,0,1.18
47,59,30.44,0,1.19
47,58,30.44,0,1.28
48,58,30.44,0,1.22
48,57,30.44,0,1.22
48,57,30.43,0,1.18
48,56,30.43,0,1.23
48,56,30.43,0,1.24
47,57,30.43,0,1.21
47,57,30.43,0,1.22
47,56,30.43,0,1.25
47,57,30.43,0,1.18
47,56,30.43,0,1.2
48,56,30.43,0,1.22
48,55,30.43,0,1.19
48,54,30.43,0,1.26
48,54,30.42,0,1.23
48,54,30.42,0,1.23
48,54,30.42,0,1.25
48,54,30.42,0,1.24
48,54,30.42,0,1.2
48,54,30.42,0,1.22
48,56,30.42,0,1.21
48,57,30.42,0,1.23
48,57,30.42,0,1.2
47,57,30.42,0,1.21
47,58,30.42,0,1.22
47,57,30.42,0,1.21
47,57,30.42,0,1.17
47,57,30.42,0,1.2
47,57,30.42,0,1.26
47,57,30.42,0,1.19
47,58,30.43,0,1.22
47,58,30.43,0,1.19
47,58,30.43,0,1.22
47,59,30.43,0,1.21
47,59,30.43,0,1.24
46,59,30.43,0,1.23
46,61,30.43,0,1.2
45,62,30.43,0,1.2
46,65,30.43,0,1.22
46,63,30.43,0,1.21
45,63,30.43,0,1.18
45,65,30.44,0,1.23
45,64,30.44,0,1.22
45,66,30.44,0,1.24
45,68,30.44,0,1.2
45,69,30.44,0,1.21
45,70,30.44,0,1.24
45,68,30.44,0,1.19
45,68,30.44,0,1.21
45,68,30.44,0,1.19
45,69,30.45,0,1.17
45,69,30.45,0,1.23
45,69,30.45,0,1.23
45,69,30.45,0,1.21
46,69,30.45,0,1.22
46,68,30.45,0,1.18
46,69,30.45,0,1.2
46,68,30.46,0,1.19
46,69,30.46,0,1.21
46,69,30.45,0,1.2
46,69,30.45,0,1.21
46,69,30.46,0,1.23
46,69,30.46,0,1.23
46,70,30.46,0,1.21
46,71,30.46,0,1.23
46,69,30.46,0,1.21
46,69,30.46,0,1.22
46,69,30.46,0,1.22
46,69,30.46,0,1.2
46,69,30.46,0,1.23
46,69,30.46,0,1.21
46,71,30.46,0,1.22
46,71,30.46,0,1.21
47,70,30.46,0,1.21
47,71,30.46,0,1.19
47,70,30.46,0,1.18
47,70,30.46,0,1.22
47,71,30.47,0,1.2
47,71,30.46,0,1.19
46,71,30.46,0,1.18
46,73,30.46,0,1.19
46,74,30.46,0,1.21
46,76,30.46,0,1.22
46,76,30.46,0,1.22
46,75,30.46,0,1.18
47,76,30.46,0,1.22
47,76,30.46,0,1.2
47,73,30.47,0,1.21
47,73,30.47,0,1.25
47,76,30.47,0,1.22
47,76,30.47,0,1.22
47,76,30.47,0,1.21
47,77,30.47,0,1.16
47,77,30.47,0,1.21
47,78,30.47,0,1.19
47,79,30.47,0,1.22
47,81,30.47,0,1.19
47,79,30.47,0,1.19
47,79,30.47,0,1.19
48,80,30.47,0,1.22
48,81,30.47,0,1.21
48,80,30.47,0,1.19
48,80,30.47,0,1.15
48,83,30.46,0,1.27
47,88,30.46,0,1.21
47,97,30.46,0,1.21
48,101,30.46,0,1.21
49,101,30.46,0,1.21
49,101,30.46,0,1.24
49,101,30.46,0,1.2
49,101,30.46,0,1.22
49,101,30.46,0,1.23
49,101,30.46,0,1.21
49,101,30.46,0,1.23
49,101,30.46,0,1.18
49,101,30.46,0,1.24
49,101,30.45,0,1.22
49,101,30.45,0,1.23
49,101,30.45,0,1.22
50,101,30.45,0,1.2
50,101,30.45,0,1.22
50,101,30.45,0,1.23
50,101,30.45,0,1.21
50,101,30.44,0,1.19
50,101,30.44,0,1.22
50,101,30.44,0,1.23
50,101,30.44,0,1.24
50,101,30.43,0,1.2
50,101,30.43,0,1.21
50,101,30.43,0,1.2
50,101,30.43,0,1.23
51,101,30.43,0,1.24
51,101,30.43,0,1.2
51,101,30.43,0,1.26
51,100,30.43,0,1.51
51,100,30.43,0,3.08
51,100,30.43,0,4.6
51,100,30.43,0,6.52
51,100,30.43,0,12.62
51,100,30.43,0,12.07
51,100,30.43,0,20.35
51,100,30.43,0,36.23
52,100,30.43,0,48.52
52,100,30.43,0,42.9
52,100,30.43,0,51.12
52,99,30.43,0,78.73
52,99,30.43,0,77.29
53,99,30.43,0,85.0
53,99,30.43,0,95.22
53,99,30.43,0,102.57
53,98,30.43,0,103.38
53,98,30.42,0,129.88
53,97,30.43,0,117.93
54,96,30.42,0,121.52
54,95,30.42,0,133.33
55,93,30.42,0,123.94
56,91,30.42,0,150.19
56,88,30.42,0,232.11
56,84,30.42,0,514.77
56,84,30.42,0,446.81
56,83,30.42,0,219.74
57,81,30.43,0,282.54
57,82,30.42,0,385.0
57,79,30.42,0,528.41
57,79,30.42,0,534.23
56,77,30.42,0,549.06
56,80,30.42,0,196.09
57,79,30.42,0,354.42
57,80,30.42,0,627.6
57,81,30.42,0,538.72
57,77,30.42,0,659.74
57,75,30.42,0,639.65
57,75,30.42,0,683.89
57,79,30.42,0,699.29
57,77,30.42,0,711.09
57,79,30.42,0,731.65
57,76,30.42,0,741.11
57,77,30.42,0,759.63
57,79,30.42,0,766.8
57,80,30.42,0,778.15
56,78,30.42,0,785.4
56,80,30.42,0,808.88
56,80,30.42,0,850.18
56,83,30.42,0,768.17
57,82,30.42,0,546.87
57,81,30.42,0,906.61
57,80,30.42,0,886.96
57,81,30.42,0,914.08
58,82,30.42,0,815.35
58,82,30.42,0,1062.75
58,81,30.42,0,922.26
58,79,30.42,0,908.41
58,80,30.42,0,917.85
58,80,30.42,0,933.59
58,79,30.43,0,950.63
58,78,30.43,0,941.9
59,77,30.42,0,947.36
58,79,30.43,0,939.12
58,79,30.43,0,928.78
58,79,30.43,0,954.87
58,80,30.43,0,964.69
58,80,30.44,0,970.49
58,77,30.44,0,965.2
58,78,30.44,0,937.11
58,78,30.44,0,918.58
59,78,30.44,0,846.88
59,72,30.44,0,955.72
59,69,30.44,0,951.06
59,63,30.44,0,953.14
60,63,30.44,0,936.09
60,60,30.44,0,944.18
60,52,30.45,0,941.18
60,55,30.45,0,917.02
60,57,30.44,0,942.58
59,60,30.45,0,954.11
59,64,30.45,0,943.02
60,63,30.45,0,946.68
60,58,30.45,0,936.84
60,60,30.45,0,929.96
60,58,30.45,0,918.5
61,56,30.45,0,912.07
61,52,30.45,0,901.78
61,51,30.45,0,893.07
61,46,30.45,0,878.6
61,45,30.45,0,870.73
61,44,30.45,0,816.33
61,43,30.45,0,777.15
61,43,30.45,0,761.45
61,46,30.45,0,852.31
60,45,30.46,0,824.34
60,44,30.46,0,823.55
60,46,30.45,0,812.27
60,47,30.45,0,771.93
61,44,30.45,0,762.26
61,45,30.46,0,741.99
61,41,30.46,0,741.35
61,39,30.45,0,676.52
61,39,30.45,0,703.15
61,40,30.45,0,709.46
61,41,30.45,0,668.46
61,39,30.45,0,628.65
61,40,30.45,0,622.2
60,40,30.45,0,632.37
60,41,30.45,0,594.06
60,41,30.45,0,603.19
59,43,30.45,0,537.5
59,42,30.45,0,427.8
59,42,30.45,0,501.09
59,42,30.45,0,536.83
58,46,30.45,0,513.8
58,44,30.45,0,441.91
58,44,30.45,0,342.69
58,46,30.45,0,439.71
57,47,30.45,0,436.54
57,48,30.45,0,416.04
56,50,30.44,0,384.99
55,52,30.44,0,352.65
53,53,30.44,0,338.69
52,56,30.44,0,298.03
51,57,30.44,0,280.07
51,58,30.44,0,232.81
50,58,30.44,0,33.42
50,58,30.44,0,32.4
50,58,30.44,0,33.03
50,57,30.44,0,34.77
50,58,30.43,0,36.25
49,58,30.43,0,36.36
49,59,30.43,0,34.96
48,59,30.43,0,32.7
48,60,30.43,0,28.56
48,60,30.43,0,23.13
48,60,30.43,0,17.78
48,60,30.43,0,12.56
48,60,30.43,0,7.96
48,61,30.43,0,4.38
48,60,30.42,0,3.55
48,59,30.42,0,3.25
48,59,30.42,0,1.38
48,58,30.42,0,1.2
48,58,30.42,0,1.24
48,59,30.42,0,1.21
48,59,30.41,0,1.21
48,59,30.41,0,1.21
48,60,30.41,0,1.24
48,60,30.41,0,1.2
48,59,30.41,0,1.21
48,59,30.41,0,1.24
48,60,30.41,0,1.21
47,61,30.41,0,1.23
48,61,30.41,0,1.24
48,61,30.41,0,1.19
48,60,30.41,0,1.21
47,60,30.4,0,1.25
47,60,30.41,0,1.21
47,60,30.4,0,1.2
47,59,30.4,0,1.26
48,58,30.4,0,1.21
48,56,30.4,0,1.18
47,58,30.4,0,1.22
47,58,30.4,0,1.18
47,55,30.4,0,1.18
48,55,30.4,0,1.21
48,54,30.4,0,1.21
48,55,30.4,0,1.21
47,55,30.4,0,1.2
47,57,30.4,0,1.21
47,55,30.4,0,1.22
48,54,30.4,0,1.21
48,54,30.4,0,1.23
48,52,30.4,0,1.2
48,54,30.4,0,1.22
48,54,30.4,0,1.23
48,53,30.4,0,1.22
47,53,30.4,0,1.18
47,55,30.4,0,1.2
47,58,30.41,0,1.19
46,58,30.4,0,1.21
47,55,30.41,0,1.23
47,54,30.41,0,1.25
47,54,30.41,0,1.24
47,51,30.41,0,1.23
46,53,30.41,0,1.2
46,52,30.41,0,1.2
46,53,30.41,0,1.22
46,55,30.42,0,1.23
46,54,30.42,0,1.22
46,54,30.42,0,1.22
46,55,30.42,0,1.21
46,53,30.42,0,1.25
46,53,30.42,0,1.22
46,54,30.42,0,1.2
46,55,30.43,0,1.21
46,55,30.43,0,1.21
46,55,30.43,0,1.2
46,56,30.43,0,1.21
46,55,30.43,0,1.21
46,54,30.43,0,1.22
46,55,30.43,0,1.19
46,55,30.43,0,1.23
46,55,30.44,0,1.21
46,56,30.44,0,1.19
46,53,30.44,0,1.23
46,54,30.44,0,1.21
46,55,30.44,0,1.18
46,55,30.44,0,1.22
46,54,30.44,0,1.21
46,52,30.44,0,1.22
46,53,30.44,0,1.19
46,52,30.45,0,1.22
46,53,30.44,0,1.22
46,52,30.45,0,1.2
46,50,30.45,0,1.24
46,49,30.45,0,1.24
46,49,30.45,0,1.21
46,49,30.45,0,1.19
46,48,30.45,0,1.19
46,47,30.45,0,1.19
46,47,30.45,0,1.2
46,46,30.45,0,1.21
47,44,30.45,0,1.19
46,41,30.45,0,1.21
46,43,30.46,0,1.19
46,41,30.45,0,1.16
46,40,30.45,0,1.18
46,40,30.45,0,1.18
46,39,30.45,0,1.22
47,40,30.45,0,1.22
47,39,30.46,0,1.22
47,39,30.45,0,1.2
47,38,30.45,0,1.23
47,37,30.45,0,1.21
47,37,30.45,0,1.24
47,37,30.46,0,1.23
47,36,30.45,0,1.15
48,33,30.45,0,1.22
48,34,30.45,0,1.23
48,35,30.45,0,1.21
48,34,30.45,0,1.22
47,35,30.45,0,1.18
47,36,30.45,0,1.21
47,37,30.45,0,1.22
47,38,30.45,0,1.24
47,38,30.45,0,1.21
48,38,30.45,0,1.26
48,37,30.45,0,1.2
48,37,30.45,0,1.24
48,37,30.45,0,1.2
48,37,30.45,0,1.25
48,37,30.45,0,1.21
48,38,30.44,0,1.18
47,41,30.44,0,1.23
47,43,30.44,0,1.23
48,42,30.44,0,1.23
48,41,30.44,0,1.24
48,41,30.44,0,1.25
48,41,30.44,0,1.2
48,41,30.44,0,1.24
48,42,30.44,0,1.23
49,43,30.44,0,1.22
49,43,30.43,0,1.2
49,42,30.43,0,1.22
49,44,30.43,0,1.2
49,45,30.43,0,1.22
49,47,30.42,0,1.25
48,48,30.42,0,1.2
47,60,30.42,0,1.21
45,72,30.41,0,1.21
44,89,30.41,0,1.19
44,96,30.41,0,1.16
44,96,30.41,0,1.19
45,94,30.41,0,1.2
45,92,30.4,0,1.17
46,88,30.4,0,1.19
47,86,30.4,0,1.23
50,79,30.4,0,1.23
54,61,30.4,0,1.24
53,32,30.4,0,1.22
53,34,30.4,0,1.24
53,35,30.39,0,1.24
53,34,30.39,0,1.22
52,39,30.39,0,1.25
52,44,30.39,0,2.21
52,46,30.39,0,3.56
51,50,30.39,0,5.58
50,65,30.39,0,9.25
50,80,30.39,0,15.7
51,87,30.39,0,23.31
51,78,30.4,0,29.4
51,79,30.4,0,34.7
51,85,30.39,0,38.41
53,81,30.39,0,43.71
54,69,30.4,0,51.29
55,65,30.39,0,63.95
57,72,30.39,0,94.5
57,38,30.39,0,139.31
57,39,30.39,0,101.32
57,44,30.39,0,98.55
57,55,30.39,0,150.42
56,62,30.39,0,250.57
55,68,30.39,0,314.98
55,78,30.39,0,362.2
54,80,30.39,0,373.84
54,84,30.39,0,385.77
55,85,30.39,0,406.65
55,85,30.39,0,356.45
55,83,30.39,0,440.27
55,83,30.39,0,472.56
55,84,30.39,0,477.26
55,84,30.38,0,451.34
55,83,30.38,0,461.33
55,81,30.38,0,568.67
56,82,30.38,0,508.55
56,82,30.38,0,608.48
56,81,30.38,0,352.81
57,79,30.38,0,595.12
56,80,30.38,0,663.29
57,77,30.38,0,688.94
57,78,30.38,0,626.27
58,78,30.38,0,672.62
58,78,30.38,0,725.11
58,78,30.38,0,718.76
57,77,30.38,0,746.7
57,76,30.38,0,775.75
58,77,30.38,0,750.96
58,77,30.38,0,765.01
58,75,30.38,0,785.28
59,71,30.38,0,815.46
59,66,30.38,0,819.45
60,63,30.38,0,823.69
60,63,30.38,0,836.95
61,62,30.39,0,859.25
60,44,30.38,0,851.86
60,29,30.39,0,884.75
60,51,30.39,0,904.08
60,67,30.39,0,902.96
61,53,30.39,0,925.03
61,56,30.39,0,924.29
61,42,30.39,0,929.23
61,35,30.39,0,935.62
60,40,30.39,0,945.06
61,56,30.39,0,949.17
60,30,30.4,0,918.39
60,42,30.4,0,873.61
59,41,30.4,0,955.48
58,53,30.4,0,953.45
58,74,30.4,0,905.87
58,76,30.4,0,1004.11
57,74,30.4,0,988.17
57,75,30.4,0,982.95
56,77,30.4,0,982.52
55,84,30.4,0,978.11
55,84,30.4,0,976.2
54,87,30.4,0,972.37
55,83,30.4,0,975.71
55,84,30.4,0,968.83
55,82,30.41,0,953.41
55,86,30.4,0,971.55
55,84,30.41,0,955.44
55,83,30.41,0,931.27
55,85,30.41,0,916.43
55,84,30.41,0,944.85
55,80,30.41,0,904.78
56,78,30.41,0,902.46
57,71,30.42,0,930.33
57,59,30.42,0,856.69
57,57,30.42,0,898.6
56,64,30.42,0,857.74
56,73,30.42,0,916.44
56,78,30.42,0,909.79
56,80,30.42,0,902.6
55,84,30.42,0,891.98
55,87,30.42,0,881.45
54,88,30.42,0,869.41
52,92,30.42,0,858.48
52,91,30.42,0,845.94
51,92,30.42,0,833.97
51,92,30.42,0,821.37
51,91,30.42,0,807.72
51,93,30.42,0,794.57
51,93,30.42,0,783.14
52,91,30.42,0,768.91
51,92,30.41,0,759.59
51,93,30.41,0,744.31
51,95,30.41,0,727.42
50,94,30.41,0,712.0
51,93,30.41,0,695.62
51,92,30.41,0,677.78
52,90,30.41,0,658.67
51,91,30.41,0,640.03
51,91,30.41,0,624.14
51,94,30.41,0,603.11
50,97,30.41,0,573.7
49,100,30.4,0,554.88
49,101,30.4,0,535.39
48,101,30.4,0,519.54
48,101,30.4,0,519.72
47,101,30.41,0,426.17
47,101,30.4,0,264.17
47,100,30.4,0,178.17
47,100,30.4,0,178.21
47,101,30.4,0,260.27
47,101,30.4,0,205.4
47,101,30.4,0,374.5
47,101,30.39,0,287.92
47,101,30.4,0,289.8
47,101,30.39,0,316.36
46,101,30.39,0,162.34
46,100,30.39,0,284.95
46,100,30.39,0,116.25
46,100,30.39,0,111.33
46,99,30.39,0,97.78
46,98,30.39,0,105.95
46,96,30.39,0,20.54
46,95,30.38,0,19.49
46,91,30.38,0,18.5
45,93,30.38,0,17.43
45,102,30.38,0,16.03
45,102,30.38,0,14.53
46,102,30.38,0,12.8
46,102,30.38,0,12.72
47,102,30.38,0,8.46
47,102,30.38,0,5.05
47,102,30.38,0,3.42
47,102,30.38,0,1.87
47,102,30.37,0,1.21
47,102,30.38,0,1.2
47,102,30.38,0,1.19
47,102,30.38,0,1.21
47,102,30.38,0,1.23
47,102,30.37,0,1.25
47,102,30.37,0,1.22
47,102,30.37,0,1.21
47,102,30.37,0,1.21
47,102,30.37,0,1.22
47,102,30.37,0,1.17
47,102,30.37,0,1.18
47,102,30.37,0,1.24
47,102,30.37,0,1.22
47,102,30.37,0,1.22
47,102,30.37,0,1.21
47,102,30.37,0,1.24
47,102,30.37,0,1.18
47,102,30.37,0,1.23
47,102,30.37,0,1.21
47,102,30.37,0,1.21
47,102,30.37,0,1.19
47,102,30.37,0,1.2
47,102,30.37,0,1.19
46,102,30.37,0,1.25
46,102,30.37,0,1.22
45,102,30.37,0,1.23
45,102,30.37,0,1.18
46,102,30.37,0,1.21
46,102,30.38,0,1.26
46,102,30.38,0,1.27
46,101,30.38,0,1.24
46,101,30.37,0,1.22
46,101,30.38,0,1.22
47,101,30.38,0,1.22
47,101,30.37,0,1.2
47,101,30.38,0,1.26
47,101,30.38,0,1.23
47,101,30.38,0,1.22
47,101,30.38,0,1.21
47,101,30.38,0,1.23
47,101,30.38,0,1.25
47,101,30.38,0,1.2
47,101,30.38,0,1.21
47,101,30.38,0,1.24
47,101,30.38,0,1.15
47,101,30.38,0,1.22
47,101,30.38,0,1.21
47,101,30.38,0,1.26
47,101,30.38,0,1.21
47,100,30.39,0,1.14
47,100,30.39,0,1.19
47,100,30.39,0,1.21
47,100,30.39,0,1.26
47,101,30.39,0,1.21
47,101,30.4,0,1.23
47,101,30.4,0,1.18
47,101,30.4,0,1.23
47,101,30.4,0,1.21
47,101,30.4,0,1.24
47,101,30.4,0,1.14
47,101,30.4,0,1.21
47,101,30.41,0,1.2
47,101,30.41,0,1.18
47,101,30.41,0,1.22
47,101,30.41,0,1.21
47,101,30.41,0,1.19
47,101,30.41,0,1.21
47,101,30.41,0,1.22
48,101,30.41,0,1.22
48,101,30.41,0,1.2
48,101,30.42,0,1.22
48,101,30.42,0,1.2
48,101,30.42,0,1.22
48,101,30.42,0,1.21
48,101,30.42,0,1.2
48,101,30.42,0,1.22
48,101,30.42,0,1.21
48,101,30.42,0,1.2
48,101,30.42,0,1.24
48,101,30.42,0,1.2
48,101,30.42,0,1.22
47,101,30.42,0,1.2
47,101,30.42,0,1.22
47,101,30.42,0,1.2
47,101,30.42,0,1.25
47,101,30.42,0,1.19
47,101,30.42,0,1.24
47,101,30.42,0,1.21
47,101,30.42,0,1.18
47,101,30.43,0,1.19
46,101,30.43,0,1.2
46,101,30.43,0,1.21
46,101,30.43,0,1.19
46,101,30.43,0,1.21
47,101,30.43,0,1.13
47,101,30.42,0,1.26
47,101,30.43,0,1.24
48,101,30.43,0,1.21
47,101,30.43,0,1.22
47,101,30.43,0,1.2
47,101,30.44,0,1.24
47,101,30.43,0,1.2
47,101,30.43,0,1.19
47,101,30.43,0,1.21
47,101,30.43,0,1.22
48,101,30.43,0,1.19
48,101,30.43,0,1.24
48,101,30.43,0,1.22
48,101,30.43,0,1.22
48,101,30.43,0,1.22
48,101,30.43,0,1.21
48,101,30.42,0,1.22
48,101,30.42,0,1.21
48,101,30.42,0,1.22
48,101,30.42,0,1.2
48,101,30.42,0,1.21
48,101,30.42,0,1.2
48,100,30.42,0,1.21
48,100,30.42,0,1.21
48,100,30.42,0,1.2
48,100,30.42,0,1.22
48,100,30.42,0,1.2
47,100,30.42,0,1.22
47,100,30.42,0,1.19
47,100,30.42,0,1.2
47,99,30.42,0,1.25
48,99,30.42,0,1.21
48,99,30.42,0,1.22
48,99,30.41,0,1.21
48,98,30.41,0,1.19
48,98,30.41,0,1.19
47,97,30.41,0,1.22
47,97,30.41,0,1.21
47,97,30.41,0,1.22
47,97,30.41,0,1.22
47,97,30.41,0,1.21
47,97,30.41,0,1.22
47,97,30.4,0,1.24
47,96,30.4,0,1.21
47,96,30.4,0,1.21
47,94,30.4,0,1.18
47,93,30.4,0,1.22
47,94,30.4,0,1.32
47,94,30.4,0,1.81
48,93,30.4,0,2.38
48,92,30.4,0,3.5
48,89,30.4,0,7.4
48,88,30.4,0,9.96
49,88,30.4,0,14.19
49,88,30.4,0,35.37
50,88,30.4,0,54.8
50,86,30.39,0,124.16
51,86,30.39,0,144.19
51,86,30.39,0,134.94
51,86,30.39,0,272.73
51,87,30.39,0,275.04
50,86,30.39,0,237.22
50,86,30.38,0,71.34
50,88,30.39,0,273.89
51,86,30.39,0,84.74
52,86,30.39,0,206.89
52,84,30.38,0,449.08
52,85,30.38,0,451.7
52,87,30.38,0,475.45
52,86,30.38,0,538.73
51,87,30.38,0,349.59
53,87,30.38,0,131.59
53,84,30.38,0,396.8
53,83,30.38,0,589.56
53,81,30.38,0,614.11
53,82,30.38,0,200.8
53,81,30.38,0,606.99
53,83,30.37,0,526.03
53,85,30.37,0,566.93
53,85,30.37,0,610.19
53,83,30.37,0,621.89
53,84,30.37,0,634.86
54,83,30.37,0,168.78
54,81,30.37,0,669.0
54,83,30.37,0,682.62
54,83,30.37,0,694.92
54,82,30.37,0,712.12
54,78,30.37,0,730.74
55,84,30.37,0,756.56
55,80,30.37,0,752.07
55,78,30.37,0,767.76
55,80,30.37,0,772.72
55,80,30.37,0,803.44
55,79,30.37,0,809.26
56,79,30.37,0,819.52
56,78,30.37,0,861.2
55,76,30.37,0,860.88
56,77,30.37,0,870.19
57,76,30.38,0,878.97
56,73,30.37,0,866.88
57,70,30.38,0,892.21
56,69,30.38,0,854.19
57,69,30.38,0,908.88
56,73,30.38,0,920.12
56,72,30.38,0,926.69
56,65,30.39,0,930.88
56,69,30.39,0,945.03
56,66,30.39,0,944.03
56,67,30.39,0,956.06
57,63,30.39,0,960.92
57,56,30.39,0,962.52
57,62,30.39,0,969.87
57,53,30.39,0,972.02
57,55,30.4,0,979.83
56,59,30.4,0,980.34
56,62,30.4,0,983.37
56,71,30.4,0,984.4
57,66,30.4,0,979.48
57,62,30.4,0,987.02
56,69,30.4,0,988.93
56,68,30.4,0,984.86
57,72,30.41,0,982.99
57,62,30.41,0,986.11
57,55,30.41,0,978.62
57,57,30.41,0,963.72
58,54,30.41,0,971.43
58,51,30.41,0,971.48
57,46,30.41,0,967.35
57,47,30.41,0,960.66
57,49,30.42,0,956.4
57,40,30.42,0,951.43
56,57,30.42,0,943.48
56,53,30.42,0,930.91
57,71,30.42,0,929.05
56,69,30.42,0,924.83
55,62,30.42,0,913.54
55,62,30.42,0,893.58
54,79,30.42,0,896.39
55,78,30.42,0,887.6
54,71,30.42,0,877.56
53,86,30.42,0,865.51
52,101,30.42,0,852.05
51,102,30.42,0,837.01
51,102,30.42,0,824.38
51,102,30.42,0,645.36
51,102,30.42,0,809.31
51,102,30.42,0,626.62
51,103,30.42,0,594.85
50,102,30.42,0,738.26
50,102,30.42,0,675.59
50,102,30.42,0,516.7
50,102,30.42,0,694.2
50,102,30.42,0,677.21
49,102,30.42,0,225.26
49,102,30.42,0,516.93
49,102,30.42,0,285.1
49,102,30.42,0,322.99
48,102,30.42,0,430.01
48,102,30.42,0,229.96
48,102,30.43,0,272.59
48,102,30.42,0,388.87
48,102,30.42,0,407.0
48,102,30.42,0,392.12
48,102,30.42,0,219.22
48,102,30.42,0,280.28
48,102,30.42,0,232.63
48,102,30.42,0,160.92
48,102,30.42,0,234.8
48,102,30.42,0,184.83
48,102,30.42,0,152.22
47,102,30.42,0,148.39
47,102,30.42,0,119.37
47,102,30.42,0,100.79
48,102,30.42,0,78.02
48,102,30.42,0,88.48
48,102,30.41,0,64.2
48,102,30.41,0,79.72
48,102,30.42,0,70.35
48,102,30.41,0,70.39
48,102,30.41,0,70.21
48,102,30.41,0,43.54
48,102,30.41,0,39.79
48,102,30.41,0,29.51
48,102,30.41,0,21.75
48,102,30.41,0,17.58
48,102,30.41,0,11.44
48,102,30.41,0,7.83
48,102,30.41,0,6.23
48,102,30.41,0,4.82
48,102,30.41,0,3.33
48,102,30.41,0,2.02
48,102,30.4,0,1.23
48,102,30.4,0,1.19
49,102,30.4,0,1.24
49,102,30.4,0,1.23
49,102,30.4,0,1.23
49,102,30.4,0,1.22
49,102,30.4,0,1.23
49,102,30.4,0,1.24
49,102,30.4,0,1.23
49,102,30.4,0,1.2
49,102,30.4,0,1.21
49,102,30.4,0,1.22
49,102,30.4,0,1.23
49,102,30.4,0,1.23
49,102,30.4,0,1.2
49,102,30.4,0,1.22
49,102,30.4,0,1.24
49,102,30.4,0,1.2
49,102,30.4,0,1.23
49,102,30.4,0,1.22
49,102,30.4,0,1.24
49,102,30.4,0,1.21
49,102,30.4,0,1.21
49,102,30.4,0,1.23
49,102,30.4,0,1.25
49,102,30.4,0,1.26
49,102,30.4,0,1.2
49,102,30.4,0,1.2
49,102,30.4,0,1.19
49,102,30.4,0,1.24
49,102,30.4,0,1.22
48,102,30.4,0,1.19
48,102,30.4,0,1.19
48,102,30.4,0,1.23
48,102,30.4,0,1.24
48,102,30.4,0,1.23
48,102,30.4,0,1.21
48,102,30.4,0,1.2
48,102,30.4,0,1.24
48,102,30.4,0,1.23
48,102,30.4,0,1.23
48,102,30.4,0,1.21
48,102,30.41,0,1.2
48,102,30.41,0,1.2
48,102,30.41,0,1.21
48,102,30.41,0,1.24
48,102,30.41,0,1.22
48,102,30.41,0,1.22
48,102,30.42,0,1.23
48,102,30.42,0,1.22
48,102,30.42,0,1.2
48,102,30.42,0,1.23
48,102,30.42,0,1.23
48,102,30.42,0,1.21
48,102,30.42,0,1.22
48,102,30.42,0,1.23
48,102,30.42,0,1.22
48,102,30.42,0,1.23
48,102,30.42,0,1.21
48,101,30.43,0,1.21
48,101,30.43,0,1.19
47,101,30.43,0,1.21
47,101,30.43,0,1.2
47,101,30.43,0,1.21
47,101,30.43,0,1.21
48,101,30.43,0,1.23
48,101,30.43,0,1.23
48,101,30.44,0,1.22
48,101,30.44,0,1.24
48,101,30.44,0,1.22
48,101,30.44,0,1.19
48,101,30.44,0,1.19
49,101,30.44,0,1.2
48,101,30.44,0,1.22
48,101,30.44,0,1.24
48,101,30.44,0,1.21
48,101,30.44,0,1.19
48,101,30.44,0,1.22
48,101,30.44,0,1.21
47,101,30.44,0,1.19
47,101,30.44,0,1.21
47,101,30.44,0,1.18
46,101,30.44,0,1.18
46,101,30.44,0,1.2
46,101,30.45,0,1.23
47,101,30.45,0,1.23
47,101,30.45,0,1.2
47,101,30.45,0,1.23
48,101,30.45,0,1.22
48,101,30.45,0,1.21
48,101,30.45,0,1.22
48,101,30.45,0,1.19
47,101,30.45,0,1.22
47,100,30.45,0,1.21
48,100,30.45,0,1.24
48,100,30.45,0,1.21
48,100,30.45,0,1.22
48,100,30.45,0,1.21
48,100,30.45,0,1.2
47,100,30.45,0,1.25
47,99,30.45,0,1.2
47,99,30.45,0,1.21
47,98,30.45,0,1.18
46,97,30.45,0,1.2
46,96,30.45,0,1.23
45,94,30.45,0,1.19
45,92,30.45,0,1.2
44,91,30.45,0,1.22
45,93,30.45,0,1.18
45,93,30.45,0,1.23
45,93,30.45,0,1.21
45,91,30.45,0,1.24
45,89,30.44,0,1.19
45,91,30.44,0,1.2
45,94,30.44,0,1.22
44,95,30.44,0,1.17
45,96,30.44,0,1.2
45,97,30.44,0,1.22
45,98,30.44,0,1.22
46,99,30.44,0,1.22
46,99,30.44,0,1.22
46,98,30.45,0,1.23
45,98,30.44,0,1.19
45,97,30.44,0,1.22
45,97,30.44,0,1.22
45,97,30.43,0,1.21
45,97,30.43,0,1.23
45,96,30.43,0,1.21
45,96,30.43,0,1.22
46,95,30.43,0,1.21
46,95,30.43,0,1.22
46,94,30.43,0,1.22
46,92,30.43,0,1.19
46,89,30.43,0,1.2
46,89,30.43,0,1.23
46,88,30.43,0,1.21
46,90,30.42,0,1.21
46,93,30.42,0,1.21
46,97,30.42,0,1.2
46,97,30.42,0,1.25
46,97,30.42,0,1.21
46,97,30.42,0,1.24
46,96,30.42,0,1.17
47,96,30.42,0,1.74
47,95,30.42,0,3.23
47,94,30.42,0,5.25
47,95,30.42,0,7.33
47,96,30.42,0,9.63
47,96,30.42,0,12.12
47,96,30.42,0,28.62
48,96,30.42,0,17.42
48,95,30.42,0,91.47
48,95,30.42,0,32.46
49,95,30.42,0,46.35
49,94,30.42,0,65.83
49,93,30.42,0,108.24
50,91,30.41,0,70.19
50,90,30.41,0,86.86
50,90,30.42,0,322.78
51,90,30.41,0,339.34
51,89,30.41,0,373.4
51,90,30.41,0,239.66
51,91,30.41,0,421.94
51,91,30.41,0,462.72
51,89,30.41,0,463.94
51,88,30.41,0,389.63
51,92,30.41,0,413.93
51,92,30.41,0,448.33
51,93,30.41,0,437.46
50,95,30.41,0,491.12
49,96,30.41,0,538.55
50,97,30.41,0,140.37
50,95,30.41,0,168.09
50,95,30.41,0,134.67
50,97,30.41,0,571.6
49,99,30.41,0,835.05
49,99,30.41,0,270.99
49,98,30.41,0,382.3
50,98,30.4,0,112.82
51,98,30.4,0,87.4
51,96,30.4,0,149.01
51,95,30.41,0,185.21
51,95,30.4,0,366.71
51,96,30.4,0,962.76
50,97,30.4,0,281.87
50,96,30.4,0,448.38
51,96,30.4,0,261.39
52,94,30.4,0,125.58
54,91,30.4,0,139.91
55,89,30.4,0,851.3
54,88,30.4,0,1077.64
54,86,30.4,0,405.95
54,86,30.4,0,887.84
54,87,30.4,0,973.27
54,85,30.41,0,951.17
53,87,30.41,0,900.35
53,86,30.41,0,913.66
54,83,30.41,0,948.31
54,82,30.42,0,901.42
54,85,30.42,0,908.62
54,81,30.42,0,914.13
54,80,30.42,0,922.66
54,83,30.42,0,927.94
53,81,30.42,0,933.21
53,84,30.43,0,943.52
53,86,30.43,0,947.94
53,86,30.43,0,691.22
53,89,30.43,0,955.75
52,91,30.43,0,959.85
52,94,30.43,0,965.1
52,92,30.43,0,970.04
51,93,30.43,0,988.66
51,91,30.43,0,978.32
51,93,30.44,0,981.65
51,95,30.44,0,1002.59
51,95,30.44,0,976.28
51,94,30.44,0,372.9
51,96,30.44,0,1006.02
51,97,30.44,0,1112.46
50,96,30.44,0,1010.86
50,97,30.45,0,1025.82
50,98,30.45,0,497.26
50,98,30.45,0,369.53
50,98,30.45,0,930.95
49,100,30.45,0,701.9
49,100,30.45,0,913.37
49,101,30.45,0,1121.0
49,101,30.45,0,542.3
49,102,30.45,0,331.16
49,102,30.45,0,543.72
48,102,30.46,0,366.82
48,102,30.46,0,285.58
47,102,30.46,0,426.05
47,102,30.46,0,474.45
47,102,30.46,0,496.24
47,102,30.46,0,125.39
47,102,30.46,0,112.16
47,102,30.46,0,244.47
47,102,30.46,0,126.51
47,101,30.46,0,167.8
47,101,30.46,0,120.45
48,101,30.46,0,209.62
48,101,30.46,0,198.78
48,101,30.46,0,219.42
49,101,30.46,0,222.39
49,102,30.46,0,170.67
50,102,30.46,0,177.02
50,102,30.45,0,209.28
50,102,30.45,0,239.03
49,102,30.45,0,200.56
49,102,30.45,0,262.44
49,102,30.45,0,412.58
48,102,30.45,0,373.51
48,102,30.45,0,154.69
48,102,30.45,0,175.35
48,102,30.45,0,145.89
48,102,30.45,0,200.57
48,102,30.45,0,114.53
48,102,30.45,0,96.0
48,102,30.45,0,191.79
48,102,30.45,0,141.79
48,102,30.45,0,162.12
48,102,30.45,0,100.61
48,102,30.45,0,77.53
47,102,30.45,0,60.85
48,102,30.45,0,47.2
48,102,30.44,0,47.67
48,102,30.44,0,77.38
48,102,30.44,0,59.39
48,102,30.44,0,47.92
48,102,30.44,0,37.71
49,102,30.44,0,44.43
48,102,30.43,0,46.54
48,102,30.43,0,42.9
48,102,30.43,0,46.51
48,102,30.43,0,27.93
48,101,30.43,0,23.43
49,101,30.43,0,22.74
48,101,30.43,0,14.52
48,101,30.42,0,13.43
48,101,30.42,0,9.98
48,101,30.42,0,8.33
48,101,30.42,0,7.14
48,101,30.42,0,5.37
48,101,30.42,0,3.78
48,101,30.42,0,2.69
48,101,30.42,0,1.65
48,101,30.42,0,1.21
48,101,30.42,0,1.23
48,101,30.42,0,1.21
48,101,30.42,0,1.23
48,101,30.41,0,1.22
48,101,30.41,0,1.22
48,101,30.41,0,1.21
48,100,30.41,0,1.21
48,100,30.41,0,1.24
48,100,30.41,0,1.22
48,100,30.4,0,1.22
48,100,30.41,0,1.21
48,99,30.41,0,1.2
47,98,30.4,0,1.23
47,97,30.4,0,1.22
46,95,30.4,0,1.24
45,98,30.4,0,1.19
45,100,30.4,0,1.21
45,101,30.4,0,1.18
45,101,30.4,0,1.17
45,101,30.4,0,1.24
46,101,30.4,0,1.15
46,101,30.4,0,1.16
46,101,30.4,0,1.2
46,101,30.4,0,1.19
47,101,30.4,0,1.23
47,101,30.4,0,1.2
47,101,30.4,0,1.21
47,101,30.4,0,1.22
47,101,30.4,0,1.21
47,101,30.4,0,1.21
47,101,30.4,0,1.21
48,101,30.4,0,1.22
48,101,30.4,0,1.22
48,101,30.4,0,1.24
48,101,30.4,0,1.22
47,101,30.4,0,1.22
47,101,30.4,0,1.19
47,100,30.4,0,1.21
47,100,30.41,0,1.23
47,100,30.41,0,1.21
47,100,30.41,0,1.22
47,100,30.41,0,1.23
47,100,30.41,0,1.24
46,99,30.41,0,1.24
46,99,30.41,0,1.19
46,98,30.41,0,1.22
46,97,30.41,0,1.18
46,95,30.41,0,1.2
46,93,30.42,0,1.22
46,90,30.42,0,1.21
46,87,30.41,0,1.18
45,86,30.42,0,1.21
45,82,30.42,0,1.2
45,84,30.42,0,1.22
45,82,30.42,0,1.21
44,85,30.42,0,1.26
44,90,30.42,0,1.22
44,94,30.42,0,1.19
44,97,30.42,0,1.18
44,99,30.43,0,1.2
44,100,30.43,0,1.22
44,100,30.43,0,1.24
45,100,30.44,0,1.21
45,100,30.44,0,1.2
45,100,30.44,0,1.17
45,100,30.44,0,1.23
45,99,30.44,0,1.21
45,99,30.44,0,1.21
45,98,30.44,0,1.19
45,97,30.44,0,1.19
45,96,30.44,0,1.2
45,95,30.45,0,1.23
46,93,30.44,0,1.18
45,92,30.45,0,1.23
44,89,30.44,0,1.21
44,90,30.44,0,1.23
44,93,30.45,0,1.22
44,96,30.45,0,1.21
44,97,30.44,0,1.19
44,97,30.45,0,1.21
44,98,30.45,0,1.19
44,97,30.45,0,1.23
44,97,30.45,0,1.22
44,96,30.45,0,1.21
45,96,30.45,0,1.21
45,95,30.45,0,1.21
45,94,30.45,0,1.19
45,93,30.45,0,1.23
45,92,30.45,0,1.19
45,95,30.45,0,1.22
45,98,30.45,0,1.19
45,99,30.45,0,1.21
45,100,30.45,0,1.21
45,100,30.45,0,1.21
46,100,30.46,0,1.22
46,100,30.46,0,1.19
46,100,30.45,0,1.22
46,100,30.46,0,1.23
46,100,30.46,0,1.24
46,100,30.45,0,1.19
46,100,30.45,0,1.24
46,100,30.46,0,1.23
46,100,30.45,0,1.24
46,100,30.45,0,1.2
46,99,30.45,0,1.21
46,99,30.45,0,1.26
46,99,30.45,0,1.22
46,98,30.46,0,1.26
46,98,30.46,0,1.19
46,98,30.46,0,1.2
46,97,30.46,0,1.21
46,97,30.45,0,1.21
45,97,30.45,0,1.2
45,95,30.45,0,1.23
45,94,30.45,0,1.23
44,93,30.45,0,1.19
44,92,30.45,0,1.22
44,90,30.45,0,1.18
44,92,30.45,0,1.2
44,94,30.45,0,1.18
44,95,30.45,0,1.23
44,95,30.45,0,1.21
44,94,30.45,0,1.16
44,94,30.45,0,1.22
44,95,30.45,0,1.19
44,94,30.45,0,1.22
44,94,30.45,0,1.19
44,94,30.45,0,1.22
45,94,30.45,0,1.2
45,95,30.44,0,1.19
45,95,30.44,0,1.2
45,95,30.44,0,1.23
45,96,30.44,0,1.21
45,96,30.44,0,1.21
46,95,30.44,0,1.2
46,94,30.44,0,1.19
46,93,30.44,0,1.24
46,94,30.44,0,1.2
46,95,30.44,0,1.18
46,94,30.44,0,1.18
46,92,30.44,0,1.22
47,93,30.44,0,1.24
47,93,30.43,0,1.24
47,90,30.43,0,1.99
48,90,30.43,0,3.53
48,91,30.43,0,5.76
48,92,30.43,0,8.06
48,91,30.43,0,10.45
49,89,30.43,0,22.43
50,88,30.43,0,26.77
50,90,30.43,0,37.44
51,89,30.43,0,54.71
51,88,30.43,0,102.24
51,85,30.43,0,98.33
51,84,30.43,0,124.48
52,84,30.43,0,154.98
52,87,30.42,0,220.02
52,85,30.43,0,215.7
52,85,30.43,0,226.68
52,85,30.42,0,302.21
53,84,30.42,0,318.78
53,85,30.42,0,304.32
53,84,30.42,0,345.33
54,80,30.42,0,354.18
54,82,30.42,0,369.32
55,82,30.42,0,388.3
55,79,30.42,0,408.36
55,79,30.42,0,426.47
54,78,30.42,0,457.74
54,81,30.42,0,469.23
54,81,30.42,0,350.68
54,82,30.42,0,392.35
54,80,30.42,0,531.3
54,76,30.43,0,548.85
55,80,30.43,0,526.31
55,83,30.43,0,376.39
56,83,30.43,0,326.79
56,75,30.43,0,623.36
56,77,30.43,0,638.16
56,79,30.42,0,654.12
56,73,30.42,0,704.3
56,73,30.42,0,727.81
56,70,30.42,0,711.75
56,77,30.42,0,715.77
56,74,30.42,0,732.69
56,76,30.43,0,744.12
56,79,30.42,0,763.27
56,78,30.43,0,776.13
56,79,30.43,0,787.59
56,79,30.43,0,800.3
56,78,30.43,0,812.86
56,78,30.43,0,826.11
56,77,30.43,0,838.84
56,75,30.43,0,852.09
56,73,30.43,0,863.5
56,76,30.43,0,872.04
56,77,30.43,0,881.12
56,69,30.43,0,892.64
57,69,30.43,0,899.66
56,72,30.43,0,906.16
56,69,30.44,0,917.35
57,75,30.44,0,923.68
57,69,30.44,0,931.88
57,68,30.44,0,940.1
57,69,30.44,0,944.15
57,63,30.44,0,949.25
57,64,30.45,0,954.43
56,66,30.45,0,961.2
56,63,30.45,0,965.02
56,61,30.45,0,968.33
56,64,30.45,0,969.47
57,62,30.45,0,974.27
57,65,30.45,0,978.07
57,61,30.45,0,977.68
56,51,30.46,0,979.58
56,55,30.46,0,981.07
56,63,30.46,0,977.62
56,54,30.46,0,977.87
57,53,30.46,0,975.9
57,56,30.46,0,974.94
56,55,30.46,0,971.29
56,54,30.47,0,969.0
56,54,30.46,0,965.71
56,52,30.47,0,961.23
56,57,30.47,0,956.26
56,54,30.47,0,953.16
56,55,30.47,0,944.88
56,56,30.47,0,942.19
56,53,30.47,0,933.2
55,57,30.47,0,924.74
55,54,30.48,0,918.89
55,53,30.48,0,909.65
55,54,30.48,0,899.17
55,52,30.48,0,890.05
55,56,30.48,0,880.35
55,59,30.48,0,870.11
55,53,30.48,0,857.73
55,55,30.48,0,847.49
55,57,30.48,0,835.41
54,58,30.48,0,824.63
54,56,30.48,0,812.56
54,59,30.48,0,799.3
54,55,30.48,0,786.14
54,59,30.48,0,772.03
54,56,30.48,0,759.04
54,59,30.48,0,743.65
53,57,30.48,0,728.51
53,55,30.48,0,714.16
54,57,30.48,0,696.73
54,59,30.48,0,680.39
54,59,30.48,0,663.35
54,59,30.48,0,645.3
53,60,30.48,0,627.81
53,58,30.48,0,609.59
53,61,30.48,0,592.25
52,61,30.48,0,572.44
52,58,30.48,0,554.09
52,65,30.47,0,533.56
52,62,30.48,0,514.45
51,64,30.48,0,495.15
51,68,30.47,0,479.05
51,66,30.47,0,460.83
51,65,30.47,0,440.57
51,66,30.47,0,422.05
50,68,30.47,0,402.58
50,69,30.47,0,383.56
49,73,30.47,0,364.62
49,73,30.46,0,346.11
48,76,30.46,0,325.84
47,77,30.46,0,301.83
46,76,30.46,0,274.93
45,80,30.46,0,23.26
45,82,30.46,0,21.94
45,83,30.46,0,20.61
44,83,30.46,0,20.05
44,84,30.46,0,19.37
44,86,30.46,0,18.57
44,87,30.46,0,17.72
44,85,30.46,0,16.73
44,85,30.46,0,15.61
44,86,30.46,0,14.29
44,85,30.46,0,12.73
44,86,30.45,0,10.89
44,86,30.45,0,8.89
44,87,30.45,0,6.79
44,87,30.45,0,4.41
44,87,30.45,0,2.47
44,87,30.45,0,1.19
44,88,30.45,0,1.21
44,88,30.45,0,1.21
45,90,30.44,0,1.2
45,90,30.44,0,1.19
45,92,30.45,0,1.18
45,94,30.45,0,1.18
46,96,30.44,0,1.19
46,99,30.44,0,1.22
46,101,30.44,0,1.21
46,101,30.44,0,1.24
46,102,30.44,0,1.18
47,102,30.44,0,1.19
47,102,30.44,0,1.2
47,102,30.44,0,1.22
47,102,30.44,0,1.23
47,102,30.44,0,1.23
48,102,30.44,0,1.2
48,102,30.44,0,1.19
48,102,30.44,0,1.22
48,102,30.44,0,1.28
47,102,30.43,0,1.29
47,102,30.43,0,1.24
47,102,30.43,0,1.23
47,102,30.43,0,1.26
47,102,30.43,0,1.24
47,102,30.43,0,1.23
47,102,30.43,0,1.27
47,102,30.43,0,1.27
47,102,30.43,0,1.28
47,102,30.43,0,1.26
47,102,30.43,0,1.26
47,102,30.43,0,1.26
47,102,30.43,0,1.27
47,102,30.42,0,1.26
47,102,30.42,0,1.26
47,102,30.43,0,1.28
48,102,30.43,0,1.27
48,102,30.43,0,1.28
48,102,30.43,0,1.28
48,102,30.43,0,1.29
48,102,30.43,0,1.25
49,102,30.43,0,1.27
49,102,30.43,0,1.27
49,102,30.43,0,1.29
49,102,30.43,0,1.26
49,102,30.44,0,1.25
49,102,30.44,0,1.3
49,102,30.44,0,1.3
49,102,30.44,0,1.26
49,102,30.44,0,1.28
49,102,30.44,0,1.28
49,102,30.44,0,1.25
50,102,30.44,0,1.25
50,102,30.44,0,1.3
50,102,30.44,0,1.26
50,102,30.45,0,1.3
50,102,30.45,0,1.25
50,102,30.45,0,1.26
50,102,30.45,0,1.26
50,102,30.45,0,1.28
50,102,30.45,0,1.27
50,102,30.45,0,1.26
50,102,30.46,0,1.27
50,102,30.45,0,1.28
50,102,30.45,0,1.27
50,102,30.46,0,1.24
50,102,30.46,0,1.27
50,102,30.46,0,1.27
50,102,30.46,0,1.27
50,102,30.46,0,1.24
50,102,30.46,0,1.26
50,102,30.47,0,1.27
50,102,30.47,0,1.27
50,102,30.47,0,1.28
50,102,30.47,0,1.27
50,102,30.47,0,1.26
51,102,30.47,0,1.26
51,102,30.48,0,1.27
51,102,30.48,0,1.25
51,102,30.48,0,1.27
51,102,30.48,0,1.27
51,102,30.48,0,1.27
50,102,30.48,0,1.26
50,102,30.48,0,1.25
51,102,30.48,0,1.24
51,102,30.48,0,1.26
51,102,30.48,0,1.29
51,102,30.48,0,1.29
51,102,30.48,0,1.26
51,102,30.48,0,1.26
51,102,30.48,0,1.27
51,102,30.49,0,1.27
51,102,30.49,0,1.25
51,102,30.48,0,1.25
51,102,30.48,0,1.23
51,102,30.48,0,1.22
51,102,30.48,0,1.32
51,102,30.48,0,1.3
51,102,30.48,0,1.28
51,102,30.48,0,1.32
51,102,30.48,0,1.27
51,102,30.49,0,1.22
51,102,30.49,0,1.3
51,102,30.48,0,1.26
51,102,30.48,0,1.27
51,102,30.48,0,1.26
51,102,30.48,0,1.26
51,102,30.48,0,1.26
51,102,30.48,0,1.23
51,102,30.48,0,1.29
51,102,30.48,0,1.26
52,102,30.48,0,1.24
52,102,30.48,0,1.24
52,102,30.48,0,1.26
52,102,30.48,0,1.23
52,102,30.48,0,1.25
52,102,30.48,0,1.25
52,102,30.47,0,1.24
52,102,30.47,0,1.26
52,102,30.47,0,1.26
52,102,30.47,0,1.26
52,102,30.47,0,1.25
52,102,30.47,0,1.31
52,102,30.47,0,1.24
52,102,30.47,0,1.28
52,102,30.47,0,1.23
52,102,30.46,0,1.26
52,102,30.46,0,1.26
52,102,30.46,0,1.24
52,102,30.46,0,1.26
52,102,30.46,0,1.25
52,102,30.46,0,1.25
52,102,30.45,0,1.26
52,102,30.45,0,1.25
52,102,30.45,0,1.24
52,102,30.45,0,1.28
52,102,30.45,0,1.24
52,102,30.45,0,1.23
52,102,30.45,0,1.22
52,102,30.44,0,1.26
52,102,30.44,0,1.23
52,102,30.44,0,1.22
52,102,30.44,0,1.23
52,102,30.44,0,1.69
52,102,30.44,0,2.71
52,102,30.44,0,3.91
52,102,30.44,0,5.51
53,102,30.44,0,6.58
53,102,30.43,0,7.78
53,102,30.43,0,10.16
53,102,30.43,0,11.75
53,102,30.43,0,14.57
53,102,30.43,0,29.57
53,102,30.43,0,58.49
53,102,30.43,0,54.01
53,102,30.43,0,103.2
53,102,30.43,0,109.99
53,102,30.43,0,63.97
53,101,30.43,0,75.63
53,101,30.42,0,78.64
54,101,30.42,0,145.69
54,101,30.42,0,67.81
54,101,30.42,0,34.77
54,101,30.42,0,40.44
54,101,30.42,0,54.49
54,101,30.42,0,57.0
54,101,30.42,0,52.84
54,101,30.42,0,72.94
54,101,30.42,0,65.43
55,101,30.42,0,67.51
54,101,30.42,0,66.16
54,101,30.42,0,106.37
55,101,30.42,0,79.4
55,101,30.42,0,87.62
55,101,30.42,0,83.27
54,101,30.42,0,136.1
54,101,30.41,0,158.08
54,101,30.42,0,154.26
54,100,30.41,0,175.12
55,100,30.41,0,135.36
55,100,30.41,0,105.23
55,100,30.41,0,123.95
56,100,30.41,0,166.24
56,100,30.41,0,184.92
57,100,30.41,0,263.08
57,100,30.41,0,801.51
57,100,30.41,0,595.85
57,100,30.41,0,422.67
57,100,30.41,0,377.72
57,99,30.41,0,536.96
57,99,30.41,0,354.73
58,98,30.41,0,440.35
58,98,30.41,0,465.9
58,97,30.41,0,694.5
58,97,30.42,0,700.05
58,95,30.42,0,391.88
58,95,30.42,0,384.02
58,95,30.42,0,676.64
58,96,30.42,0,612.17
58,94,30.42,0,429.56
58,94,30.42,0,387.2
58,94,30.42,0,663.17
59,93,30.43,0,368.49
59,93,30.43,0,593.18
59,94,30.42,0,698.63
58,93,30.42,0,292.56
58,95,30.43,0,1201.96
58,97,30.43,0,1159.23
58,98,30.43,0,1451.41
58,95,30.43,0,1175.72
58,96,30.43,0,631.66
57,97,30.43,0,1000.65
57,99,30.43,0,374.7
56,100,30.43,0,702.45
56,100,30.44,0,488.56
55,100,30.44,0,707.76
55,100,30.44,0,910.18
56,100,30.44,0,522.47
56,100,30.44,0,381.91
56,100,30.44,0,402.33
56,100,30.45,0,512.67
56,100,30.45,0,506.62
56,100,30.45,0,520.28
56,100,30.45,0,625.31
56,100,30.45,0,481.9
56,100,30.45,0,441.77
57,100,30.45,0,446.99
57,100,30.46,0,839.33
56,99,30.46,0,453.45
57,99,30.46,0,710.05
57,99,30.46,0,486.25
57,99,30.46,0,467.8
57,98,30.46,0,941.69
57,97,30.47,0,610.08
58,95,30.47,0,460.74
59,92,30.47,0,512.24
60,89,30.47,0,929.69
59,87,30.47,0,908.7
59,90,30.47,0,751.83
59,90,30.47,0,619.18
59,90,30.47,0,961.25
58,90,30.48,0,887.88
58,91,30.48,0,680.33
58,91,30.47,0,494.9
57,92,30.48,0,786.81
56,95,30.48,0,790.54
56,97,30.48,0,412.55
55,99,30.48,0,588.15
55,99,30.48,0,742.83
54,99,30.47,0,295.46
54,98,30.47,0,217.59
55,98,30.47,0,448.51
55,98,30.47,0,413.63
55,98,30.47,0,511.35
55,98,30.47,0,548.27
55,97,30.47,0,365.83
55,96,30.47,0,327.4
56,95,30.47,0,227.14
56,94,30.47,0,300.62
56,92,30.47,0,557.3
57,92,30.47,0,537.38
56,92,30.47,0,474.75
56,92,30.46,0,436.19
56,92,30.46,0,260.75
56,93,30.46,0,390.82
55,94,30.46,0,369.23
54,97,30.45,0,349.9
54,99,30.46,0,329.54
53,100,30.45,0,307.51
52,101,30.45,0,282.79
51,100,30.45,0,254.7
51,100,30.45,0,40.78
51,100,30.45,0,52.0
51,100,30.45,0,78.01
51,100,30.45,0,32.88
50,100,30.45,0,64.09
50,100,30.45,0,83.75
49,100,30.45,0,37.13
49,100,30.45,0,45.18
49,100,30.45,0,15.97
49,100,30.45,0,11.83
49,100,30.45,0,10.58
49,100,30.44,0,9.55
49,100,30.44,0,8.1
49,100,30.44,0,6.15
49,100,30.44,0,4.17
49,100,30.44,0,2.49
49,100,30.44,0,1.4
49,100,30.44,0,1.2
49,100,30.44,0,1.23
49,100,30.44,0,1.21
49,100,30.44,0,1.19
49,99,30.44,0,1.23
48,99,30.44,0,1.23
48,99,30.44,0,1.22
48,98,30.44,0,1.21
48,98,30.44,0,1.21
47,96,30.43,0,1.22
47,95,30.43,0,1.19
47,93,30.43,0,1.24
47,90,30.43,0,1.22
47,89,30.43,0,1.22
47,87,30.43,0,1.19
47,88,30.43,0,1.21
47,92,30.42,0,1.2
47,94,30.43,0,1.21
47,94,30.43,0,1.22
47,94,30.43,0,1.21
47,94,30.43,0,1.24
47,90,30.42,0,1.21
47,81,30.42,0,1.21
47,76,30.42,0,1.21
47,77,30.42,0,1.19
48,80,30.42,0,1.2
48,78,30.42,0,1.23
48,74,30.42,0,1.21
48,69,30.42,0,1.22
47,75,30.42,0,1.2
47,82,30.42,0,1.23
47,82,30.42,0,1.19
47,79,30.42,0,1.21
47,63,30.42,0,1.25
47,64,30.42,0,1.19
47,70,30.42,0,1.27
47,74,30.42,0,1.22
47,70,30.43,0,1.2
46,69,30.43,0,1.25
47,78,30.43,0,1.18
47,66,30.43,0,1.21
47,66,30.43,0,1.19
46,68,30.43,0,1.24
46,71,30.43,0,1.23
46,72,30.43,0,1.21
46,76,30.43,0,1.22
46,76,30.43,0,1.18
46,78,30.43,0,1.22
46,80,30.43,0,1.27
46,83,30.43,0,1.2
46,84,30.44,0,1.21
47,84,30.44,0,1.23
47,85,30.44,0,1.21
46,84,30.44,0,1.19
46,86,30.44,0,1.25
47,90,30.44,0,1.21
47,91,30.44,0,1.18
48,86,30.45,0,1.22
48,82,30.45,0,1.2
49,78,30.44,0,1.23
49,80,30.44,0,1.23
49,80,30.44,0,1.23
50,86,30.44,0,1.24
50,89,30.44,0,1.2
49,89,30.44,0,1.2
49,90,30.44,0,1.2
49,90,30.44,0,1.25
49,90,30.45,0,1.24
49,90,30.45,0,1.26
50,90,30.44,0,1.21
50,90,30.44,0,1.23
50,90,30.45,0,1.21
50,90,30.45,0,1.23
49,89,30.45,0,1.21
49,90,30.45,0,1.21
49,92,30.44,0,1.24
49,92,30.45,0,1.23
49,91,30.45,0,1.2
49,89,30.45,0,1.21
49,84,30.45,0,1.18
50,84,30.45,0,1.23
50,86,30.45,0,1.23
50,86,30.46,0,1.23
50,88,30.46,0,1.23
51,89,30.46,0,1.24
51,88,30.46,0,1.22
51,88,30.46,0,1.23
51,89,30.45,0,1.21
51,90,30.46,0,1.21
50,90,30.46,0,1.21
50,91,30.46,0,1.2
50,91,30.46,0,1.2
50,91,30.46,0,1.2
51,90,30.46,0,1.22
51,90,30.46,0,1.23
51,90,30.46,0,1.21
51,90,30.46,0,1.23
51,90,30.46,0,1.22
51,90,30.46,0,1.24
51,90,30.46,0,1.23
51,90,30.46,0,1.23
51,89,30.46,0,1.21
51,91,30.46,0,1.21
51,91,30.46,0,1.22
51,90,30.46,0,1.2
51,90,30.46,0,1.23
51,90,30.46,0,1.22
52,90,30.46,0,1.25
52,90,30.46,0,1.22
52,90,30.46,0,1.23
52,90,30.45,0,1.23
51,91,30.45,0,1.2
51,92,30.45,0,1.26
51,93,30.45,0,1.22
51,93,30.45,0,1.21
51,93,30.45,0,1.25
51,93,30.45,0,1.23
51,93,30.45,0,1.24
51,93,30.45,0,1.24
51,92,30.45,0,1.24
51,92,30.45,0,1.21
51,92,30.44,0,1.24
51,93,30.44,0,1.23
51,93,30.44,0,1.24
52,93,30.44,0,1.24
52,93,30.44,0,1.19
52,93,30.44,0,1.21
52,93,30.44,0,1.24
52,93,30.44,0,1.22
52,93,30.44,0,1.26
52,94,30.44,0,1.27
52,94,30.43,0,1.24
52,95,30.43,0,1.22
52,95,30.43,0,1.21
52,97,30.43,0,1.22
52,97,30.43,0,1.21
52,98,30.43,0,1.25
52,97,30.43,0,1.24
53,96,30.43,0,1.22
53,94,30.42,0,1.25
53,92,30.42,0,1.21
54,91,30.42,0,1.22
54,90,30.42,0,1.28
54,89,30.42,0,2.48
55,92,30.42,0,5.52
55,93,30.42,0,7.84
56,92,30.42,0,11.84
56,86,30.42,0,21.71
57,87,30.42,0,34.65
57,88,30.41,0,40.35
56,91,30.41,0,38.98
56,94,30.41,0,54.4
56,95,30.41,0,59.42
57,94,30.41,0,82.87
57,92,30.41,0,98.55
58,88,30.41,0,125.02
59,80,30.41,0,155.22
59,79,30.41,0,191.79
59,80,30.41,0,216.49
59,81,30.4,0,263.81
58,82,30.41,0,335.04
58,91,30.4,0,370.65
57,93,30.4,0,331.96
57,93,30.4,0,201.93
57,93,30.4,0,414.79
57,93,30.4,0,455.81
57,94,30.4,0,316.3
57,93,30.4,0,246.18
57,94,30.4,0,335.65
56,97,30.4,0,602.27
56,97,30.4,0,367.64
56,97,30.4,0,132.27
56,98,30.4,0,198.99
56,97,30.4,0,275.14
57,98,30.4,0,188.71
57,99,30.4,0,503.78
56,101,30.4,0,781.09
56,101,30.4,0,430.79
56,101,30.4,0,755.12
55,101,30.4,0,519.04
55,101,30.4,0,280.51
55,101,30.4,0,349.71
55,101,30.4,0,284.95
56,101,30.4,0,339.78
55,101,30.4,0,359.65
55,101,30.4,0,251.92
55,101,30.4,0,349.53
55,101,30.4,0,227.36
56,101,30.4,0,294.73
56,100,30.4,0,444.14
56,100,30.4,0,339.93
56,100,30.4,0,301.64
57,100,30.4,0,354.09
57,100,30.4,0,389.28
57,100,30.4,0,323.87
57,99,30.4,0,420.3
58,100,30.4,0,838.62
58,99,30.4,0,634.19
58,100,30.4,0,672.29
58,100,30.41,0,696.69
58,100,30.41,0,759.54
58,100,30.41,0,807.27
58,100,30.41,0,1286.16
58,99,30.41,0,673.85
58,99,30.41,0,734.52
58,98,30.41,0,556.69
58,98,30.41,0,552.93
58,97,30.42,0,508.68
59,96,30.42,0,1051.52
59,95,30.42,0,1128.05
60,95,30.42,0,1150.21
60,92,30.42,0,1107.24
60,92,30.42,0,1177.84
60,90,30.43,0,886.33
60,89,30.43,0,989.02
60,91,30.43,0,991.87
60,90,30.43,0,992.15
60,88,30.44,0,695.94
60,86,30.43,0,979.42
59,86,30.44,0,975.44
59,87,30.44,0,968.59
59,87,30.44,0,965.1
59,91,30.44,0,976.49
59,92,30.44,0,995.5
58,94,30.45,0,1059.24
58,97,30.45,0,538.65
58,95,30.45,0,772.08
58,95,30.45,0,1276.21
58,96,30.45,0,733.29
59,94,30.45,0,466.99
59,94,30.45,0,596.82
59,94,30.45,0,916.77
59,93,30.45,0,919.67
59,94,30.46,0,900.69
58,94,30.46,0,881.36
59,95,30.46,0,856.67
59,95,30.46,0,866.23
59,95,30.46,0,870.98
59,95,30.46,0,839.55
58,95,30.46,0,826.98
58,95,30.46,0,823.51
58,95,30.46,0,798.87
58,95,30.46,0,785.13
57,95,30.46,0,772.24
57,96,30.46,0,757.14
57,95,30.46,0,748.26
57,95,30.46,0,731.3
57,96,30.46,0,713.98
57,97,30.46,0,701.8
57,97,30.46,0,639.32
57,96,30.45,0,692.94
57,97,30.45,0,648.11
56,100,30.45,0,629.96
56,100,30.45,0,610.88
55,100,30.45,0,593.73
55,99,30.45,0,348.47
55,99,30.45,0,252.29
55,99,30.45,0,383.52
55,99,30.45,0,301.35
56,99,30.45,0,234.93
56,98,30.45,0,480.6
56,97,30.45,0,244.32
56,97,30.45,0,444.16
55,98,30.45,0,451.7
55,99,30.45,0,382.27
55,99,30.45,0,336.56
54,100,30.45,0,379.82
54,100,30.44,0,170.36
53,100,30.44,0,178.94
53,100,30.44,0,115.96
53,99,30.44,0,108.89
53,99,30.44,0,132.85
52,98,30.44,0,80.16
52,98,30.44,0,84.79
52,97,30.44,0,50.29
52,97,30.44,0,38.73
52,96,30.44,0,44.34
52,96,30.44,0,29.11
51,95,30.44,0,36.13
51,95,30.44,0,19.5
51,95,30.44,0,13.29
51,93,30.43,0,11.04
51,91,30.43,0,10.11
51,88,30.43,0,8.1
51,87,30.43,0,5.98
50,91,30.43,0,4.22
50,94,30.43,0,2.6
50,96,30.43,0,1.44
50,97,30.43,0,1.23
51,98,30.42,0,1.19
51,99,30.42,0,1.24
51,99,30.42,0,1.21
51,100,30.42,0,1.25
51,100,30.42,0,1.2
51,100,30.42,0,1.22
51,100,30.42,0,1.21
51,100,30.42,0,1.24
51,100,30.42,0,1.22
51,100,30.42,0,1.22
51,101,30.42,0,1.23
51,101,30.42,0,1.27
51,100,30.42,0,1.27
51,100,30.42,0,1.2
51,100,30.42,0,1.24
52,100,30.42,0,1.24
52,100,30.42,0,1.26
52,100,30.42,0,1.24
52,100,30.42,0,1.21
52,100,30.42,0,1.24
52,100,30.42,0,1.22
52,100,30.42,0,1.23
52,100,30.42,0,1.27
52,99,30.42,0,1.23
52,99,30.42,0,1.23
52,99,30.42,0,1.21
51,98,30.42,0,1.23
51,96,30.42,0,1.21
51,95,30.42,0,1.22
51,96,30.41,0,1.26
51,98,30.41,0,1.21
51,99,30.42,0,1.24
51,99,30.42,0,1.24
51,99,30.42,0,1.22
51,99,30.42,0,1.24
51,99,30.43,0,1.19
51,99,30.43,0,1.22
51,99,30.43,0,1.24
51,98,30.43,0,1.22
50,97,30.43,0,1.25
50,96,30.43,0,1.21
50,95,30.43,0,1.21
51,94,30.44,0,1.2
51,94,30.44,0,1.25
51,92,30.44,0,1.22
50,90,30.44,0,1.2
51,90,30.44,0,1.19
51,90,30.44,0,1.24
51,91,30.44,0,1.2
51,96,30.44,0,1.22
51,97,30.44,0,1.22
51,98,30.44,0,1.22
51,98,30.44,0,1.19
51,99,30.44,0,1.22
52,98,30.45,0,1.22
52,98,30.45,0,1.27
52,97,30.45,0,1.24
52,97,30.45,0,1.21
52,98,30.45,0,1.22
52,99,30.45,0,1.24
52,99,30.45,0,1.24
52,99,30.45,0,1.27
51,100,30.45,0,1.21
51,101,30.45,0,1.24
51,101,30.44,0,1.18
52,101,30.44,0,1.2
52,101,30.45,0,1.23
52,101,30.45,0,1.24
52,101,30.46,0,1.19
52,101,30.46,0,1.21
52,101,30.46,0,1.25
52,101,30.46,0,1.2
52,101,30.47,0,1.24
52,101,30.47,0,1.21
52,100,30.46,0,1.25
51,100,30.47,0,1.27
51,100,30.47,0,1.22
52,100,30.47,0,1.23
52,99,30.47,0,1.23
52,99,30.47,0,1.24
53,99,30.47,0,1.22
53,98,30.47,0,1.22
53,97,30.47,0,1.24
53,97,30.47,0,1.2
52,97,30.46,0,1.23
52,97,30.46,0,1.22
52,98,30.46,0,1.23
53,99,30.46,0,1.21
53,99,30.46,0,1.21
52,99,30.47,0,1.2
52,100,30.47,0,1.24
52,100,30.47,0,1.25
52,100,30.47,0,1.24
52,101,30.47,0,1.23
53,101,30.47,0,1.24
53,101,30.47,0,1.23
53,101,30.48,0,1.24
53,100,30.48,0,1.26
52,100,30.48,0,1.23
52,100,30.47,0,1.22
52,100,30.47,0,1.22
52,101,30.47,0,1.24
53,101,30.47,0,1.23
53,101,30.47,0,1.22
53,101,30.47,0,1.24
53,101,30.47,0,1.21
53,101,30.47,0,1.26
54,101,30.47,0,1.22
53,101,30.47,0,1.25
53,101,30.47,0,1.26
53,101,30.47,0,1.24
53,100,30.47,0,1.22
53,100,30.47,0,1.25
54,100,30.47,0,1.24
54,100,30.47,0,1.24
53,100,30.47,0,1.25
53,100,30.47,0,1.27
53,99,30.47,0,1.25
53,99,30.47,0,1.25
53,100,30.46,0,1.22
52,100,30.46,0,1.25
53,100,30.46,0,1.24
53,100,30.46,0,1.22
53,100,30.46,0,1.25
53,100,30.46,0,1.23
53,100,30.46,0,1.22
53,100,30.46,0,1.21
53,100,30.45,0,1.24
54,100,30.45,0,1.22
54,100,30.45,0,1.23
54,100,30.45,0,1.25
54,99,30.45,0,1.21
54,99,30.45,0,1.25
54,99,30.45,0,1.21
54,99,30.44,0,1.22
54,99,30.44,0,1.24
54,98,30.44,0,1.25
54,98,30.44,0,1.22
54,98,30.44,0,1.25
54,98,30.44,0,1.22
55,98,30.43,0,1.26
55,97,30.43,0,1.27
55,97,30.43,0,1.93
55,96,30.43,0,3.93
55,95,30.43,0,11.04
56,94,30.43,0,32.96
56,93,30.43,0,78.73
57,92,30.43,0,140.59
57,91,30.43,0,127.55
57,89,30.43,0,107.3
58,86,30.43,0,92.99
58,85,30.42,0,112.02
58,87,30.42,0,94.16
58,84,30.42,0,155.81
58,85,30.42,0,167.4
59,83,30.42,0,189.44
59,81,30.42,0,216.1
59,82,30.42,0,243.04
59,81,30.42,0,266.52
59,83,30.42,0,295.24
59,81,30.42,0,325.0
60,78,30.41,0,374.05
61,76,30.41,0,362.8
60,73,30.41,0,382.03
60,74,30.41,0,400.79
60,75,30.41,0,419.77
60,76,30.41,0,440.98
60,72,30.41,0,459.8
59,74,30.41,0,479.95
59,75,30.41,0,507.22
60,77,30.42,0,414.89
60,77,30.42,0,569.17
60,76,30.41,0,232.86
61,74,30.41,0,275.12
62,71,30.41,0,561.9
62,67,30.41,0,616.29
62,66,30.41,0,629.63
63,64,30.41,0,646.72
62,64,30.41,0,664.03
63,64,30.41,0,682.23
63,61,30.41,0,696.41
63,66,30.41,0,712.47
63,65,30.41,0,733.04
63,64,30.42,0,754.32
63,57,30.42,0,765.7
64,47,30.42,0,782.99
64,55,30.42,0,797.34
65,30,30.42,0,809.96
66,30,30.42,0,823.49
65,29,30.42,0,840.72
64,32,30.42,0,849.65
64,37,30.42,0,860.46
64,47,30.42,0,870.18
64,51,30.42,0,879.22
64,54,30.42,0,891.34
63,54,30.43,0,900.39
63,56,30.42,0,911.14
63,58,30.43,0,915.23
62,61,30.43,0,926.81
62,60,30.43,0,931.31
63,61,30.43,0,936.22
62,64,30.44,0,946.66
62,62,30.44,0,950.54
62,62,30.44,0,954.87
63,58,30.44,0,965.09
63,51,30.44,0,971.17
64,48,30.44,0,975.36
64,41,30.44,0,979.13
64,41,30.45,0,984.61
64,38,30.45,0,991.16
64,38,30.45,0,990.88
64,41,30.45,0,994.61
64,38,30.45,0,996.51
64,36,30.45,0,994.69
64,37,30.46,0,993.87
64,37,30.46,0,995.95
63,40,30.46,0,996.82
64,40,30.47,0,990.99
64,35,30.47,0,988.32
64,37,30.47,0,984.85
64,39,30.47,0,981.22
64,26,30.47,0,979.37
64,33,30.47,0,973.68
64,47,30.47,0,962.58
64,39,30.48,0,959.63
64,35,30.48,0,948.84
63,36,30.48,0,945.58
64,44,30.48,0,938.79
64,42,30.48,0,928.06
64,33,30.48,0,923.41
64,33,30.48,0,914.42
64,35,30.48,0,904.13
64,32,30.48,0,895.46
64,29,30.48,0,889.64
64,35,30.48,0,872.25
64,37,30.49,0,860.0
64,28,30.48,0,852.64
64,24,30.48,0,842.57
64,24,30.48,0,829.68
64,28,30.48,0,816.23
64,20,30.48,0,803.94
64,26,30.48,0,788.16
64,24,30.48,0,773.82
63,18,30.49,0,761.24
63,17,30.48,0,746.96
63,19,30.48,0,730.94
63,17,30.48,0,715.16
63,15,30.48,0,699.19
63,16,30.48,0,681.98
63,16,30.48,0,665.67
63,15,30.48,0,647.56
63,15,30.48,0,629.6
63,15,30.48,0,611.36
62,16,30.48,0,593.82
62,15,30.48,0,575.5
62,15,30.48,0,556.22
61,15,30.48,0,536.98
61,15,30.48,0,517.63
61,15,30.47,0,497.22
61,16,30.47,0,477.77
60,16,30.47,0,456.83
60,16,30.47,0,436.96
59,17,30.47,0,416.12
59,17,30.47,0,395.28
58,18,30.47,0,374.43
57,19,30.47,0,353.53
56,19,30.47,0,330.61
55,20,30.47,0,306.09
54,21,30.46,0,278.47
52,22,30.47,0,216.09
52,23,30.47,0,23.63
51,24,30.46,0,21.73
51,25,30.46,0,21.18
51,24,30.46,0,20.63
50,25,30.46,0,19.89
50,25,30.46,0,18.99
49,26,30.46,0,18.11
49,26,30.46,0,16.84
48,27,30.46,0,15.49
48,28,30.46,0,13.65
48,28,30.45,0,11.24
48,28,30.45,0,8.48
48,27,30.45,0,6.86
48,28,30.45,0,4.86
48,29,30.45,0,2.47
48,28,30.45,0,1.44
47,29,30.45,0,1.21
48,29,30.45,0,1.17
47,29,30.45,0,1.21
47,30,30.45,0,1.19
47,30,30.45,0,1.26
47,31,30.45,0,1.23
47,31,30.45,0,1.2
47,31,30.45,0,1.22
47,31,30.45,0,1.22
47,32,30.45,0,1.21
47,33,30.45,0,1.25
47,33,30.45,0,1.2
47,34,30.45,0,1.16
47,34,30.45,0,1.17
47,36,30.45,0,1.19
47,36,30.45,0,1.17
47,36,30.44,0,1.15
47,37,30.44,0,1.2
48,36,30.44,0,1.17
48,35,30.44,0,1.21
48,34,30.45,0,1.19
48,34,30.45,0,1.19
48,34,30.45,0,1.21
48,34,30.45,0,1.21
48,34,30.44,0,1.2
48,34,30.44,0,1.21
48,34,30.44,0,1.22
48,33,30.44,0,1.2
48,33,30.44,0,1.21
48,33,30.44,0,1.2
48,34,30.44,0,1.21
48,34,30.44,0,1.22
48,34,30.44,0,1.21
48,35,30.44,0,1.2
47,36,30.44,0,1.23
47,39,30.45,0,1.19
48,38,30.45,0,1.22
48,38,30.45,0,1.2
48,38,30.45,0,1.22
48,38,30.45,0,1.23
48,38,30.45,0,1.21
48,39,30.46,0,1.2
48,40,30.46,0,1.21
48,38,30.46,0,1.21
49,38,30.46,0,1.18
49,38,30.46,0,1.22
49,39,30.46,0,1.23
49,39,30.47,0,1.2
49,39,30.47,0,1.22
49,38,30.47,0,1.24
49,39,30.47,0,1.2
50,39,30.47,0,1.2
50,39,30.47,0,1.22
50,39,30.47,0,1.22
50,40,30.47,0,1.24
50,40,30.47,0,1.22
50,40,30.47,0,1.22
51,40,30.47,0,1.2
51,39,30.47,0,1.23
51,40,30.48,0,1.17
51,40,30.48,0,1.23
51,39,30.48,0,1.21
51,38,30.48,0,1.22
51,38,30.48,0,1.22
51,37,30.48,0,1.21
51,36,30.49,0,1.22
51,35,30.49,0,1.21
51,39,30.49,0,1.22
52,38,30.49,0,1.22
52,38,30.49,0,1.22
52,39,30.49,0,1.26
52,39,30.49,0,1.17
52,38,30.49,0,1.24
52,38,30.49,0,1.24
53,38,30.49,0,1.25
53,38,30.5,0,1.21
53,37,30.49,0,1.24
53,38,30.49,0,1.23
53,38,30.49,0,1.22
53,38,30.49,0,1.21
53,39,30.49,0,1.21
53,39,30.5,0,1.24
53,39,30.5,0,1.19
53,39,30.49,0,1.22
53,40,30.5,0,1.24
53,39,30.5,0,1.2
53,39,30.5,0,1.23
53,39,30.5,0,1.23
53,39,30.5,0,1.25
53,39,30.5,0,1.24
53,38,30.5,0,1.26
54,38,30.5,0,1.23
54,37,30.51,0,1.22
54,36,30.51,0,1.21
54,37,30.5,0,1.24
54,38,30.5,0,1.25
54,37,30.5,0,1.23
54,38,30.5,0,1.24
54,37,30.51,0,1.25
54,38,30.51,0,1.25
54,38,30.51,0,1.26
54,38,30.5,0,1.27
54,37,30.5,0,1.22
54,37,30.5,0,1.19
54,36,30.5,0,1.24
55,35,30.5,0,1.23
55,36,30.5,0,1.24
55,36,30.5,0,1.24
55,36,30.5,0,1.21
55,35,30.5,0,1.23
55,35,30.5,0,1.22
55,35,30.5,0,1.21
55,34,30.5,0,1.23
55,35,30.49,0,1.21
55,34,30.5,0,1.22
55,34,30.49,0,1.22
55,34,30.49,0,1.23
55,33,30.49,0,1.21
55,33,30.49,0,1.23
56,32,30.49,0,1.21
56,32,30.49,0,1.25
56,32,30.49,0,1.23
56,33,30.49,0,1.24
56,32,30.49,0,1.25
56,31,30.48,0,1.23
56,30,30.48,0,1.22
56,32,30.48,0,1.24
56,31,30.48,0,1.22
56,31,30.48,0,1.25
56,31,30.48,0,1.25
56,31,30.48,0,1.25
57,31,30.48,0,1.24
57,32,30.48,0,1.24
57,29,30.48,0,1.26
57,29,30.48,0,1.24
57,32,30.48,0,1.25
57,32,30.48,0,1.24
57,32,30.48,0,1.25
58,32,30.48,0,1.23
58,30,30.48,0,1.52
58,31,30.47,0,2.44
59,29,30.48,0,3.63
59,29,30.47,0,9.7
59,28,30.47,0,21.31
60,27,30.47,0,36.48
60,25,30.47,0,43.33
60,25,30.47,0,49.19
60,25,30.48,0,66.34
61,25,30.48,0,84.82
61,24,30.48,0,113.77
61,23,30.48,0,94.47
61,24,30.47,0,148.79
61,24,30.47,0,125.98
62,26,30.48,0,133.7
62,26,30.48,0,180.5
62,27,30.48,0,184.86
62,26,30.48,0,169.16
62,26,30.48,0,169.86
63,26,30.48,0,199.49
63,26,30.47,0,282.37
63,26,30.48,0,257.91
63,26,30.47,0,221.39
63,27,30.48,0,309.14
63,27,30.48,0,296.46
63,26,30.48,0,273.04
63,24,30.48,0,275.24
63,26,30.48,0,506.31
63,26,30.48,0,307.04
63,25,30.48,0,299.84
63,26,30.48,0,321.15
63,27,30.48,0,305.24
63,26,30.48,0,302.79
64,25,30.48,0,374.69
64,26,30.48,0,361.87
63,22,30.48,0,437.92
64,22,30.48,0,353.59
64,23,30.48,0,330.35
64,22,30.49,0,311.31
64,21,30.49,0,328.91
64,24,30.49,0,355.59
65,27,30.49,0,468.39
65,21,30.49,0,400.48
65,25,30.49,0,390.65
66,22,30.49,0,342.54
66,24,30.49,0,437.57
67,21,30.49,0,452.89
68,22,30.49,0,562.5
68,19,30.49,0,606.43
68,20,30.5,0,569.15
69,22,30.5,0,722.26
69,20,30.5,0,1035.66
69,18,30.5,0,959.24
69,18,30.5,0,1165.04
69,19,30.5,0,1080.42
68,19,30.51,0,1032.31
68,19,30.51,0,889.09
67,19,30.51,0,938.48
67,19,30.51,0,1115.27
67,20,30.51,0,1057.69
67,21,30.51,0,800.84
66,19,30.51,0,996.43
66,20,30.51,0,859.22
67,19,30.52,0,447.29
67,18,30.52,0,558.24
67,18,30.52,0,836.45
67,19,30.52,0,791.31
66,19,30.52,0,945.29
66,19,30.52,0,546.53
66,17,30.52,0,713.41
66,19,30.52,0,556.33
66,18,30.52,0,551.5
66,19,30.52,0,460.3
66,21,30.53,0,462.23
66,20,30.53,0,518.81
66,20,30.53,0,705.43
66,18,30.53,0,590.82
66,20,30.53,0,638.44
66,19,30.53,0,510.56
66,19,30.53,0,494.52
66,18,30.54,0,487.52
67,18,30.54,0,599.62
67,17,30.54,0,544.06
67,15,30.54,0,896.8
67,18,30.54,0,836.0
67,15,30.54,0,475.55
67,18,30.54,0,812.89
67,16,30.54,0,478.95
68,16,30.54,0,749.74
67,17,30.54,0,1132.66
67,15,30.54,0,1003.23
66,15,30.54,0,890.61
66,15,30.54,0,712.17
66,16,30.54,0,529.99
66,16,30.54,0,908.29
65,17,30.54,0,965.52
65,17,30.54,0,923.16
64,16,30.54,0,761.01
64,17,30.54,0,491.11
64,18,30.54,0,466.84
64,16,30.54,0,814.44
65,17,30.54,0,264.96
66,17,30.54,0,264.68
66,16,30.54,0,896.05
65,18,30.54,0,828.46
65,18,30.54,0,840.08
64,17,30.54,0,709.67
63,16,30.54,0,791.07
63,16,30.54,0,655.67
63,15,30.54,0,436.44
63,15,30.54,0,260.4
64,14,30.54,0,480.96
64,15,30.54,0,424.84
63,15,30.54,0,583.61
63,15,30.54,0,605.47
62,15,30.54,0,331.57
61,15,30.54,0,373.54
61,15,30.54,0,317.08
61,15,30.54,0,273.41
60,15,30.54,0,298.63
60,17,30.53,0,252.66
59,18,30.53,0,377.95
58,19,30.53,0,330.27
57,18,30.53,0,255.6
56,20,30.53,0,235.0
55,20,30.52,0,174.27
54,21,30.52,0,207.3
54,22,30.52,0,117.07
53,23,30.52,0,105.92
53,24,30.52,0,95.62
53,23,30.52,0,81.0
53,23,30.52,0,66.4
52,23,30.52,0,56.53
52,23,30.51,0,51.46
52,23,30.51,0,47.07
51,23,30.51,0,42.12
50,23,30.51,0,37.68
50,24,30.51,0,30.1
50,25,30.51,0,19.21
49,25,30.51,0,8.91
49,25,30.5,0,3.78
49,25,30.5,0,2.8
49,25,30.5,0,2.41
49,25,30.5,0,1.21
49,25,30.5,0,1.21
49,25,30.5,0,1.2
49,25,30.5,0,1.22
49,24,30.5,0,1.22
49,24,30.5,0,1.22
49,25,30.5,0,1.2
49,25,30.49,0,1.22
49,25,30.49,0,1.22
49,25,30.49,0,1.24
49,25,30.49,0,1.21
49,25,30.49,0,1.22
50,24,30.49,0,1.22
50,23,30.49,0,1.21
50,24,30.49,0,1.2
50,24,30.49,0,1.19
50,25,30.49,0,1.2
50,24,30.49,0,1.24
50,24,30.49,0,1.21
50,23,30.49,0,1.22
50,23,30.49,0,1.21
50,22,30.49,0,1.25
50,22,30.49,0,1.21
50,23,30.49,0,1.26
50,23,30.48,0,1.25
50,24,30.48,0,1.21
50,23,30.48,0,1.21
50,24,30.49,0,1.24
50,24,30.49,0,1.19
50,24,30.49,0,1.25
50,24,30.49,0,1.22
50,24,30.48,0,1.21
49,25,30.48,0,1.23
49,25,30.48,0,1.23
49,26,30.48,0,1.22
49,25,30.48,0,1.22
49,25,30.49,0,1.21
49,25,30.49,0,1.19
49,25,30.49,0,1.21
50,24,30.49,0,1.22
49,24,30.49,0,1.23
49,24,30.49,0,1.23
49,24,30.49,0,1.21
49,25,30.49,0,1.22
49,25,30.5,0,1.21
49,25,30.5,0,1.22
49,25,30.5,0,1.22
49,25,30.5,0,1.24
49,25,30.5,0,1.22
49,24,30.5,0,1.21
49,24,30.5,0,1.2
49,24,30.5,0,1.21
49,24,30.5,0,1.22
49,25,30.5,0,1.24
49,26,30.5,0,1.21
49,25,30.51,0,1.21
50,24,30.51,0,1.23
50,24,30.51,0,1.17
50,24,30.51,0,1.2
50,24,30.51,0,1.24
50,24,30.51,0,1.25
50,24,30.52,0,1.2
51,24,30.51,0,1.24
51,24,30.51,0,1.23
51,24,30.51,0,1.21
51,23,30.51,0,1.22
51,24,30.51,0,1.21
50,26,30.51,0,1.19
50,26,30.51,0,1.23
51,26,30.51,0,1.21
51,26,30.51,0,1.23
51,25,30.51,0,1.2
51,25,30.51,0,1.23
51,25,30.52,0,1.24
51,25,30.52,0,1.24
51,25,30.52,0,1.21
51,25,30.52,0,1.22
52,25,30.52,0,1.2
52,25,30.52,0,1.24
52,24,30.52,0,1.18
53,24,30.52,0,1.25
53,24,30.52,0,1.2
53,24,30.52,0,1.23
53,24,30.52,0,1.22
53,24,30.52,0,1.24
54,25,30.52,0,1.2
54,24,30.52,0,1.23
54,23,30.52,0,1.22
54,23,30.52,0,1.24
55,23,30.52,0,1.26
55,23,30.52,0,1.26
55,22,30.52,0,1.23
55,22,30.52,0,1.24
55,22,30.52,0,1.2
55,22,30.52,0,1.27
55,22,30.52,0,1.22
54,22,30.52,0,1.26
54,22,30.52,0,1.24
54,22,30.52,0,1.24
54,22,30.52,0,1.22
54,23,30.52,0,1.23
53,23,30.52,0,1.23
53,23,30.52,0,1.24
53,24,30.52,0,1.23
53,23,30.52,0,1.2
53,22,30.52,0,1.22
54,23,30.52,0,1.25
54,22,30.52,0,1.24
54,22,30.52,0,1.23
54,22,30.52,0,1.21
54,21,30.52,0,1.22
54,21,30.51,0,1.22
54,21,30.51,0,1.24
54,21,30.51,0,1.23
54,23,30.51,0,1.21
53,23,30.51,0,1.24
54,24,30.51,0,1.24
54,23,30.51,0,1.21
54,22,30.51,0,1.22
54,22,30.5,0,1.23
55,22,30.5,0,1.24
55,21,30.5,0,1.22
55,21,30.5,0,1.22
55,21,30.5,0,1.22
56,21,30.5,0,1.24
56,21,30.5,0,1.26
56,20,30.5,0,1.25
56,20,30.5,0,1.2
57,20,30.5,0,1.24
57,19,30.5,0,1.2
58,19,30.5,0,1.25
59,19,30.49,0,1.22
59,17,30.49,0,1.21
59,16,30.49,0,1.22
60,16,30.49,0,1.24
60,15,30.49,0,1.23
61,15,30.49,0,1.24
61,15,30.49,0,1.81
62,14,30.48,0,3.22
62,14,30.48,0,5.38
63,13,30.48,0,7.59
63,13,30.48,0,9.89
64,13,30.48,0,21.95
64,13,30.48,0,26.05
64,13,30.48,0,34.19
64,14,30.48,0,50.13
65,15,30.48,0,70.23
65,16,30.48,0,92.14
65,18,30.48,0,115.98
65,20,30.48,0,141.87
66,24,30.48,0,168.89
66,23,30.48,0,198.2
66,26,30.47,0,228.28
66,27,30.47,0,256.63
66,31,30.47,0,284.02
66,34,30.47,0,311.73
66,41,30.47,0,334.98
66,45,30.47,0,355.66
66,34,30.47,0,377.79
66,32,30.47,0,397.98
65,26,30.47,0,420.94
65,53,30.47,0,441.35
65,57,30.47,0,459.8
66,56,30.47,0,479.64
67,53,30.47,0,501.21
67,41,30.47,0,519.03
67,34,30.47,0,540.28
68,38,30.47,0,559.45
67,28,30.47,0,582.34
68,33,30.47,0,601.84
68,28,30.47,0,617.61
67,20,30.47,0,636.87
67,33,30.47,0,652.92
67,39,30.47,0,670.63
67,42,30.47,0,688.73
67,39,30.48,0,705.75
68,38,30.48,0,720.47
69,27,30.48,0,737.62
69,21,30.48,0,755.94
69,26,30.48,0,771.35
69,25,30.48,0,786.71
69,24,30.48,0,801.87
68,32,30.47,0,815.48
68,38,30.48,0,826.96
68,36,30.48,0,838.16
68,37,30.48,0,848.47
68,37,30.48,0,864.08
68,37,30.48,0,874.01
68,40,30.48,0,884.59
69,41,30.48,0,900.53
69,40,30.48,0,908.64
69,37,30.48,0,921.91
70,36,30.48,0,930.5
70,34,30.48,0,938.2
70,32,30.48,0,946.83
69,39,30.48,0,962.93
69,40,30.49,0,967.31
69,43,30.49,0,975.57
68,42,30.49,0,978.08
68,42,30.49,0,983.67
67,49,30.49,0,990.75
67,48,30.49,0,994.57
68,46,30.5,0,996.12
69,43,30.5,0,999.14
69,32,30.5,0,1003.12
70,25,30.5,0,1006.42
70,18,30.5,0,1011.8
70,19,30.5,0,1010.36
69,19,30.5,0,1012.49
69,23,30.5,0,1010.92
68,23,30.5,0,1011.69
68,27,30.51,0,1006.46
67,36,30.51,0,1008.57
67,37,30.51,0,1002.68
67,41,30.51,0,997.08
67,36,30.51,0,996.02
67,28,30.51,0,993.74
67,30,30.52,0,989.44
66,29,30.52,0,986.31
65,40,30.52,0,970.42
65,36,30.52,0,963.67
64,41,30.52,0,955.69
64,47,30.52,0,946.57
65,43,30.52,0,940.17
66,32,30.52,0,933.5
66,28,30.52,0,924.36
66,25,30.52,0,915.85
66,22,30.52,0,905.76
66,25,30.52,0,896.94
66,27,30.52,0,883.96
66,23,30.52,0,874.44
66,22,30.52,0,862.66
66,19,30.52,0,851.16
66,18,30.52,0,838.27
66,21,30.52,0,823.61
66,16,30.52,0,813.08
66,16,30.51,0,799.32
66,14,30.51,0,784.89
65,14,30.52,0,770.97
65,13,30.52,0,756.82
65,13,30.52,0,741.9
65,14,30.52,0,724.62
64,15,30.52,0,709.97
64,17,30.52,0,692.82
64,15,30.52,0,674.16
65,18,30.52,0,655.78
65,19,30.51,0,638.29
65,11,30.51,0,621.65
65,11,30.51,0,603.24
64,12,30.51,0,584.42
64,13,30.51,0,565.04
64,13,30.51,0,546.26
64,13,30.5,0,526.94
64,13,30.5,0,507.06
64,14,30.5,0,487.55
64,13,30.5,0,466.7
63,14,30.5,0,446.15
62,12,30.5,0,425.1
61,13,30.5,0,404.42
60,15,30.49,0,382.35
58,17,30.49,0,361.44
57,18,30.49,0,339.34
56,19,30.49,0,314.83
55,20,30.49,0,287.99
54,21,30.49,0,258.94
53,22,30.49,0,24.11
52,23,30.49,0,22.19
52,24,30.49,0,21.37
51,24,30.48,0,20.72
50,25,30.48,0,19.81
50,25,30.48,0,18.96
49,26,30.48,0,17.94
49,26,30.48,0,16.72
49,26,30.48,0,15.3
49,26,30.48,0,13.75
49,26,30.47,0,11.91
49,26,30.47,0,9.92
48,26,30.47,0,7.72
49,26,30.47,0,5.54
49,26,30.47,0,3.41
49,25,30.47,0,1.83
49,25,30.47,0,1.24
49,24,30.47,0,1.21
49,24,30.47,0,1.21
49,24,30.47,0,1.2
50,24,30.47,0,1.21
50,24,30.47,0,1.2
50,24,30.47,0,1.21
50,24,30.47,0,1.22
50,23,30.47,0,1.22
50,23,30.46,0,1.2
50,24,30.46,0,1.2
50,23,30.46,0,1.2
51,23,30.46,0,1.21
51,23,30.46,0,1.21
50,23,30.46,0,1.22
50,23,30.46,0,1.22
50,23,30.46,0,1.2
50,24,30.46,0,1.22
50,24,30.46,0,1.2
50,24,30.46,0,1.21
50,25,30.46,0,1.24
50,25,30.46,0,1.22
50,25,30.46,0,1.22
50,25,30.46,0,1.19
50,25,30.46,0,1.22
50,25,30.46,0,1.25
50,25,30.46,0,1.22
50,25,30.46,0,1.22
50,25,30.46,0,1.21
50,25,30.46,0,1.23
50,25,30.46,0,1.23
50,26,30.46,0,1.22
50,26,30.46,0,1.23
50,25,30.46,0,1.23
50,25,30.46,0,1.25
50,26,30.46,0,1.23
50,26,30.46,0,1.22
50,26,30.47,0,1.23
50,27,30.47,0,1.23
50,26,30.47,0,1.21
50,26,30.47,0,1.21
49,26,30.47,0,1.21
49,26,30.47,0,1.23
49,27,30.47,0,1.21
49,27,30.47,0,1.22
49,28,30.47,0,1.22
49,29,30.47,0,1.21
49,28,30.48,0,1.22
50,27,30.48,0,1.21
50,27,30.48,0,1.21
49,27,30.48,0,1.22
49,28,30.48,0,1.2
49,27,30.48,0,1.21
49,28,30.48,0,1.22
50,27,30.48,0,1.22
50,27,30.48,0,1.23
50,27,30.48,0,1.22
49,27,30.49,0,1.21
49,28,30.49,0,1.21
50,27,30.49,0,1.2
50,28,30.49,0,1.21
50,27,30.49,0,1.2
50,27,30.49,0,1.27
50,27,30.49,0,1.24
50,26,30.49,0,1.22
50,26,30.49,0,1.25
52,23,30.5,0,1.21
52,24,30.5,0,1.25
52,22,30.5,0,1.27
53,22,30.5,0,1.23
53,22,30.5,0,1.23
52,22,30.5,0,1.23
52,23,30.5,0,1.25
52,23,30.5,0,1.25
52,23,30.5,0,1.23
52,24,30.5,0,1.24
52,24,30.5,0,1.21
52,24,30.5,0,1.23
52,24,30.5,0,1.19
53,23,30.5,0,1.19
53,23,30.5,0,1.2
52,23,30.5,0,1.19
52,23,30.5,0,1.23
52,23,30.5,0,1.24
52,24,30.51,0,1.25
52,23,30.51,0,1.23
52,23,30.51,0,1.23
52,24,30.51,0,1.24
52,23,30.51,0,1.21
52,24,30.51,0,1.2
52,24,30.51,0,1.21
51,24,30.51,0,1.23
51,25,30.51,0,1.23
51,26,30.51,0,1.24
51,26,30.51,0,1.22
51,25,30.51,0,1.22
51,25,30.51,0,1.22
51,25,30.51,0,1.2
51,26,30.51,0,1.22
51,25,30.51,0,1.21
51,25,30.51,0,1.24
51,26,30.5,0,1.24
51,26,30.5,0,1.21
52,26,30.5,0,1.24
52,26,30.5,0,1.21
52,25,30.5,0,1.22
52,24,30.5,0,1.22
52,25,30.5,0,1.22
52,25,30.5,0,1.23
52,25,30.5,0,1.23
52,26,30.5,0,1.26
52,26,30.5,0,1.19
52,26,30.5,0,1.25
53,26,30.5,0,1.25
53,26,30.5,0,1.22
53,26,30.49,0,1.21
53,26,30.49,0,1.28
53,26,30.49,0,1.24
53,25,30.49,0,1.22
53,26,30.49,0,1.23
53,25,30.49,0,1.22
54,24,30.48,0,1.23
54,24,30.48,0,1.24
54,26,30.48,0,1.25
54,26,30.48,0,1.24
54,26,30.48,0,1.28
55,26,30.48,0,1.2
55,25,30.48,0,1.27
55,24,30.48,0,1.24
55,25,30.48,0,1.22
56,26,30.48,0,1.22
56,24,30.47,0,1.25
56,27,30.47,0,1.26
56,28,30.47,0,1.24
57,29,30.47,0,1.26
57,31,30.47,0,1.26
57,30,30.47,0,1.93
58,35,30.47,0,3.51
58,33,30.47,0,5.55
59,34,30.46,0,7.85
60,38,30.46,0,10.04
61,37,30.46,0,22.5
61,40,30.46,0,26.76
62,34,30.46,0,36.06
62,37,30.46,0,53.73
63,27,30.46,0,74.12
63,31,30.46,0,96.23
63,31,30.46,0,120.66
63,38,30.46,0,146.89
63,39,30.46,0,175.1
63,35,30.46,0,203.61
63,29,30.46,0,233.04
62,35,30.46,0,261.77
62,41,30.46,0,289.97
62,40,30.46,0,316.58
62,40,30.46,0,339.61
62,51,30.45,0,360.56
62,56,30.45,0,381.62
62,54,30.46,0,403.73
63,49,30.46,0,423.05
63,51,30.45,0,445.17
63,43,30.45,0,465.57
63,49,30.45,0,486.67
63,50,30.45,0,507.01
63,50,30.45,0,524.79
62,48,30.45,0,548.05
62,50,30.45,0,564.76
63,58,30.45,0,583.5
64,54,30.45,0,601.6
64,43,30.45,0,621.55
63,49,30.45,0,640.34
64,46,30.45,0,656.4
64,48,30.45,0,674.64
64,45,30.46,0,692.07
64,42,30.45,0,708.26
64,52,30.45,0,723.51
64,59,30.45,0,738.66
64,63,30.45,0,753.48
63,51,30.45,0,769.41
64,56,30.45,0,781.46
64,49,30.45,0,797.69
64,48,30.45,0,811.36
65,46,30.45,0,827.14
64,47,30.45,0,840.56
64,53,30.45,0,848.93
64,50,30.45,0,861.59
64,56,30.45,0,869.9
64,49,30.45,0,880.29
64,58,30.45,0,896.21
64,58,30.45,0,904.87
64,60,30.45,0,915.63
63,61,30.45,0,924.98
64,61,30.45,0,935.74
64,64,30.45,0,943.17
64,59,30.46,0,946.48
64,57,30.45,0,956.37
64,57,30.46,0,966.71
64,59,30.46,0,971.81
64,62,30.46,0,977.97
65,62,30.46,0,981.31
65,57,30.46,0,988.29
65,60,30.46,0,990.91
65,60,30.46,0,998.79
64,60,30.46,0,998.87
64,61,30.46,0,1004.75
63,62,30.47,0,1005.32
63,62,30.47,0,1004.07
63,61,30.47,0,1004.69
64,60,30.47,0,1005.5
64,60,30.47,0,1003.97
63,60,30.47,0,1005.2
63,59,30.47,0,1002.32
63,61,30.47,0,999.46
63,59,30.48,0,999.59
62,60,30.47,0,995.36
62,62,30.48,0,993.9
62,59,30.48,0,990.5
62,60,30.48,0,987.06
63,57,30.48,0,980.84
63,61,30.48,0,975.92
62,60,30.48,0,970.84
62,61,30.48,0,962.39
62,62,30.48,0,957.96
63,62,30.48,0,948.4
63,57,30.48,0,942.07
63,55,30.48,0,934.49
63,58,30.48,0,925.2
63,56,30.48,0,916.6
63,56,30.48,0,905.76
64,52,30.48,0,898.6
63,51,30.48,0,885.51
63,50,30.48,0,873.95
63,53,30.48,0,863.47
63,50,30.48,0,850.79
63,49,30.48,0,838.24
63,43,30.48,0,825.73
63,42,30.48,0,811.89
63,39,30.48,0,799.53
62,41,30.48,0,785.23
62,40,30.48,0,770.05
62,43,30.47,0,755.55
61,41,30.47,0,741.0
61,43,30.47,0,722.89
61,44,30.47,0,706.97
61,44,30.47,0,692.78
61,46,30.47,0,673.29
60,48,30.47,0,656.64
60,47,30.47,0,641.31
59,48,30.47,0,621.67
59,48,30.47,0,602.46
59,47,30.47,0,585.42
60,47,30.47,0,565.15
60,37,30.46,0,546.85
59,44,30.46,0,527.14
59,41,30.46,0,508.44
59,37,30.46,0,487.44
60,38,30.46,0,467.9
61,21,30.46,0,447.93
60,29,30.46,0,426.71
61,22,30.46,0,406.02
61,16,30.46,0,384.79
60,18,30.45,0,363.75
60,19,30.45,0,341.84
59,19,30.45,0,317.25
57,18,30.45,0,290.04
56,23,30.45,0,261.43
55,22,30.45,0,27.55
55,22,30.44,0,22.97
54,21,30.44,0,21.93
54,22,30.44,0,21.16
53,22,30.44,0,20.35
53,23,30.44,0,19.35
52,23,30.44,0,18.27
51,22,30.43,0,16.95
50,25,30.43,0,15.64
50,25,30.43,0,14.03
50,25,30.43,0,12.24
50,26,30.43,0,10.13
50,27,30.43,0,7.87
50,25,30.43,0,5.43
50,26,30.43,0,3.38
50,26,30.43,0,1.82
51,26,30.43,0,1.23
51,26,30.43,0,1.25
51,26,30.43,0,1.2
51,26,30.43,0,1.25
50,25,30.43,0,1.23
48,29,30.43,0,1.22
48,33,30.43,0,1.21
48,39,30.43,0,1.25
48,50,30.43,0,1.22
48,43,30.43,0,1.19
48,33,30.43,0,1.22
48,35,30.43,0,1.24
47,38,30.43,0,1.24
48,42,30.43,0,1.22
48,44,30.43,0,1.24
48,43,30.42,0,1.25
48,44,30.42,0,1.2
49,47,30.42,0,1.23
49,46,30.42,0,1.21
50,42,30.42,0,1.23
51,44,30.42,0,1.25
52,32,30.42,0,1.24
52,26,30.42,0,1.24
51,27,30.41,0,1.24
50,27,30.41,0,1.26
50,28,30.42,0,1.24
49,29,30.42,0,1.23
48,32,30.42,0,1.2
48,37,30.42,0,1.23
49,38,30.42,0,1.21
49,37,30.42,0,1.21
50,36,30.42,0,1.26
50,32,30.43,0,1.27
50,31,30.43,0,1.23
50,30,30.43,0,1.24
50,31,30.43,0,1.19
51,30,30.43,0,1.24
51,30,30.43,0,1.22
51,30,30.44,0,1.22
51,30,30.44,0,1.23
52,29,30.44,0,1.21
52,28,30.44,0,1.22
52,28,30.44,0,1.24
52,29,30.44,0,1.25
52,28,30.44,0,1.25
52,28,30.44,0,1.23
52,29,30.44,0,1.24
52,27,30.44,0,1.24
52,30,30.44,0,1.24
52,31,30.44,0,1.24
52,32,30.44,0,1.26
52,32,30.45,0,1.22
52,33,30.45,0,1.26
52,33,30.45,0,1.23
52,34,30.45,0,1.24
52,34,30.45,0,1.25
52,34,30.45,0,1.18
52,34,30.45,0,1.26
52,35,30.45,0,1.22
52,35,30.45,0,1.25
52,35,30.45,0,1.28
52,35,30.46,0,1.24
52,35,30.46,0,1.26
52,35,30.46,0,1.24
52,35,30.46,0,1.19
52,36,30.46,0,1.22
52,37,30.47,0,1.24
52,37,30.47,0,1.22
52,37,30.47,0,1.26
52,37,30.47,0,1.24
51,37,30.47,0,1.23
51,38,30.47,0,1.23
51,39,30.47,0,1.25
51,38,30.47,0,1.24
51,38,30.47,0,1.23
50,38,30.48,0,1.23
50,39,30.48,0,1.26
50,38,30.48,0,1.23
51,38,30.48,0,1.22
51,37,30.49,0,1.25
51,37,30.49,0,1.21
51,36,30.49,0,1.22
51,36,30.49,0,1.24
51,37,30.49,0,1.26
51,37,30.49,0,1.25
51,36,30.49,0,1.24
51,36,30.48,0,1.23
51,36,30.49,0,1.24
51,36,30.49,0,1.22
50,38,30.49,0,1.23
50,38,30.49,0,1.22
50,39,30.49,0,1.26
50,40,30.49,0,1.22
50,39,30.49,0,1.25
51,38,30.49,0,1.25
51,38,30.49,0,1.2
51,38,30.49,0,1.23
51,38,30.49,0,1.25
51,38,30.49,0,1.27
51,38,30.49,0,1.22
51,38,30.48,0,1.26
51,38,30.48,0,1.26
51,38,30.49,0,1.24
51,37,30.49,0,1.21
52,36,30.48,0,1.25
52,35,30.48,0,1.25
52,34,30.48,0,1.25
52,34,30.48,0,1.25
52,34,30.48,0,1.26
52,33,30.48,0,1.25
52,32,30.48,0,1.19
52,33,30.48,0,1.21
52,33,30.48,0,1.27
53,32,30.48,0,1.25
53,31,30.48,0,1.22
53,31,30.48,0,1.25
53,30,30.48,0,1.23
53,30,30.47,0,1.24
53,30,30.47,0,1.24
53,30,30.47,0,1.23
53,30,30.47,0,1.27
53,29,30.47,0,1.27
53,31,30.46,0,1.21
53,32,30.46,0,1.23
53,33,30.46,0,1.25
54,34,30.46,0,1.23
54,33,30.46,0,1.21
54,33,30.46,0,1.23
55,33,30.45,0,1.25
55,33,30.45,0,1.3
55,31,30.45,0,1.24
55,33,30.45,0,1.25
56,32,30.45,0,1.25
56,32,30.45,0,1.27
56,32,30.45,0,1.23
57,31,30.45,0,1.23
57,30,30.45,0,2.08
58,30,30.45,0,3.71
58,29,30.45,0,5.9
60,25,30.44,0,10.57
61,23,30.44,0,22.93
62,26,30.44,0,27.39
62,24,30.44,0,38.24
62,23,30.44,0,56.73
63,22,30.44,0,76.29
63,23,30.44,0,98.34
63,24,30.44,0,122.69
63,27,30.44,0,149.99
63,25,30.44,0,178.31
64,25,30.44,0,207.07
64,25,30.44,0,236.15
64,21,30.44,0,265.63
65,21,30.43,0,293.32
65,23,30.43,0,318.72
64,29,30.43,0,341.74
64,28,30.43,0,362.43
65,27,30.43,0,383.74
65,24,30.43,0,405.71
65,28,30.43,0,426.08
65,40,30.43,0,443.56
65,35,30.43,0,465.84
66,37,30.43,0,485.95
66,31,30.42,0,507.03
66,33,30.42,0,526.35
65,32,30.42,0,547.75
65,33,30.42,0,566.86
65,39,30.42,0,585.16
65,38,30.42,0,604.5
65,39,30.42,0,623.48
65,38,30.43,0,640.6
65,39,30.42,0,659.22
65,37,30.43,0,676.04
66,32,30.43,0,693.27
66,28,30.42,0,711.65
66,30,30.42,0,727.46
65,31,30.42,0,744.29
65,33,30.43,0,758.23
65,34,30.43,0,772.55
65,36,30.43,0,787.22
64,35,30.43,0,803.3
64,35,30.43,0,816.91
63,44,30.43,0,828.71
63,55,30.43,0,839.83
63,50,30.43,0,857.71
63,56,30.43,0,865.68
63,59,30.43,0,875.39
64,51,30.44,0,891.0
65,56,30.44,0,895.17
65,45,30.44,0,911.6
64,45,30.43,0,924.66
65,44,30.44,0,928.85
64,46,30.44,0,940.04
64,46,30.43,0,949.78
64,47,30.44,0,957.49
64,44,30.44,0,967.28
64,49,30.44,0,970.68
64,50,30.44,0,974.69
64,55,30.44,0,983.14
64,53,30.44,0,987.4
64,50,30.45,0,994.11
64,45,30.45,0,998.6
64,42,30.45,0,1004.33
63,54,30.45,0,1005.42
64,51,30.45,0,1004.86
64,50,30.45,0,1008.33
65,46,30.45,0,1006.97
65,46,30.46,0,1008.08
65,46,30.46,0,1008.82
66,37,30.46,0,1011.93
66,32,30.47,0,1009.16
66,30,30.47,0,1009.39
66,35,30.47,0,1005.88
66,33,30.47,0,1007.0
66,30,30.47,0,1002.99
66,29,30.47,0,998.68
65,27,30.48,0,997.13
65,30,30.48,0,990.56
64,30,30.48,0,984.57
64,28,30.48,0,978.32
64,31,30.48,0,971.25
64,30,30.49,0,966.25
64,29,30.49,0,957.31
64,31,30.49,0,950.52
65,34,30.49,0,943.78
65,28,30.49,0,935.04
65,29,30.49,0,926.08
65,30,30.49,0,915.95
65,29,30.49,0,906.6
65,33,30.49,0,896.42
65,35,30.49,0,886.13
65,30,30.49,0,870.01
65,27,30.49,0,860.77
65,26,30.49,0,849.58
65,26,30.49,0,837.93
65,25,30.49,0,823.57
64,26,30.49,0,810.89
64,24,30.49,0,798.62
64,26,30.49,0,783.19
64,28,30.49,0,769.35
64,28,30.49,0,753.48
64,28,30.49,0,737.63
63,26,30.49,0,722.4
63,27,30.49,0,706.69
63,27,30.49,0,689.86
63,27,30.49,0,672.65
62,26,30.49,0,654.21
62,26,30.49,0,636.74
62,26,30.49,0,619.05
62,27,30.48,0,600.39
62,26,30.48,0,581.01
61,27,30.48,0,562.06
61,28,30.48,0,542.78
61,27,30.48,0,523.55
61,27,30.48,0,503.65
60,27,30.48,0,483.68
60,28,30.48,0,462.8
60,28,30.48,0,442.65
59,29,30.48,0,421.84
59,29,30.48,0,400.32
58,31,30.48,0,379.43
57,32,30.48,0,358.32
57,33,30.48,0,336.59
56,33,30.48,0,312.77
55,34,30.47,0,286.28
53,36,30.47,0,257.24
52,36,30.47,0,57.67
52,38,30.47,0,22.53
51,39,30.47,0,21.13
51,39,30.47,0,20.53
51,39,30.47,0,19.73
51,40,30.47,0,18.94
50,41,30.46,0,17.94
50,41,30.47,0,16.87
50,41,30.46,0,15.63
49,42,30.46,0,14.08
49,43,30.46,0,12.27
49,43,30.46,0,10.33
49,44,30.46,0,8.13
49,44,30.46,0,5.86
48,45,30.46,0,3.63
48,46,30.46,0,1.96
48,46,30.46,0,1.25
48,46,30.46,0,1.27
48,47,30.46,0,1.26
48,46,30.46,0,1.26
48,46,30.46,0,1.26
48,47,30.46,0,1.25
48,47,30.46,0,1.24
48,46,30.46,0,1.26
48,46,30.46,0,1.25
48,46,30.46,0,1.27
48,46,30.46,0,1.23
48,46,30.46,0,1.22
48,46,30.45,0,1.22
48,46,30.45,0,1.22
48,46,30.45,0,1.24
48,47,30.45,0,1.24
48,47,30.45,0,1.23
48,47,30.45,0,1.21
48,48,30.45,0,1.25
47,48,30.45,0,1.21
47,48,30.45,0,1.2
47,49,30.45,0,1.24
47,49,30.45,0,1.2
47,49,30.45,0,1.21
47,49,30.45,0,1.23
47,49,30.45,0,1.24
47,49,30.45,0,1.23
47,50,30.44,0,1.2
47,50,30.45,0,1.21
47,50,30.45,0,1.25
47,50,30.45,0,1.2
47,49,30.45,0,1.23
47,50,30.45,0,1.23
47,50,30.45,0,1.22
47,50,30.45,0,1.24
47,50,30.45,0,1.26
48,50,30.45,0,1.24
48,49,30.45,0,1.23
48,49,30.45,0,1.22
48,49,30.45,0,1.23
48,49,30.46,0,1.22
48,49,30.46,0,1.21
48,48,30.46,0,1.26
48,48,30.46,0,1.23
49,48,30.46,0,1.22
49,48,30.46,0,1.24
49,48,30.46,0,1.25
49,47,30.46,0,1.23
49,47,30.46,0,1.22
49,46,30.46,0,1.25
49,47,30.47,0,1.23
49,47,30.47,0,1.18
50,47,30.47,0,1.22
50,46,30.47,0,1.25
50,46,30.47,0,1.21
50,45,30.47,0,1.24
50,45,30.47,0,1.23
50,44,30.47,0,1.25
51,44,30.47,0,1.23
51,44,30.47,0,1.27
51,44,30.48,0,1.26
51,44,30.48,0,1.24
51,44,30.48,0,1.27
51,44,30.48,0,1.25
51,44,30.48,0,1.24
51,44,30.48,0,1.24
51,44,30.48,0,1.21
51,42,30.48,0,1.23
51,42,30.49,0,1.26
51,43,30.49,0,1.25
51,44,30.49,0,1.25
51,42,30.49,0,1.25
51,43,30.49,0,1.26
51,44,30.49,0,1.23
51,43,30.49,0,1.22
51,44,30.49,0,1.24
51,44,30.49,0,1.24
51,43,30.49,0,1.25
52,43,30.49,0,1.25
52,42,30.49,0,1.25
52,43,30.49,0,1.26
52,43,30.49,0,1.28
52,42,30.49,0,1.23
52,42,30.49,0,1.24
52,41,30.49,0,1.27
52,41,30.49,0,1.21
52,42,30.5,0,1.23
52,42,30.5,0,1.22
52,41,30.5,0,1.22
52,40,30.5,0,1.27
53,39,30.5,0,1.24
53,39,30.5,0,1.23
53,38,30.5,0,1.24
53,37,30.5,0,1.24
53,38,30.5,0,1.28
53,38,30.5,0,1.24
53,38,30.5,0,1.22
53,38,30.49,0,1.27
53,38,30.49,0,1.23
53,37,30.49,0,1.24
52,38,30.49,0,1.27
52,37,30.49,0,1.22
52,36,30.49,0,1.25
52,36,30.49,0,1.24
53,36,30.49,0,1.23
52,36,30.49,0,1.26
52,36,30.49,0,1.25
53,36,30.49,0,1.24
53,37,30.49,0,1.24
53,36,30.49,0,1.23
53,36,30.49,0,1.22
53,35,30.49,0,1.24
53,35,30.48,0,1.25
53,34,30.48,0,1.24
53,34,30.48,0,1.23
54,34,30.48,0,1.25
54,32,30.48,0,1.25
54,33,30.48,0,1.27
54,32,30.47,0,1.24
54,33,30.47,0,1.23
54,33,30.47,0,1.28
54,32,30.47,0,1.26
54,33,30.47,0,1.24
55,32,30.47,0,1.24
55,33,30.47,0,1.26
55,33,30.46,0,1.27
55,33,30.46,0,1.24
55,33,30.46,0,1.26
55,34,30.46,0,1.25
55,33,30.46,0,1.25
55,33,30.46,0,1.26
55,33,30.46,0,1.26
55,34,30.46,0,1.28
56,33,30.46,0,1.26
56,36,30.45,0,1.23
56,37,30.45,0,1.27
56,40,30.45,0,1.25
56,42,30.45,0,1.26
56,43,30.45,0,2.04
57,44,30.45,0,4.0
57,42,30.45,0,6.31
58,40,30.45,0,8.73
58,39,30.45,0,13.0
59,37,30.45,0,23.24
59,42,30.45,0,28.35
59,45,30.44,0,41.04
59,52,30.44,0,58.26
58,50,30.44,0,79.73
58,63,30.44,0,101.43
58,66,30.44,0,126.22
58,80,30.44,0,152.62
58,81,30.44,0,179.08
58,80,30.44,0,208.51
58,82,30.43,0,236.68
58,80,30.44,0,265.95
58,83,30.43,0,293.51
58,82,30.43,0,317.89
57,85,30.43,0,346.66
58,83,30.43,0,362.99
58,85,30.44,0,386.27
58,84,30.44,0,414.01
58,86,30.44,0,464.46
58,86,30.44,0,384.58
58,86,30.44,0,314.48
59,86,30.44,0,261.69
59,84,30.44,0,370.97
59,82,30.44,0,395.9
60,80,30.43,0,547.17
60,77,30.43,0,561.4
60,71,30.43,0,581.09
59,75,30.43,0,598.88
59,74,30.43,0,618.52
59,79,30.43,0,637.9
60,81,30.43,0,531.91
60,78,30.43,0,718.99
60,81,30.43,0,703.48
60,81,30.43,0,739.73
60,79,30.43,0,726.09
60,82,30.43,0,839.88
60,80,30.43,0,817.24
60,81,30.43,0,782.6
60,82,30.43,0,867.0
60,78,30.43,0,817.34
60,83,30.43,0,822.86
60,84,30.43,0,833.33
60,78,30.43,0,866.65
60,85,30.43,0,890.23
60,86,30.43,0,935.46
60,86,30.43,0,714.08
60,85,30.43,0,966.22
60,84,30.43,0,1180.9
60,85,30.44,0,1030.65
60,85,30.44,0,948.68
59,86,30.44,0,955.75
59,89,30.44,0,1257.61
59,91,30.44,0,713.05
60,87,30.44,0,513.66
60,84,30.45,0,597.9
59,82,30.45,0,1030.39
59,87,30.45,0,983.56
58,90,30.45,0,872.82
58,90,30.45,0,1022.83
58,92,30.45,0,1145.23
58,90,30.45,0,508.44
58,91,30.45,0,1349.59
59,94,30.45,0,485.01
58,94,30.45,0,569.9
57,95,30.46,0,1259.23
57,96,30.46,0,668.39
57,96,30.46,0,903.74
58,97,30.46,0,548.2
58,96,30.46,0,493.69
58,95,30.46,0,648.53
59,92,30.46,0,561.59
59,89,30.46,0,1298.72
59,91,30.46,0,1177.46
60,86,30.46,0,368.44
60,85,30.47,0,890.61
60,85,30.47,0,453.08
62,82,30.47,0,518.69
61,77,30.47,0,574.34
60,77,30.47,0,668.2
60,79,30.47,0,1053.1
59,79,30.47,0,685.91
59,81,30.48,0,970.47
61,78,30.48,0,529.59
60,71,30.48,0,1014.2
60,75,30.48,0,988.19
60,79,30.48,0,923.97
60,81,30.48,0,957.37
60,79,30.48,0,1023.96
60,77,30.48,0,901.63
59,79,30.48,0,881.91
59,79,30.48,0,871.49
59,83,30.49,0,871.32
59,81,30.48,0,554.43
60,79,30.48,0,853.58
60,77,30.48,0,835.95
60,77,30.48,0,805.52
59,79,30.48,0,803.76
59,81,30.48,0,815.57
59,83,30.48,0,764.08
59,86,30.48,0,769.4
58,87,30.48,0,582.76
57,91,30.48,0,729.05
57,91,30.48,0,540.05
56,93,30.48,0,673.13
56,94,30.48,0,493.43
56,94,30.48,0,585.68
56,95,30.48,0,323.92
55,96,30.48,0,684.04
55,97,30.48,0,353.02
55,96,30.48,0,774.37
55,95,30.48,0,275.74
55,94,30.48,0,266.01
56,92,30.48,0,277.81
55,91,30.48,0,306.36
55,91,30.47,0,333.46
55,92,30.47,0,396.91
54,94,30.47,0,469.08
54,93,30.47,0,206.02
54,92,30.47,0,160.23
53,93,30.47,0,395.68
52,94,30.47,0,372.79
51,94,30.47,0,362.43
51,95,30.47,0,128.9
50,95,30.47,0,259.77
50,96,30.47,0,277.37
49,96,30.46,0,148.16
49,95,30.47,0,66.97
48,94,30.46,0,113.98
48,94,30.46,0,37.32
47,92,30.46,0,44.12
46,88,30.46,0,52.6
46,91,30.46,0,29.29
46,89,30.46,0,22.37
46,85,30.46,0,15.89
46,82,30.46,0,14.31
45,76,30.46,0,12.8
45,73,30.46,0,10.08
45,72,30.45,0,8.03
45,74,30.45,0,5.87
45,74,30.45,0,3.64
45,74,30.45,0,2.03
45,72,30.45,0,1.23
45,73,30.45,0,1.2
45,73,30.45,0,1.23
46,72,30.45,0,1.22
46,72,30.45,0,1.24
46,73,30.44,0,1.22
46,72,30.44,0,1.22
46,70,30.44,0,1.22
46,70,30.44,0,1.23
46,70,30.44,0,1.21
46,70,30.44,0,1.22
46,70,30.44,0,1.23
46,70,30.44,0,1.26
47,71,30.44,0,1.24
47,70,30.44,0,1.22
47,70,30.44,0,1.21
47,70,30.44,0,1.23
47,70,30.43,0,1.24
47,70,30.43,0,1.22
47,70,30.43,0,1.21
47,69,30.43,0,1.23
47,69,30.43,0,1.22
47,70,30.43,0,1.24
47,70,30.43,0,1.22
47,71,30.43,0,1.23
47,71,30.43,0,1.22
47,71,30.43,0,1.22
47,71,30.43,0,1.21
47,71,30.43,0,1.2
47,70,30.43,0,1.21
47,70,30.43,0,1.25
47,70,30.43,0,1.2
47,70,30.43,0,1.24
47,71,30.43,0,1.24
47,70,30.43,0,1.21
48,71,30.43,0,1.25
48,71,30.43,0,1.29
48,70,30.44,0,1.22
48,70,30.44,0,1.24
48,70,30.44,0,1.27
48,70,30.44,0,1.22
48,70,30.44,0,1.25
48,71,30.44,0,1.23
48,71,30.44,0,1.26
48,71,30.44,0,1.2
48,72,30.44,0,1.24
48,72,30.44,0,1.25
48,73,30.44,0,1.25
48,73,30.45,0,1.25
48,74,30.45,0,1.21
48,74,30.45,0,1.23
48,76,30.45,0,1.23
49,77,30.45,0,1.22
49,78,30.45,0,1.23
49,81,30.45,0,1.2
49,83,30.45,0,1.24
49,84,30.45,0,1.23
49,85,30.46,0,1.21
49,84,30.46,0,1.25
49,85,30.46,0,1.25
49,86,30.46,0,1.23
49,85,30.46,0,1.23
49,87,30.46,0,1.24
50,87,30.46,0,1.26
50,87,30.46,0,1.25
50,87,30.46,0,1.21
50,86,30.47,0,1.23
50,86,30.47,0,1.23
51,84,30.47,0,1.26
51,83,30.47,0,1.22
51,82,30.47,0,1.26
51,81,30.47,0,1.25
51,81,30.47,0,1.24
51,83,30.47,0,1.24
51,85,30.47,0,1.25
51,86,30.47,0,1.22
51,86,30.47,0,1.22
51,84,30.47,0,1.21
51,82,30.47,0,1.24
51,82,30.47,0,1.27
51,83,30.47,0,1.23
51,83,30.47,0,1.24
51,80,30.47,0,1.25
51,78,30.47,0,1.23
51,81,30.47,0,1.24
51,80,30.47,0,1.23
51,78,30.47,0,1.21
51,80,30.47,0,1.24
51,80,30.47,0,1.24
51,80,30.47,0,1.25
51,82,30.47,0,1.24
51,82,30.47,0,1.25
51,79,30.47,0,1.24
51,77,30.48,0,1.25
51,76,30.48,0,1.25
51,75,30.48,0,1.25
51,74,30.48,0,1.21
51,71,30.48,0,1.23
51,74,30.48,0,1.23
51,74,30.48,0,1.24
51,72,30.48,0,1.24
52,71,30.48,0,1.24
52,74,30.48,0,1.23
52,74,30.48,0,1.27
52,70,30.48,0,1.23
52,72,30.47,0,1.23
52,75,30.47,0,1.25
52,77,30.47,0,1.24
52,79,30.47,0,1.25
52,82,30.47,0,1.25
52,85,30.47,0,1.21
52,89,30.47,0,1.24
52,90,30.47,0,1.23
52,90,30.46,0,1.24
52,90,30.46,0,1.23
52,92,30.46,0,1.27
52,91,30.46,0,1.23
52,90,30.46,0,1.26
53,89,30.46,0,1.24
53,86,30.46,0,1.24
53,80,30.46,0,1.26
54,81,30.46,0,1.28
54,83,30.46,0,1.27
54,82,30.45,0,1.23
54,89,30.45,0,1.22
54,90,30.45,0,1.21
54,89,30.45,0,1.22
54,89,30.45,0,1.25
55,88,30.45,0,1.26
55,88,30.44,0,1.27
55,87,30.44,0,1.27
56,87,30.44,0,1.24
56,88,30.44,0,1.26
56,87,30.44,0,1.25
56,87,30.44,0,1.24
57,86,30.44,0,1.26
57,85,30.44,0,1.25
58,83,30.44,0,1.38
58,81,30.44,0,2.41
58,80,30.44,0,4.3
58,80,30.44,0,6.47
59,79,30.43,0,8.97
59,80,30.43,0,12.26
59,82,30.43,0,21.54
59,84,30.43,0,24.32
60,83,30.43,0,29.67
60,77,30.43,0,53.47
60,77,30.43,0,73.34
60,74,30.43,0,95.16
61,79,30.43,0,117.44
61,78,30.42,0,141.26
60,78,30.42,0,166.85
60,83,30.42,0,193.66
60,83,30.42,0,219.68
60,83,30.42,0,250.2
60,83,30.42,0,276.51
60,81,30.42,0,299.96
60,81,30.42,0,319.88
61,80,30.42,0,340.79
61,79,30.41,0,361.76
61,79,30.41,0,385.1
61,78,30.41,0,404.01
61,78,30.41,0,433.41
61,77,30.41,0,449.58
62,77,30.41,0,467.77
62,76,30.41,0,492.85
62,78,30.41,0,513.74
62,77,30.41,0,533.9
62,76,30.41,0,550.0
61,77,30.41,0,570.81
61,78,30.41,0,597.72
61,79,30.41,0,611.59
60,81,30.41,0,647.7
60,82,30.41,0,666.39
60,83,30.41,0,719.26
59,84,30.41,0,525.79
59,84,30.41,0,909.72
59,86,30.41,0,549.91
59,84,30.41,0,771.73
60,82,30.41,0,353.87
60,81,30.41,0,914.9
60,81,30.41,0,258.05
60,76,30.41,0,821.42
60,77,30.41,0,846.16
61,77,30.41,0,837.51
61,77,30.41,0,839.12
61,77,30.41,0,849.27
61,78,30.41,0,873.28
61,77,30.41,0,727.91
61,80,30.41,0,917.09
61,80,30.41,0,935.07
61,80,30.41,0,923.73
61,81,30.41,0,927.89
61,82,30.41,0,925.22
60,82,30.41,0,932.64
60,83,30.42,0,941.5
59,84,30.42,0,950.18
59,85,30.42,0,952.73
59,84,30.42,0,980.45
59,83,30.42,0,977.89
59,84,30.42,0,996.29
59,84,30.43,0,931.92
59,83,30.43,0,926.91
60,84,30.43,0,461.97
59,86,30.43,0,1129.92
59,86,30.43,0,860.51
59,84,30.43,0,523.21
60,83,30.43,0,1275.05
60,81,30.43,0,1081.87
60,82,30.44,0,1005.47
60,80,30.44,0,1011.55
59,84,30.44,0,1015.27
59,81,30.44,0,997.91
60,81,30.44,0,999.64
59,85,30.44,0,1000.81
59,81,30.44,0,988.51
59,84,30.45,0,1001.76
59,87,30.45,0,679.77
58,86,30.45,0,1120.79
58,86,30.44,0,1069.41
58,88,30.45,0,1002.79
59,86,30.45,0,987.95
59,88,30.45,0,986.5
59,87,30.45,0,766.98
59,85,30.45,0,950.18
59,84,30.45,0,939.32
59,84,30.45,0,934.03
59,82,30.45,0,924.71
59,80,30.45,0,918.63
59,82,30.45,0,906.92
59,83,30.46,0,900.67
59,84,30.46,0,892.25
60,86,30.45,0,879.67
60,86,30.46,0,867.74
59,87,30.46,0,857.34
59,87,30.46,0,844.51
58,87,30.46,0,831.77
58,86,30.46,0,818.04
58,88,30.45,0,806.35
58,87,30.45,0,799.12
58,84,30.46,0,778.36
58,80,30.46,0,763.58
58,70,30.46,0,750.69
58,66,30.46,0,735.43
58,67,30.46,0,718.84
58,66,30.46,0,703.04
59,65,30.46,0,687.66
59,62,30.46,0,670.3
59,65,30.46,0,650.86
58,66,30.46,0,633.52
59,64,30.46,0,619.43
59,66,30.45,0,601.22
58,65,30.45,0,582.14
58,67,30.46,0,562.92
58,65,30.45,0,543.13
58,67,30.46,0,523.97
58,68,30.45,0,505.7
57,67,30.45,0,491.19
57,67,30.45,0,455.15
57,70,30.45,0,434.55
56,73,30.45,0,416.16
56,74,30.45,0,397.53
55,76,30.45,0,378.66
54,81,30.45,0,360.05
53,85,30.45,0,342.23
52,86,30.45,0,322.16
51,88,30.44,0,301.77
50,89,30.44,0,279.98
50,89,30.44,0,233.0
50,89,30.44,0,24.67
49,91,30.44,0,22.92
49,93,30.44,0,22.16
49,96,30.43,0,21.36
49,100,30.43,0,20.4
50,101,30.43,0,19.51
50,101,30.43,0,18.12
50,101,30.43,0,16.67
50,101,30.43,0,21.55
50,101,30.43,0,17.72
50,101,30.43,0,9.95
50,102,30.43,0,8.08
50,102,30.43,0,4.73
50,102,30.43,0,3.04
50,102,30.43,0,1.8
51,102,30.43,0,1.25
51,102,30.43,0,1.23
51,102,30.43,0,1.24
51,102,30.43,0,1.27
51,102,30.42,0,1.22
51,102,30.42,0,1.26
51,102,30.42,0,1.19
51,102,30.42,0,1.25
51,102,30.42,0,1.27
51,102,30.42,0,1.26
51,102,30.42,0,1.22
51,102,30.41,0,1.2
52,102,30.41,0,1.2
52,102,30.41,0,1.23
52,102,30.41,0,1.24
52,102,30.41,0,1.24
51,102,30.41,0,1.23
51,102,30.4,0,1.21
51,102,30.4,0,1.22
51,102,30.4,0,1.24
51,102,30.4,0,1.22
51,102,30.4,0,1.21
51,101,30.4,0,1.28
51,101,30.4,0,1.23
51,101,30.4,0,1.22
51,101,30.4,0,1.23
51,101,30.4,0,1.2
52,101,30.4,0,1.29
52,101,30.4,0,1.24
52,101,30.4,0,1.24
52,101,30.4,0,1.23
52,101,30.4,0,1.21
52,101,30.4,0,1.23
52,101,30.4,0,1.23
52,101,30.4,0,1.24
52,101,30.4,0,1.24
52,101,30.4,0,1.25
52,101,30.4,0,1.27
52,101,30.4,0,1.25
52,101,30.41,0,1.23
52,101,30.41,0,1.24
52,101,30.41,0,1.22
52,101,30.4,0,1.25
52,101,30.4,0,1.26
52,101,30.4,0,1.23
52,101,30.4,0,1.26
52,101,30.4,0,1.24
52,101,30.4,0,1.26
52,101,30.4,0,1.24
52,101,30.4,0,1.2
52,101,30.4,0,1.2
52,101,30.41,0,1.22
52,101,30.41,0,1.24
52,101,30.41,0,1.24
52,101,30.41,0,1.25
52,101,30.41,0,1.22
52,101,30.41,0,1.19
52,101,30.41,0,1.24
52,101,30.41,0,1.23
52,101,30.41,0,1.24
52,100,30.41,0,1.24
51,100,30.42,0,1.17
51,100,30.42,0,1.26
51,100,30.42,0,1.23
51,100,30.42,0,1.25
51,100,30.42,0,1.23
51,100,30.42,0,1.26
51,100,30.42,0,1.23
51,99,30.42,0,1.25
51,99,30.42,0,1.25
50,99,30.42,0,1.25
50,98,30.42,0,1.24
50,98,30.42,0,1.22
50,97,30.42,0,1.23
49,96,30.43,0,1.21
49,96,30.43,0,1.26
49,96,30.43,0,1.27
49,97,30.43,0,1.22
49,97,30.43,0,1.23
49,97,30.43,0,1.24
49,97,30.43,0,1.23
50,97,30.43,0,1.25
50,96,30.43,0,1.22
50,96,30.43,0,1.24
50,95,30.43,0,1.24
50,94,30.43,0,1.21
50,93,30.43,0,1.25
50,91,30.43,0,1.23
49,88,30.43,0,1.22
49,84,30.44,0,1.23
50,87,30.43,0,1.24
49,78,30.44,0,1.21
49,80,30.44,0,1.26
49,78,30.44,0,1.21
49,71,30.44,0,1.24
48,66,30.44,0,1.23
48,65,30.44,0,1.22
48,64,30.44,0,1.25
48,64,30.44,0,1.22
48,62,30.44,0,1.25
49,62,30.44,0,1.22
49,63,30.44,0,1.19
49,61,30.44,0,1.22
50,59,30.44,0,1.22
50,59,30.44,0,1.24
50,60,30.43,0,1.2
50,60,30.43,0,1.24
50,59,30.43,0,1.25
50,57,30.43,0,1.24
50,57,30.43,0,1.23
50,57,30.43,0,1.25
50,58,30.43,0,1.23
50,59,30.43,0,1.25
51,58,30.43,0,1.25
51,58,30.43,0,1.24
52,57,30.42,0,1.23
52,54,30.42,0,1.25
53,53,30.42,0,1.24
52,52,30.42,0,1.26
53,53,30.42,0,1.26
53,52,30.42,0,1.25
52,54,30.42,0,1.29
52,56,30.42,0,1.23
52,55,30.41,0,1.24
53,58,30.41,0,1.24
53,58,30.41,0,1.25
53,58,30.41,0,1.23
54,57,30.41,0,1.23
54,57,30.41,0,1.24
54,56,30.41,0,1.25
54,56,30.41,0,1.25
54,60,30.4,0,1.23
54,57,30.4,0,1.22
55,59,30.4,0,1.25
55,63,30.4,0,1.28
56,62,30.4,0,1.23
56,54,30.4,0,1.28
56,56,30.4,0,1.36
56,56,30.4,0,2.67
56,59,30.4,0,4.78
57,74,30.4,0,7.21
57,78,30.4,0,9.89
58,77,30.4,0,18.95
58,74,30.4,0,23.53
58,76,30.4,0,29.76
58,75,30.4,0,43.74
59,72,30.4,0,61.7
59,69,30.4,0,81.97
60,69,30.4,0,104.45
61,53,30.4,0,129.2
61,49,30.4,0,156.67
61,43,30.4,0,183.53
61,41,30.4,0,211.8
61,44,30.4,0,240.34
61,49,30.4,0,268.67
61,62,30.4,0,293.77
60,53,30.4,0,317.63
60,55,30.39,0,340.2
60,59,30.4,0,361.71
60,60,30.4,0,383.0
61,56,30.4,0,403.88
61,60,30.4,0,425.52
60,63,30.4,0,442.56
60,64,30.4,0,462.6
60,64,30.4,0,484.16
61,64,30.4,0,503.18
61,62,30.4,0,523.17
61,59,30.4,0,541.47
62,60,30.4,0,559.95
62,59,30.39,0,579.04
62,56,30.39,0,599.34
62,55,30.39,0,618.98
62,54,30.39,0,639.11
63,50,30.4,0,656.23
63,44,30.4,0,675.49
63,49,30.39,0,691.86
63,48,30.39,0,707.95
63,52,30.4,0,721.8
63,52,30.39,0,738.41
63,53,30.39,0,756.75
62,52,30.39,0,771.48
62,58,30.39,0,782.29
63,56,30.4,0,810.93
63,59,30.39,0,821.91
63,57,30.4,0,836.72
63,60,30.39,0,851.38
63,59,30.39,0,865.12
63,57,30.4,0,877.72
62,58,30.4,0,892.4
62,64,30.4,0,904.12
63,62,30.4,0,911.13
63,60,30.4,0,893.84
63,61,30.4,0,936.04
63,56,30.4,0,947.53
63,59,30.4,0,953.34
63,60,30.4,0,966.15
64,61,30.4,0,792.83
64,58,30.41,0,980.46
64,59,30.41,0,985.49
64,63,30.41,0,992.54
63,59,30.41,0,1001.02
63,61,30.41,0,1010.34
62,61,30.42,0,1013.3
62,64,30.42,0,1023.91
63,64,30.42,0,1006.44
63,69,30.42,0,975.96
63,67,30.42,0,1031.61
63,66,30.42,0,1026.01
63,61,30.42,0,1028.58
63,62,30.43,0,1031.85
63,60,30.42,0,1030.66
63,58,30.43,0,1031.29
63,55,30.43,0,1034.01
64,59,30.43,0,1032.3
63,53,30.43,0,1027.65
63,53,30.43,0,1027.94
63,54,30.43,0,1026.47
63,54,30.43,0,1025.41
63,52,30.43,0,1026.62
63,50,30.43,0,1026.02
62,51,30.44,0,994.08
62,50,30.44,0,1022.64
62,53,30.44,0,999.9
62,52,30.44,0,971.01
62,54,30.44,0,724.03
62,53,30.44,0,929.98
62,53,30.44,0,875.74
62,52,30.44,0,938.04
62,52,30.44,0,923.58
62,51,30.44,0,910.31
62,50,30.44,0,899.04
62,48,30.45,0,886.24
62,46,30.45,0,873.55
63,46,30.44,0,860.75
63,43,30.45,0,848.24
63,44,30.45,0,836.61
63,43,30.44,0,822.69
62,45,30.44,0,807.5
62,43,30.44,0,795.83
61,43,30.44,0,781.47
61,44,30.44,0,767.38
62,43,30.45,0,751.18
61,45,30.45,0,735.13
61,45,30.45,0,720.68
61,43,30.45,0,703.66
62,45,30.45,0,685.91
61,45,30.44,0,669.17
61,46,30.44,0,651.78
61,48,30.44,0,633.76
60,48,30.44,0,615.23
60,47,30.44,0,596.65
60,47,30.44,0,578.6
59,51,30.44,0,559.98
59,52,30.44,0,540.16
59,52,30.43,0,520.27
59,56,30.43,0,499.88
58,53,30.43,0,480.24
57,55,30.43,0,459.77
57,57,30.42,0,439.23
56,59,30.42,0,418.7
55,58,30.42,0,397.79
55,62,30.42,0,376.78
54,60,30.42,0,356.24
54,59,30.42,0,333.5
53,62,30.42,0,309.5
51,63,30.42,0,282.52
50,64,30.41,0,255.11
49,65,30.41,0,229.42
49,66,30.41,0,24.04
49,67,30.41,0,22.28
49,68,30.41,0,21.52
49,68,30.41,0,20.63
48,70,30.41,0,19.67
48,72,30.4,0,18.58
48,73,30.4,0,17.45
47,74,30.4,0,16.07
47,75,30.4,0,14.48
47,76,30.4,0,12.28
47,77,30.4,0,9.08
47,77,30.4,0,6.36
46,77,30.4,0,4.36
46,78,30.4,0,2.86
46,79,30.4,0,1.77
46,79,30.41,0,1.26
46,78,30.4,0,1.22
46,78,30.4,0,1.22
46,77,30.4,0,1.23
46,79,30.4,0,1.21
47,78,30.4,0,1.23
47,77,30.4,0,1.22
47,77,30.4,0,1.21
47,78,30.4,0,1.23
47,77,30.4,0,1.21
47,77,30.4,0,1.22
47,77,30.4,0,1.23
47,77,30.39,0,1.24
47,77,30.39,0,1.27
47,77,30.39,0,1.23
47,78,30.39,0,1.22
47,78,30.39,0,1.22
47,79,30.39,0,1.2
47,80,30.39,0,1.22
47,79,30.39,0,1.24
47,78,30.39,0,1.23
47,79,30.39,0,1.21
47,78,30.39,0,1.24
47,78,30.39,0,1.22
47,79,30.39,0,1.24
47,80,30.39,0,1.24
47,79,30.39,0,1.24
47,79,30.39,0,1.24
47,79,30.39,0,1.19
47,80,30.39,0,1.23
47,81,30.39,0,1.24
47,81,30.39,0,1.25
48,82,30.39,0,1.25
48,81,30.39,0,1.24
48,81,30.39,0,1.25
48,81,30.39,0,1.24
48,81,30.39,0,1.21
48,81,30.39,0,1.25
49,81,30.39,0,1.26
49,81,30.39,0,1.25
49,80,30.4,0,1.25
49,81,30.4,0,1.24
50,81,30.4,0,1.21
50,81,30.4,0,1.23
50,82,30.4,0,1.23
50,82,30.4,0,1.24
50,83,30.4,0,1.26
50,83,30.4,0,1.25
50,84,30.4,0,1.24
50,85,30.4,0,1.24
49,85,30.4,0,1.23
49,85,30.4,0,1.25
49,85,30.41,0,1.24
49,85,30.41,0,1.21
49,84,30.41,0,1.25
49,85,30.41,0,1.25
48,85,30.41,0,1.25
48,86,30.41,0,1.22
48,86,30.41,0,1.27
48,87,30.41,0,1.22
48,88,30.41,0,1.24
48,88,30.42,0,1.24
48,88,30.42,0,1.23
48,89,30.42,0,1.25
48,88,30.42,0,1.21
49,87,30.42,0,1.26
49,86,30.42,0,1.24
50,85,30.42,0,1.22
50,84,30.43,0,1.23
50,85,30.43,0,1.2
50,86,30.43,0,1.23
50,86,30.43,0,1.26
50,86,30.43,0,1.25
50,86,30.43,0,1.24
50,85,30.43,0,1.23
50,84,30.43,0,1.26
51,84,30.43,0,1.22
51,84,30.43,0,1.27
51,84,30.44,0,1.22
51,84,30.44,0,1.24
51,84,30.44,0,1.22
50,85,30.44,0,1.23
50,86,30.44,0,1.22
50,87,30.44,0,1.26
50,88,30.44,0,1.24
49,90,30.44,0,1.23
50,90,30.44,0,1.22
50,91,30.44,0,1.24
50,92,30.44,0,1.25
50,93,30.44,0,1.23
50,93,30.44,0,1.23
50,93,30.44,0,1.23
50,94,30.44,0,1.24
50,94,30.44,0,1.26
50,94,30.44,0,1.24
50,93,30.44,0,1.24
50,93,30.44,0,1.23
49,93,30.44,0,1.23
49,93,30.44,0,1.23
49,93,30.44,0,1.23
49,92,30.44,0,1.25
49,92,30.44,0,1.23
50,92,30.44,0,1.23
50,92,30.44,0,1.24
50,92,30.44,0,1.22
50,92,30.44,0,1.25
50,93,30.44,0,1.27
50,93,30.44,0,1.25
50,93,30.43,0,1.24
50,93,30.43,0,1.22
50,93,30.43,0,1.24
50,93,30.43,0,1.22
50,93,30.43,0,1.26
50,93,30.43,0,1.21
50,92,30.42,0,1.24
51,92,30.42,0,1.25
51,92,30.42,0,1.24
51,92,30.42,0,1.25
51,91,30.42,0,1.23
51,91,30.42,0,1.26
51,90,30.42,0,1.25
51,90,30.42,0,1.24
51,88,30.41,0,1.24
52,88,30.41,0,1.22
52,88,30.41,0,1.24
52,87,30.42,0,1.21
53,88,30.41,0,1.27
53,87,30.41,0,1.27
53,87,30.41,0,1.27
54,86,30.41,0,1.24
54,86,30.4,0,1.28
55,84,30.4,0,1.19
55,82,30.4,0,1.25
56,81,30.4,0,1.39
56,76,30.4,0,2.36
56,76,30.4,0,3.82
57,75,30.4,0,6.13
57,73,30.4,0,7.92
57,72,30.4,0,11.22
58,68,30.4,0,16.02
59,71,30.4,0,18.69
59,71,30.39,0,21.2
59,72,30.39,0,84.81
59,74,30.39,0,106.85
60,74,30.39,0,131.07
60,74,30.39,0,158.06
60,74,30.39,0,184.96
60,73,30.39,0,212.99
60,74,30.39,0,242.37
60,75,30.39,0,270.2
60,75,30.39,0,295.58
60,75,30.39,0,319.89
61,76,30.39,0,344.03
60,74,30.39,0,368.12
61,72,30.39,0,261.6
61,72,30.39,0,101.35
61,75,30.39,0,439.49
61,78,30.39,0,456.8
60,79,30.39,0,474.85
60,80,30.39,0,506.95
60,81,30.39,0,570.46
60,82,30.39,0,176.72
60,81,30.39,0,148.88
61,80,30.39,0,321.52
62,79,30.39,0,491.47
62,79,30.39,0,716.82
62,78,30.39,0,221.66
62,75,30.39,0,452.55
63,75,30.39,0,189.5
63,73,30.39,0,792.96
64,72,30.39,0,793.65
64,71,30.39,0,805.74
64,71,30.39,0,761.82
63,71,30.39,0,409.97
63,70,30.39,0,903.61
63,67,30.39,0,770.35
64,66,30.39,0,295.32
63,68,30.39,0,721.59
63,68,30.39,0,488.24
63,66,30.39,0,887.44
63,66,30.4,0,884.46
63,67,30.4,0,918.66
63,65,30.4,0,272.23
64,62,30.4,0,280.97
65,63,30.4,0,368.26
65,65,30.4,0,1161.37
64,63,30.4,0,1104.43
64,66,30.4,0,401.54
63,65,30.4,0,1013.3
62,65,30.4,0,1099.23
63,65,30.4,0,514.46
62,66,30.4,0,700.93
63,64,30.41,0,1113.32
63,66,30.41,0,500.7
63,64,30.41,0,1099.26
63,63,30.41,0,1056.55
64,63,30.41,0,1053.53
64,67,30.41,0,1077.09
64,66,30.41,0,1044.85
64,63,30.41,0,1082.31
65,61,30.41,0,1068.08
65,61,30.42,0,1064.07
65,60,30.42,0,1057.98
65,59,30.42,0,1056.42
65,58,30.42,0,1042.32
65,59,30.42,0,1029.18
65,61,30.42,0,1007.75
65,59,30.42,0,1006.17
65,59,30.43,0,1003.23
65,59,30.43,0,997.9
65,60,30.43,0,993.77
65,58,30.43,0,988.21
65,59,30.43,0,984.13
65,58,30.43,0,979.16
65,57,30.43,0,974.8
65,56,30.43,0,969.36
65,55,30.43,0,963.01
65,57,30.44,0,957.07
64,59,30.44,0,948.54
64,57,30.44,0,942.78
64,58,30.44,0,934.87
64,58,30.44,0,925.67
65,57,30.44,0,916.84
64,58,30.44,0,907.72
64,59,30.44,0,897.29
64,57,30.44,0,887.04
64,57,30.44,0,872.45
65,54,30.44,0,866.65
65,54,30.44,0,851.79
64,52,30.44,0,841.06
63,51,30.44,0,831.27
63,49,30.44,0,822.98
63,52,30.44,0,813.29
62,53,30.44,0,791.68
62,51,30.44,0,743.8
62,50,30.44,0,790.44
61,55,30.44,0,761.54
61,52,30.44,0,744.05
61,52,30.44,0,730.67
61,52,30.44,0,738.05
61,54,30.44,0,700.03
61,55,30.44,0,674.81
60,53,30.44,0,636.33
60,54,30.43,0,634.37
60,56,30.44,0,614.51
60,56,30.43,0,596.9
60,58,30.43,0,578.19
59,57,30.43,0,558.37
59,59,30.43,0,538.67
59,61,30.43,0,525.57
59,62,30.43,0,484.64
59,63,30.43,0,486.01
58,64,30.43,0,443.47
58,67,30.43,0,372.15
57,69,30.43,0,421.1
56,72,30.43,0,379.42
55,73,30.42,0,362.0
54,74,30.42,0,292.38
53,74,30.42,0,355.01
52,74,30.42,0,340.06
51,75,30.42,0,268.72
50,76,30.42,0,282.86
50,76,30.42,0,186.37
49,76,30.41,0,44.78
49,77,30.41,0,36.67
49,77,30.41,0,30.8
49,77,30.41,0,26.68
48,77,30.41,0,22.69
48,77,30.41,0,19.74
48,77,30.41,0,17.87
48,78,30.41,0,16.29
48,78,30.41,0,14.66
47,79,30.41,0,12.81
47,79,30.41,0,10.77
47,80,30.4,0,8.61
47,80,30.4,0,6.27
47,80,30.4,0,4.06
47,81,30.4,0,2.27
47,81,30.4,0,1.33
47,81,30.4,0,1.2
47,81,30.4,0,1.23
47,82,30.4,0,1.22
47,82,30.4,0,1.24
47,82,30.4,0,1.21
46,82,30.4,0,1.25
47,83,30.4,0,1.23
47,83,30.4,0,1.24
47,82,30.39,0,1.22
47,81,30.39,0,1.28
47,81,30.39,0,1.25
47,81,30.39,0,1.26
47,80,30.39,0,1.22
47,80,30.39,0,1.21
47,81,30.39,0,1.24
47,80,30.39,0,1.25
47,80,30.39,0,1.18
47,79,30.39,0,1.24
47,79,30.39,0,1.23
47,81,30.39,0,1.26
47,81,30.39,0,1.21
48,82,30.39,0,1.2
48,83,30.39,0,1.26
48,83,30.39,0,1.25
48,82,30.39,0,1.25
48,82,30.39,0,1.25
48,81,30.39,0,1.22
48,81,30.39,0,1.23
48,81,30.39,0,1.23
48,80,30.39,0,1.26
48,80,30.39,0,1.22
48,82,30.39,0,1.22
48,83,30.4,0,1.26
48,84,30.39,0,1.26
48,84,30.4,0,1.21
48,84,30.4,0,1.21
48,84,30.4,0,1.23
48,84,30.4,0,1.21
48,84,30.4,0,1.23
48,84,30.4,0,1.21
48,84,30.4,0,1.22
49,85,30.4,0,1.24
49,85,30.4,0,1.22
49,86,30.4,0,1.22
49,86,30.4,0,1.21
49,86,30.4,0,1.23
49,87,30.4,0,1.25
49,88,30.4,0,1.24
50,87,30.4,0,1.23
50,87,30.4,0,1.24
50,87,30.41,0,1.23
50,86,30.41,0,1.23
50,86,30.41,0,1.24
50,87,30.41,0,1.23
50,87,30.41,0,1.24
50,87,30.41,0,1.26
50,87,30.41,0,1.27
50,87,30.41,0,1.27
50,87,30.41,0,1.25
50,87,30.41,0,1.26
50,86,30.42,0,1.24
50,86,30.42,0,1.29
50,86,30.42,0,1.27
50,86,30.42,0,1.26
50,87,30.42,0,1.24
50,86,30.43,0,1.26
50,86,30.43,0,1.25
50,87,30.43,0,1.27
50,89,30.43,0,1.28
50,89,30.43,0,1.26
50,88,30.43,0,1.25
50,89,30.43,0,1.25
50,89,30.43,0,1.24
50,88,30.43,0,1.24
51,89,30.43,0,1.23
51,89,30.43,0,1.25
50,89,30.43,0,1.25
50,90,30.43,0,1.26
50,90,30.43,0,1.26
50,90,30.43,0,1.25
50,90,30.43,0,1.27
50,90,30.43,0,1.26
50,90,30.43,0,1.24
50,91,30.43,0,1.26
50,92,30.43,0,1.26
50,93,30.43,0,1.29
50,93,30.44,0,1.26
50,94,30.44,0,1.24
50,94,30.44,0,1.25
50,94,30.44,0,1.31
50,94,30.44,0,1.26
50,94,30.44,0,1.25
50,95,30.44,0,1.26
51,95,30.44,0,1.25
51,95,30.43,0,1.23
51,95,30.43,0,1.24
51,95,30.43,0,1.23
51,96,30.43,0,1.22
50,96,30.43,0,1.27
51,96,30.43,0,1.23
51,96,30.43,0,1.2
51,96,30.43,0,1.22
51,97,30.43,0,1.19
51,97,30.43,0,1.22
51,97,30.43,0,1.23
51,97,30.43,0,1.24
51,97,30.43,0,1.23
52,98,30.43,0,1.23
52,98,30.43,0,1.26
52,98,30.42,0,1.24
52,98,30.42,0,1.24
52,98,30.42,0,1.23
52,98,30.42,0,1.23
52,98,30.42,0,1.28
52,98,30.42,0,1.25
52,98,30.42,0,1.23
52,98,30.42,0,1.25
53,98,30.41,0,1.27
53,98,30.41,0,1.22
53,98,30.41,0,1.25
53,98,30.41,0,1.25
53,98,30.41,0,1.25
53,99,30.41,0,1.23
54,99,30.41,0,1.26
54,99,30.41,0,1.23
55,100,30.41,0,1.26
55,100,30.41,0,1.23
55,100,30.4,0,1.27
55,100,30.4,0,1.25
55,100,30.4,0,1.27
55,100,30.4,0,1.24
55,99,30.4,0,1.25
55,99,30.4,0,1.26
55,99,30.4,0,1.26
56,99,30.39,0,2.31
56,99,30.39,0,6.49
56,98,30.39,0,8.9
56,98,30.39,0,6.86
56,98,30.39,0,12.49
56,97,30.39,0,11.53
56,97,30.39,0,15.06
57,96,30.39,0,17.53
57,96,30.39,0,30.05
57,96,30.38,0,44.23
57,96,30.38,0,70.7
57,97,30.38,0,87.55
57,96,30.38,0,78.35
57,96,30.38,0,65.11
57,96,30.38,0,37.46
57,96,30.38,0,38.3
58,96,30.38,0,29.86
57,97,30.38,0,84.03
57,97,30.38,0,190.26
57,97,30.38,0,75.65
57,97,30.38,0,46.41
57,97,30.38,0,36.33
57,97,30.38,0,76.37
58,97,30.38,0,64.86
58,97,30.38,0,66.95
58,96,30.38,0,28.31
59,94,30.38,0,19.67
60,92,30.38,0,76.59
60,90,30.38,0,88.44
61,92,30.38,0,304.5
61,90,30.38,0,305.82
61,89,30.38,0,413.2
61,89,30.37,0,770.76
61,90,30.37,0,266.24
60,88,30.38,0,438.32
60,89,30.37,0,271.54
61,88,30.38,0,263.0
61,86,30.38,0,284.67
61,84,30.37,0,289.51
61,84,30.38,0,228.68
61,82,30.38,0,298.76
61,83,30.38,0,312.48
61,83,30.38,0,308.25
61,85,30.38,0,249.63
61,85,30.38,0,263.8
62,81,30.38,0,231.88
62,83,30.38,0,219.61
62,84,30.38,0,336.13
62,81,30.38,0,1044.12
61,86,30.38,0,1029.73
61,84,30.38,0,341.43
61,84,30.38,0,253.91
61,82,30.39,0,337.76
61,80,30.39,0,249.04
62,78,30.39,0,187.06
63,74,30.39,0,247.17
63,72,30.39,0,367.77
63,73,30.39,0,380.7
63,70,30.39,0,762.04
64,72,30.39,0,797.69
63,71,30.39,0,823.25
63,69,30.4,0,840.23
64,69,30.4,0,820.52
63,72,30.4,0,879.05
63,67,30.4,0,1041.22
63,68,30.4,0,1024.09
63,70,30.4,0,1016.63
63,66,30.4,0,1026.0
63,65,30.4,0,1043.86
63,67,30.4,0,1028.05
63,66,30.4,0,1085.09
62,67,30.41,0,1067.72
62,68,30.41,0,774.91
62,66,30.41,0,846.98
62,65,30.41,0,859.55
62,67,30.41,0,656.94
62,70,30.42,0,801.94
62,68,30.42,0,995.63
62,68,30.42,0,808.23
61,68,30.42,0,1044.79
61,70,30.42,0,704.48
61,72,30.42,0,754.66
61,71,30.42,0,716.23
61,72,30.42,0,879.16
61,73,30.42,0,826.1
61,76,30.42,0,585.63
61,75,30.42,0,844.76
61,77,30.43,0,1019.58
61,78,30.43,0,991.28
61,79,30.43,0,967.47
61,74,30.43,0,951.25
61,75,30.43,0,964.85
61,71,30.43,0,880.83
61,68,30.43,0,755.21
61,71,30.43,0,921.75
61,67,30.44,0,866.45
61,67,30.44,0,756.63
60,69,30.44,0,760.19
60,66,30.43,0,842.05
60,68,30.44,0,806.54
60,66,30.43,0,737.86
60,66,30.44,0,847.68
61,70,30.43,0,780.38
60,69,30.43,0,819.95
61,64,30.43,0,807.79
61,65,30.43,0,791.39
61,66,30.43,0,738.86
60,64,30.43,0,760.39
59,70,30.43,0,739.41
58,64,30.43,0,706.18
58,63,30.43,0,636.87
57,69,30.43,0,631.7
57,79,30.43,0,535.3
57,78,30.43,0,321.89
56,79,30.42,0,298.55
56,78,30.43,0,321.13
55,78,30.42,0,414.46
54,81,30.42,0,240.76
54,82,30.42,0,328.3
53,83,30.42,0,357.05
52,83,30.42,0,320.66
52,83,30.42,0,253.8
51,82,30.41,0,213.1
51,84,30.41,0,188.42
50,84,30.41,0,170.97
50,85,30.41,0,155.05
50,86,30.4,0,142.09
49,88,30.4,0,139.18
49,88,30.4,0,135.61
48,87,30.4,0,116.62
48,87,30.4,0,107.09
48,87,30.4,0,102.6
47,87,30.4,0,97.6
47,87,30.4,0,88.38
47,87,30.4,0,75.69
47,86,30.4,0,61.13
47,86,30.4,0,47.24
47,86,30.4,0,38.15
47,86,30.4,0,31.79
47,87,30.39,0,24.42
47,88,30.39,0,16.73
46,87,30.39,0,11.49
47,85,30.39,0,8.01
47,86,30.39,0,5.36
47,88,30.39,0,4.34
47,89,30.39,0,5.19
46,89,30.39,0,1.26
46,89,30.39,0,1.26
46,90,30.39,0,1.23
46,89,30.39,0,1.24
46,86,30.39,0,1.22
47,87,30.38,0,1.23
47,88,30.38,0,1.2
47,89,30.38,0,1.24
47,89,30.38,0,1.26
47,88,30.38,0,1.24
47,87,30.38,0,1.25
47,87,30.38,0,1.28
47,87,30.38,0,1.19
48,87,30.38,0,1.27
47,87,30.38,0,1.26
47,87,30.38,0,1.2
47,87,30.38,0,1.24
47,87,30.38,0,1.25
47,87,30.38,0,1.24
47,86,30.38,0,1.23
47,85,30.38,0,1.26
47,85,30.38,0,1.29
47,85,30.38,0,1.25
47,86,30.38,0,1.27
47,87,30.38,0,1.23
47,87,30.38,0,1.25
47,87,30.38,0,1.27
47,86,30.38,0,1.27
48,86,30.38,0,1.21
48,86,30.38,0,1.25
47,87,30.38,0,1.24
47,87,30.38,0,1.23
47,88,30.38,0,1.23
47,88,30.38,0,1.25
47,87,30.38,0,1.23
47,87,30.38,0,1.24
47,87,30.38,0,1.23
47,87,30.38,0,1.25
47,88,30.38,0,1.29
47,88,30.38,0,1.22
47,89,30.38,0,1.24
47,88,30.38,0,1.2
47,88,30.38,0,1.19
47,89,30.38,0,1.22
47,89,30.38,0,1.24
47,89,30.39,0,1.25
47,90,30.39,0,1.25
47,90,30.39,0,1.21
47,90,30.39,0,1.23
47,90,30.39,0,1.27
48,90,30.39,0,1.24
48,90,30.4,0,1.25
48,90,30.4,0,1.27
48,90,30.4,0,1.24
48,90,30.4,0,1.26
48,90,30.4,0,1.24
48,90,30.4,0,1.23
48,89,30.4,0,1.27
48,89,30.4,0,1.22
48,89,30.41,0,1.24
48,90,30.41,0,1.22
48,90,30.41,0,1.22
48,89,30.41,0,1.24
48,89,30.41,0,1.2
48,89,30.41,0,1.2
49,89,30.41,0,1.24
49,89,30.41,0,1.26
49,89,30.42,0,1.24
49,91,30.42,0,1.24
48,92,30.42,0,1.2
48,92,30.42,0,1.22
48,93,30.42,0,1.22
49,93,30.42,0,1.22
49,93,30.43,0,1.23
49,93,30.43,0,1.24
49,93,30.43,0,1.23
49,93,30.43,0,1.25
49,93,30.43,0,1.23
49,93,30.43,0,1.24
49,93,30.43,0,1.24
49,93,30.43,0,1.24
49,93,30.43,0,1.24
49,93,30.43,0,1.24
49,93,30.44,0,1.23
49,93,30.44,0,1.2
49,93,30.44,0,1.23
49,94,30.44,0,1.22
49,94,30.44,0,1.26
49,94,30.44,0,1.22
49,94,30.44,0,1.21
49,94,30.44,0,1.21
49,94,30.44,0,1.23
49,94,30.45,0,1.24
49,94,30.45,0,1.21
49,94,30.45,0,1.22
49,94,30.45,0,1.21
49,95,30.45,0,1.23
49,95,30.45,0,1.22
49,96,30.44,0,1.23
49,98,30.44,0,1.25
49,99,30.44,0,1.24
50,100,30.44,0,1.23
50,101,30.44,0,1.26
50,101,30.44,0,1.21
50,101,30.44,0,1.2
51,101,30.44,0,1.22
51,101,30.44,0,1.24
51,101,30.44,0,1.22
52,101,30.44,0,1.22
52,101,30.44,0,1.22
52,101,30.44,0,1.27
51,101,30.44,0,1.27
51,101,30.43,0,1.24
51,101,30.43,0,1.23
51,101,30.43,0,1.27
51,101,30.43,0,1.27
51,101,30.42,0,1.21
51,100,30.42,0,1.23
51,100,30.42,0,1.23
51,100,30.42,0,1.24
51,100,30.42,0,1.26
51,100,30.42,0,1.26
51,100,30.42,0,1.24
51,99,30.42,0,1.26
51,99,30.41,0,1.24
51,98,30.41,0,1.23
51,98,30.41,0,1.24
51,97,30.41,0,1.23
51,97,30.41,0,1.22
51,95,30.41,0,1.24
52,95,30.41,0,1.26
51,88,30.41,0,1.22
51,90,30.41,0,1.21
52,89,30.41,0,1.27
52,88,30.41,0,1.22
52,90,30.41,0,1.22
52,92,30.41,0,1.27
52,96,30.41,0,1.24
52,97,30.41,0,1.77
52,97,30.4,0,2.48
52,98,30.4,0,4.36
52,98,30.4,0,6.54
52,99,30.4,0,10.74
52,99,30.4,0,14.11
51,98,30.4,0,16.88
51,98,30.4,0,21.37
51,98,30.4,0,25.44
51,99,30.4,0,28.18
51,100,30.4,0,37.0
51,101,30.4,0,48.64
51,101,30.4,0,59.52
51,101,30.4,0,55.39
52,101,30.4,0,42.05
52,101,30.39,0,35.51
51,101,30.39,0,22.97
53,101,30.39,0,18.02
53,101,30.39,0,15.72
54,101,30.39,0,16.52
54,101,30.38,0,27.42
54,101,30.38,0,33.57
54,101,30.38,0,32.82
54,101,30.39,0,31.17
54,101,30.38,0,35.54
55,101,30.38,0,35.62
55,101,30.38,0,51.48
55,101,30.38,0,84.5
55,101,30.38,0,81.59
55,101,30.38,0,82.34
55,101,30.38,0,84.56
55,101,30.38,0,71.68
55,101,30.38,0,83.03
55,100,30.38,0,91.35
55,100,30.38,0,71.5
55,100,30.38,0,105.26
55,100,30.38,0,97.67
55,100,30.38,0,85.35
55,100,30.38,0,125.02
56,99,30.38,0,89.33
56,99,30.38,0,68.9
56,99,30.38,0,69.14
56,99,30.38,0,93.63
57,98,30.38,0,232.42
57,98,30.39,0,247.44
57,97,30.39,0,181.6
57,97,30.39,0,116.22
57,97,30.39,0,157.09
57,95,30.39,0,154.72
58,95,30.39,0,107.28
58,94,30.39,0,212.92
59,93,30.39,0,252.06
59,92,30.39,0,151.2
60,91,30.4,0,126.32
60,91,30.4,0,408.47
60,91,30.4,0,282.35
59,90,30.4,0,1083.61
58,89,30.4,0,768.03
59,91,30.4,0,149.24
59,87,30.4,0,129.93
59,87,30.4,0,208.49
59,89,30.41,0,256.58
59,90,30.41,0,181.23
59,89,30.41,0,430.01
60,86,30.41,0,530.32
61,86,30.41,0,325.84
60,87,30.41,0,595.42
60,86,30.41,0,1420.39
60,86,30.42,0,329.76
60,87,30.42,0,370.17
60,82,30.42,0,321.94
60,86,30.42,0,452.68
60,89,30.42,0,1315.46
60,85,30.42,0,1197.77
60,87,30.42,0,1033.61
60,85,30.42,0,748.02
60,85,30.43,0,598.38
60,85,30.43,0,540.7
60,87,30.43,0,370.15
59,86,30.43,0,550.48
60,89,30.43,0,347.33
59,89,30.43,0,1175.77
59,91,30.44,0,1089.27
58,93,30.44,0,585.86
57,92,30.44,0,1062.02
57,92,30.44,0,200.01
57,94,30.44,0,932.43
57,94,30.44,0,1038.71
56,93,30.44,0,261.81
57,92,30.44,0,214.32
58,91,30.44,0,338.01
59,89,30.45,0,465.16
59,86,30.45,0,1279.23
59,89,30.45,0,993.01
59,86,30.44,0,927.16
59,87,30.44,0,896.07
58,84,30.44,0,869.7
58,86,30.45,0,856.05
57,88,30.44,0,835.24
57,91,30.45,0,822.74
57,89,30.44,0,673.04
57,87,30.44,0,841.44
57,88,30.45,0,794.37
57,88,30.44,0,775.5
56,87,30.44,0,763.35
56,85,30.44,0,738.59
56,80,30.44,0,721.48
56,84,30.44,0,703.37
56,87,30.44,0,685.5
56,87,30.44,0,663.75
57,89,30.44,0,650.82
57,83,30.44,0,637.46
57,74,30.44,0,616.74
56,75,30.44,0,598.09
56,78,30.43,0,577.94
56,82,30.43,0,559.58
56,78,30.43,0,538.92
56,77,30.43,0,520.91
57,79,30.43,0,502.11
57,83,30.43,0,480.97
57,83,30.43,0,461.6
56,80,30.43,0,441.39
55,81,30.43,0,420.45
54,85,30.43,0,398.25
53,85,30.43,0,377.12
52,86,30.42,0,355.69
51,87,30.42,0,334.24
50,88,30.42,0,312.02
49,89,30.42,0,286.1
48,91,30.42,0,258.58
47,91,30.42,0,231.38
46,90,30.42,0,31.97
46,90,30.42,0,22.27
46,89,30.41,0,21.1
46,89,30.41,0,20.37
46,89,30.41,0,19.5
46,89,30.41,0,18.66
45,89,30.41,0,17.54
45,89,30.41,0,16.34
45,88,30.41,0,14.87
45,88,30.41,0,13.24
45,87,30.41,0,11.35
45,87,30.41,0,9.27
45,86,30.41,0,6.92
45,85,30.41,0,4.39
45,85,30.41,0,2.42
45,85,30.41,0,1.25
45,84,30.41,0,1.22
45,84,30.41,0,1.22
45,84,30.4,0,1.2
45,84,30.4,0,1.22
45,84,30.4,0,1.24
45,83,30.4,0,1.25
45,83,30.4,0,1.24
45,82,30.4,0,1.23
45,81,30.4,0,1.2
45,83,30.4,0,1.21
45,84,30.4,0,1.24
45,83,30.4,0,1.23
45,83,30.4,0,1.21
45,83,30.4,0,1.23
45,83,30.4,0,1.23
45,82,30.4,0,1.18
45,83,30.4,0,1.22
45,81,30.4,0,1.22
45,82,30.4,0,1.25
45,81,30.4,0,1.25
46,81,30.4,0,1.22
46,81,30.4,0,1.21
46,80,30.4,0,1.24
46,80,30.4,0,1.2
46,80,30.4,0,1.22
46,81,30.4,0,1.25
46,81,30.4,0,1.2
46,81,30.4,0,1.2
46,82,30.4,0,1.25
46,82,30.4,0,1.25
46,83,30.4,0,1.21
46,83,30.4,0,1.24
46,83,30.4,0,1.2
46,84,30.4,0,1.22
46,85,30.4,0,1.2
46,85,30.4,0,1.21
46,85,30.4,0,1.21
46,86,30.4,0,1.26
46,87,30.4,0,1.22
46,87,30.4,0,1.21
46,86,30.4,0,1.24
46,87,30.4,0,1.2
46,86,30.4,0,1.21
45,87,30.4,0,1.21
45,88,30.4,0,1.2
46,88,30.41,0,1.21
46,88,30.41,0,1.23
46,88,30.41,0,1.2
46,89,30.41,0,1.19
46,87,30.41,0,1.23
46,85,30.41,0,1.2
46,84,30.41,0,1.21
46,84,30.41,0,1.24
46,82,30.41,0,1.21
46,83,30.41,0,1.23
46,83,30.42,0,1.23
46,83,30.42,0,1.23
47,83,30.42,0,1.23
47,84,30.42,0,1.2
47,85,30.42,0,1.22
47,85,30.42,0,1.24
47,86,30.42,0,1.21
47,87,30.42,0,1.21
47,88,30.42,0,1.19
47,89,30.42,0,1.24
47,90,30.42,0,1.23
48,92,30.42,0,1.21
48,99,30.43,0,1.23
49,100,30.43,0,1.25
49,100,30.43,0,1.22
49,101,30.44,0,1.24
49,101,30.44,0,1.22
49,101,30.44,0,1.21
49,101,30.44,0,1.25
49,101,30.44,0,1.23
49,101,30.44,0,1.22
49,101,30.44,0,1.26
50,101,30.44,0,1.2
50,101,30.44,0,1.22
50,101,30.45,0,1.25
50,101,30.45,0,1.25
50,101,30.45,0,1.22
50,101,30.45,0,1.26
50,101,30.45,0,1.21
50,101,30.45,0,1.24
50,101,30.45,0,1.23
50,101,30.46,0,1.24
49,101,30.46,0,1.19
49,101,30.46,0,1.22
49,101,30.45,0,1.23
49,101,30.45,0,1.26
49,101,30.45,0,1.22
50,102,30.45,0,1.19
50,102,30.45,0,1.27
50,102,30.46,0,1.24
50,102,30.46,0,1.23
50,102,30.46,0,1.25
50,102,30.46,0,1.22
50,102,30.46,0,1.22
50,102,30.46,0,1.24
50,102,30.46,0,1.23
50,102,30.46,0,1.22
50,102,30.46,0,1.23
50,102,30.46,0,1.23
51,102,30.46,0,1.23
51,102,30.46,0,1.26
51,102,30.46,0,1.22
51,102,30.46,0,1.22
51,102,30.45,0,1.24
51,102,30.45,0,1.23
51,102,30.45,0,1.22
51,102,30.45,0,1.23
51,102,30.45,0,1.2
51,102,30.45,0,1.2
51,102,30.45,0,1.26
51,102,30.45,0,1.23
51,102,30.45,0,1.22
51,102,30.45,0,1.22
51,101,30.45,0,1.24
52,102,30.45,0,1.23
52,102,30.45,0,1.21
52,102,30.45,0,1.25
52,101,30.45,0,1.22
52,101,30.44,0,1.2
52,101,30.44,0,1.28
52,101,30.44,0,1.19
52,101,30.44,0,1.26
52,101,30.44,0,1.21
52,101,30.44,0,1.24
52,101,30.44,0,1.25
52,101,30.44,0,1.28
53,101,30.44,0,1.26
53,101,30.44,0,1.26
53,101,30.44,0,1.23
53,101,30.44,0,1.22
53,101,30.44,0,1.25
53,101,30.43,0,3.92
53,101,30.44,0,6.13
53,101,30.43,0,5.62
53,101,30.43,0,13.28
54,101,30.43,0,32.9
54,101,30.43,0,23.63
54,101,30.43,0,23.86
54,101,30.43,0,27.2
54,101,30.43,0,63.57
54,101,30.43,0,32.2
54,101,30.43,0,67.6
54,101,30.43,0,66.27
54,101,30.43,0,47.17
54,101,30.43,0,42.79
54,101,30.43,0,88.44
54,101,30.43,0,79.4
54,101,30.43,0,35.97
54,101,30.43,0,97.42
54,101,30.43,0,129.99
54,101,30.43,0,60.14
53,101,30.43,0,32.01
54,101,30.42,0,36.8
54,101,30.42,0,32.03
54,101,30.42,0,28.11
54,101,30.42,0,26.23
54,101,30.42,0,82.63
54,100,30.42,0,59.76
54,100,30.42,0,51.22
54,100,30.42,0,69.86
54,100,30.42,0,71.44
54,100,30.42,0,118.05
54,100,30.42,0,56.77
54,100,30.42,0,60.61
54,99,30.42,0,85.19
55,99,30.42,0,47.62
55,99,30.42,0,85.52
55,99,30.43,0,50.76
55,98,30.43,0,53.18
55,98,30.43,0,24.29
55,98,30.43,0,29.76
56,98,30.43,0,59.04
56,97,30.43,0,121.48
56,97,30.43,0,80.47
56,96,30.43,0,44.85
56,96,30.43,0,58.16
56,96,30.43,0,51.92
57,96,30.43,0,61.81
57,96,30.43,0,151.43
57,96,30.43,0,275.79
57,96,30.43,0,415.21
57,97,30.43,0,305.77
57,97,30.43,0,222.47
57,96,30.43,0,302.64
58,96,30.43,0,193.94
58,94,30.44,0,337.82
58,96,30.44,0,182.2
58,95,30.44,0,353.18
59,95,30.44,0,191.61
59,93,30.44,0,167.32
60,91,30.44,0,262.13
60,88,30.44,0,517.26
59,91,30.45,0,1149.9
59,88,30.45,0,309.94
59,90,30.45,0,254.53
59,90,30.45,0,295.59
58,91,30.45,0,263.77
58,91,30.46,0,140.13
58,90,30.46,0,197.1
58,89,30.46,0,253.74
59,90,30.46,0,185.05
59,91,30.46,0,229.52
59,90,30.46,0,253.57
59,89,30.46,0,280.39
60,88,30.47,0,372.69
60,87,30.47,0,360.02
60,87,30.47,0,437.37
59,80,30.47,0,783.19
59,89,30.47,0,574.06
58,91,30.47,0,321.21
58,91,30.47,0,673.26
58,91,30.48,0,388.34
58,92,30.48,0,233.95
59,91,30.48,0,201.46
59,89,30.48,0,299.96
58,84,30.48,0,545.74
59,89,30.48,0,192.55
59,88,30.48,0,298.65
59,88,30.48,0,364.94
58,89,30.48,0,1157.59
58,91,30.48,0,805.19
58,91,30.49,0,1104.34
58,93,30.49,0,269.34
58,89,30.49,0,899.52
59,93,30.49,0,339.48
58,90,30.49,0,887.43
59,92,30.49,0,821.55
59,90,30.49,0,948.85
58,86,30.49,0,827.3
58,88,30.49,0,893.56
58,90,30.49,0,862.05
58,87,30.49,0,443.59
58,85,30.49,0,850.61
58,86,30.49,0,694.26
57,86,30.49,0,697.16
57,90,30.49,0,441.94
57,89,30.49,0,825.78
56,86,30.49,0,726.76
56,90,30.49,0,631.92
56,90,30.49,0,589.75
56,89,30.49,0,464.95
56,79,30.49,0,565.67
56,78,30.49,0,585.77
56,77,30.49,0,471.57
56,76,30.49,0,400.39
56,83,30.48,0,424.99
56,76,30.48,0,356.2
55,76,30.48,0,339.2
54,83,30.48,0,459.83
54,89,30.48,0,330.83
53,89,30.48,0,292.07
53,90,30.48,0,276.03
52,91,30.48,0,231.05
52,90,30.48,0,230.73
51,91,30.48,0,210.75
51,91,30.47,0,174.15
51,90,30.47,0,156.05
50,90,30.47,0,149.84
50,92,30.47,0,163.77
50,92,30.47,0,157.85
49,92,30.47,0,153.73
49,93,30.47,0,157.1
48,93,30.46,0,146.67
48,92,30.47,0,134.36
48,91,30.47,0,116.68
47,90,30.46,0,112.14
47,91,30.46,0,107.1
47,91,30.46,0,91.83
47,91,30.46,0,74.69
47,90,30.46,0,63.71
46,89,30.46,0,54.51
46,89,30.46,0,45.68
46,90,30.45,0,34.55
46,91,30.45,0,24.08
46,91,30.45,0,15.86
46,91,30.45,0,10.12
46,91,30.45,0,2.67
46,92,30.45,0,1.58
47,92,30.45,0,1.22
47,92,30.45,0,1.22
47,93,30.45,0,1.22
47,94,30.45,0,1.18
47,91,30.45,0,1.2
47,92,30.44,0,1.23
47,91,30.44,0,1.23
47,90,30.44,0,1.23
47,91,30.44,0,1.23
47,90,30.44,0,1.19
47,90,30.44,0,1.21
47,90,30.44,0,1.21
47,91,30.44,0,1.24
47,91,30.44,0,1.22
47,91,30.44,0,1.17
48,91,30.44,0,1.22
48,91,30.44,0,1.25
48,91,30.43,0,1.22
48,91,30.43,0,1.27
48,91,30.43,0,1.2
48,91,30.43,0,1.23
48,92,30.43,0,1.23
48,92,30.43,0,1.24
48,94,30.43,0,1.25
48,95,30.43,0,1.24
48,96,30.43,0,1.24
48,96,30.43,0,1.22
48,96,30.43,0,1.2
47,95,30.43,0,1.27
47,93,30.43,0,1.24
47,92,30.43,0,1.21
48,91,30.43,0,1.22
48,90,30.43,0,1.25
48,91,30.43,0,1.19
48,90,30.43,0,1.24
48,91,30.43,0,1.25
48,91,30.43,0,1.25
48,90,30.43,0,1.25
48,91,30.43,0,1.22
49,91,30.43,0,1.23
49,93,30.43,0,1.23
49,94,30.43,0,1.24
49,93,30.43,0,1.24
49,94,30.44,0,1.23
49,95,30.44,0,1.22
49,95,30.44,0,1.23
48,96,30.44,0,1.23
48,96,30.44,0,1.22
48,96,30.44,0,1.22
48,96,30.44,0,1.23
48,96,30.44,0,1.26
48,96,30.44,0,1.24
48,96,30.44,0,1.2
48,96,30.45,0,1.22
48,96,30.45,0,1.22
48,95,30.45,0,1.21
48,95,30.45,0,1.24
49,95,30.45,0,1.22
49,94,30.46,0,1.24
49,95,30.46,0,1.2
50,95,30.46,0,1.24
50,94,30.46,0,1.22
50,93,30.46,0,1.23
50,92,30.46,0,1.25
51,92,30.46,0,1.21
51,93,30.46,0,1.23
51,94,30.47,0,1.24
50,95,30.47,0,1.22
50,93,30.47,0,1.23
50,91,30.47,0,1.23
50,90,30.47,0,1.22
50,90,30.47,0,1.22
51,90,30.47,0,1.24
51,89,30.47,0,1.23
51,88,30.47,0,1.24
51,87,30.47,0,1.24
51,91,30.47,0,1.25
51,90,30.47,0,1.23
51,90,30.47,0,1.26
51,89,30.47,0,1.25
51,89,30.47,0,1.25
51,90,30.47,0,1.23
51,90,30.47,0,1.24
51,91,30.47,0,1.27
51,91,30.47,0,1.24
51,92,30.47,0,1.24
51,92,30.48,0,1.25
51,93,30.48,0,1.26
51,93,30.48,0,1.25
51,93,30.48,0,1.24
50,94,30.48,0,1.24
50,95,30.48,0,1.27
50,95,30.48,0,1.23
50,97,30.48,0,1.23
50,98,30.49,0,1.24
51,99,30.49,0,1.23
51,99,30.49,0,1.22
51,98,30.49,0,1.21
51,98,30.49,0,1.24
51,97,30.49,0,1.28
51,97,30.49,0,1.24
51,96,30.49,0,1.24
51,95,30.48,0,1.25
51,96,30.49,0,1.25
52,95,30.49,0,1.29
52,95,30.49,0,1.31
52,95,30.48,0,1.28
51,95,30.48,0,1.27
51,95,30.48,0,1.24
51,95,30.48,0,1.26
51,96,30.48,0,1.24
51,96,30.48,0,1.26
51,97,30.48,0,1.24
51,98,30.48,0,1.25
51,99,30.48,0,1.26
51,100,30.48,0,1.19
52,100,30.47,0,1.22
52,100,30.47,0,1.27
52,100,30.47,0,1.25
52,100,30.47,0,1.23
52,100,30.47,0,1.23
52,99,30.47,0,1.24
52,99,30.47,0,1.22
52,99,30.47,0,1.23
52,99,30.46,0,1.21
52,99,30.46,0,1.24
52,99,30.46,0,1.23
53,99,30.46,0,1.26
52,98,30.46,0,1.25
53,98,30.46,0,1.22
53,99,30.46,0,1.24
54,98,30.46,0,1.23
54,98,30.46,0,1.23
54,97,30.46,0,1.25
54,97,30.46,0,1.22
54,97,30.46,0,1.25
54,98,30.46,0,1.68
54,99,30.45,0,3.88
54,99,30.45,0,13.37
55,100,30.45,0,15.02
55,100,30.45,0,23.16
55,99,30.45,0,31.49
55,99,30.45,0,52.42
56,98,30.45,0,58.96
55,95,30.45,0,60.66
56,99,30.44,0,74.65
56,100,30.44,0,83.23
56,100,30.44,0,96.75
56,100,30.44,0,127.9
57,102,30.45,0,195.72
56,102,30.44,0,216.31
55,102,30.44,0,190.92
55,102,30.44,0,242.69
55,102,30.44,0,320.35
55,102,30.44,0,332.81
54,102,30.44,0,164.8
54,102,30.44,0,111.32
55,102,30.44,0,111.52
55,102,30.44,0,103.47
55,102,30.44,0,130.61
55,102,30.44,0,184.22
54,102,30.44,0,182.95
54,102,30.44,0,177.35
54,102,30.44,0,124.61
55,102,30.44,0,183.27
55,102,30.44,0,149.18
55,102,30.43,0,162.59
55,102,30.43,0,173.5
55,101,30.43,0,180.16
55,101,30.43,0,191.6
55,101,30.43,0,190.97
55,101,30.43,0,223.55
55,101,30.43,0,194.85
55,101,30.43,0,191.03
55,101,30.43,0,200.7
55,101,30.43,0,163.48
55,101,30.43,0,98.04
55,101,30.43,0,99.73
55,100,30.43,0,137.02
55,100,30.43,0,131.79
56,100,30.43,0,195.36
56,100,30.43,0,214.81
56,100,30.43,0,353.98
56,100,30.43,0,191.17
56,99,30.43,0,113.7
57,100,30.43,0,234.49
57,100,30.43,0,361.53
57,100,30.43,0,253.68
57,101,30.43,0,655.34
57,101,30.43,0,1161.54
57,102,30.44,0,664.55
57,102,30.43,0,525.3
56,102,30.43,0,750.44
56,101,30.44,0,371.53
56,101,30.44,0,419.88
56,101,30.44,0,173.07
56,101,30.44,0,281.75
56,101,30.44,0,167.47
56,101,30.44,0,265.48
56,101,30.44,0,586.72
56,101,30.44,0,286.24
56,101,30.44,0,372.95
56,101,30.45,0,239.86
57,101,30.44,0,223.41
57,101,30.45,0,616.32
57,100,30.45,0,642.44
57,100,30.45,0,557.16
58,101,30.45,0,347.53
57,100,30.45,0,1006.87
58,100,30.45,0,468.33
58,101,30.45,0,479.0
57,101,30.45,0,734.67
57,101,30.46,0,520.01
57,102,30.46,0,1002.11
57,102,30.46,0,465.5
56,102,30.46,0,821.99
56,102,30.46,0,981.43
56,102,30.46,0,509.63
56,102,30.46,0,742.38
56,102,30.46,0,912.17
55,102,30.47,0,840.72
55,102,30.47,0,353.46
55,102,30.47,0,247.12
55,102,30.47,0,483.27
55,102,30.47,0,439.34
55,102,30.47,0,558.52
55,102,30.47,0,396.72
56,102,30.47,0,782.31
55,102,30.47,0,448.64
55,101,30.47,0,415.0
55,101,30.47,0,407.31
55,101,30.47,0,443.34
55,101,30.47,0,436.41
55,101,30.47,0,274.99
55,101,30.47,0,292.44
56,101,30.47,0,235.29
56,101,30.47,0,444.96
55,101,30.47,0,380.56
55,101,30.47,0,459.59
55,101,30.47,0,478.48
55,101,30.47,0,412.1
54,101,30.47,0,660.27
55,101,30.47,0,288.61
54,101,30.47,0,382.35
55,101,30.47,0,307.8
55,100,30.47,0,243.98
55,100,30.47,0,281.32
55,100,30.47,0,207.82
55,100,30.47,0,272.24
55,100,30.47,0,482.71
55,100,30.47,0,457.33
55,100,30.47,0,404.56
55,100,30.46,0,287.83
55,99,30.46,0,398.82
55,100,30.46,0,201.71
55,100,30.46,0,551.73
55,100,30.46,0,252.93
55,101,30.46,0,355.57
54,101,30.46,0,365.66
54,100,30.46,0,344.9
53,100,30.45,0,221.67
53,100,30.45,0,160.8
52,100,30.45,0,247.41
51,100,30.45,0,257.49
51,99,30.45,0,171.97
51,99,30.45,0,119.01
51,99,30.44,0,63.48
50,98,30.44,0,45.49
50,97,30.44,0,61.1
50,97,30.44,0,40.86
49,97,30.44,0,23.75
49,96,30.44,0,21.56
48,95,30.44,0,19.72
48,95,30.44,0,17.69
48,95,30.44,0,13.02
48,95,30.43,0,10.78
48,95,30.43,0,8.59
48,95,30.43,0,6.82
48,95,30.43,0,4.47
48,95,30.43,0,2.59
48,95,30.43,0,1.52
48,95,30.43,0,1.22
48,96,30.43,0,1.28
48,95,30.43,0,1.22
48,95,30.43,0,1.22
48,95,30.43,0,1.26
48,95,30.43,0,1.22
48,96,30.43,0,1.26
48,96,30.43,0,1.21
48,96,30.43,0,1.24
48,96,30.43,0,1.28
48,96,30.43,0,1.23
48,96,30.43,0,1.25
48,97,30.43,0,1.25
48,97,30.43,0,1.25
49,97,30.43,0,1.22
49,97,30.43,0,1.23
49,98,30.42,0,1.23
49,98,30.42,0,1.25
49,98,30.42,0,1.23
49,99,30.42,0,1.25
49,99,30.42,0,1.23
49,99,30.43,0,1.23
49,99,30.43,0,1.23
49,100,30.43,0,1.22
50,100,30.43,0,1.24
50,100,30.43,0,1.25
50,100,30.43,0,1.26
50,100,30.43,0,1.27
50,100,30.43,0,1.24
50,100,30.43,0,1.23
50,99,30.43,0,1.19
50,100,30.43,0,1.21
50,99,30.42,0,1.24
50,99,30.43,0,1.23
49,99,30.42,0,1.19
49,99,30.42,0,1.25
49,98,30.42,0,1.22
49,99,30.42,0,1.22
49,99,30.43,0,1.22
49,99,30.43,0,1.25
49,100,30.42,0,1.24
49,100,30.43,0,1.22
49,100,30.43,0,1.23
49,101,30.43,0,1.23
50,101,30.43,0,1.21
50,101,30.43,0,1.23
50,101,30.43,0,1.26
50,101,30.43,0,1.27
50,102,30.44,0,1.22
50,102,30.44,0,1.25
50,102,30.44,0,1.26
50,102,30.44,0,1.23
50,102,30.44,0,1.24
50,102,30.44,0,1.24
51,102,30.44,0,1.23
51,102,30.44,0,1.24
51,102,30.45,0,1.23
51,102,30.45,0,1.24
51,101,30.45,0,1.25
50,101,30.45,0,1.24
50,101,30.45,0,1.23
50,101,30.45,0,1.22
50,101,30.45,0,1.24
50,101,30.45,0,1.23
50,101,30.45,0,1.26
50,100,30.45,0,1.22
50,100,30.45,0,1.24
50,100,30.45,0,1.23
51,99,30.46,0,1.25
51,100,30.46,0,1.25
51,100,30.46,0,1.24
50,100,30.46,0,1.23
50,100,30.46,0,1.23
50,100,30.46,0,1.22
50,99,30.46,0,1.2
50,99,30.46,0,1.22
50,99,30.46,0,1.21
50,99,30.47,0,1.21
50,99,30.47,0,1.21
50,99,30.47,0,1.23
50,99,30.47,0,1.23
50,99,30.47,0,1.22
50,100,30.47,0,1.23
50,100,30.47,0,1.23
50,100,30.47,0,1.23
50,100,30.47,0,1.25
50,100,30.48,0,1.25
50,100,30.48,0,1.21
51,101,30.48,0,1.22
51,101,30.48,0,1.22
50,101,30.48,0,1.24
50,101,30.48,0,1.22
50,101,30.48,0,1.22
50,101,30.48,0,1.22
50,101,30.47,0,1.21
51,101,30.47,0,1.21
51,101,30.48,0,1.23
51,101,30.48,0,1.26
51,101,30.48,0,1.2
50,101,30.48,0,1.24
51,101,30.48,0,1.23
51,101,30.48,0,1.26
51,101,30.47,0,1.28
51,101,30.47,0,1.25
51,101,30.47,0,1.21
51,101,30.48,0,1.24
51,102,30.48,0,1.25
51,102,30.48,0,1.24
51,102,30.47,0,1.23
51,102,30.47,0,1.23
51,102,30.47,0,1.26
51,102,30.47,0,1.23
51,102,30.47,0,1.2
52,102,30.47,0,1.21
52,102,30.47,0,1.25
52,102,30.47,0,1.24
52,102,30.47,0,1.22
52,102,30.47,0,1.23
52,102,30.47,0,1.23
52,102,30.46,0,1.28
52,102,30.46,0,1.28
51,102,30.46,0,1.29
52,102,30.46,0,1.24
52,102,30.46,0,1.24
53,102,30.45,0,1.22
53,102,30.45,0,1.23
53,102,30.45,0,1.27
53,102,30.45,0,1.26
53,102,30.45,0,1.23
53,102,30.45,0,1.24
53,102,30.45,0,1.27
53,102,30.45,0,1.26
53,102,30.45,0,1.24
53,102,30.44,0,1.23
54,102,30.44,0,1.23
54,102,30.44,0,1.24
54,102,30.44,0,1.28
54,102,30.44,0,2.29
54,102,30.44,0,4.27
54,102,30.44,0,9.95
54,102,30.44,0,15.9
54,102,30.44,0,26.98
55,102,30.44,0,29.08
55,102,30.44,0,53.71
56,102,30.44,0,93.86
56,102,30.44,0,115.72
56,102,30.44,0,144.67
55,102,30.44,0,159.55
55,102,30.44,0,151.87
55,102,30.44,0,121.13
55,102,30.43,0,140.67
55,102,30.44,0,97.71
55,102,30.43,0,114.87
55,102,30.43,0,138.13
55,102,30.43,0,121.99
55,102,30.43,0,126.57
54,102,30.43,0,114.64
54,102,30.43,0,96.82
54,102,30.43,0,79.56
54,102,30.43,0,90.52
54,102,30.43,0,148.95
54,102,30.43,0,157.85
54,102,30.43,0,113.91
54,102,30.43,0,161.28
54,102,30.43,0,179.97
54,102,30.43,0,137.49
54,102,30.43,0,72.47
54,102,30.43,0,41.29
54,102,30.42,0,31.58
54,102,30.42,0,69.62
55,102,30.41,0,61.1
55,102,30.42,0,43.85
55,102,30.42,0,76.03
55,102,30.41,0,235.66
55,102,30.41,0,88.25
55,102,30.41,0,153.33
55,102,30.41,0,235.5
55,102,30.41,0,152.4
56,102,30.42,0,240.28
56,102,30.41,0,314.97
56,102,30.41,0,247.14
56,102,30.41,0,213.39
56,102,30.41,0,543.01
55,102,30.41,0,312.47
55,102,30.42,0,211.64
55,102,30.42,0,138.26
55,102,30.41,0,131.46
55,102,30.42,0,106.33
55,102,30.42,0,171.65
55,102,30.42,0,145.41
55,102,30.42,0,155.94
55,102,30.42,0,231.19
55,101,30.42,0,202.78
55,101,30.43,0,297.09
55,101,30.43,0,165.3
55,101,30.43,0,203.99
56,101,30.43,0,141.41
56,101,30.43,0,187.28
56,101,30.43,0,187.41
57,102,30.43,0,216.92
56,102,30.44,0,566.85
56,102,30.44,0,1064.11
56,102,30.44,0,375.0
56,102,30.44,0,269.84
56,102,30.44,0,322.1
56,102,30.44,0,325.41
56,102,30.45,0,196.19
56,102,30.45,0,712.2
56,102,30.45,0,578.67
56,102,30.45,0,627.9
56,101,30.45,0,258.9
56,101,30.45,0,370.53
56,101,30.45,0,259.7
56,101,30.45,0,194.4
55,101,30.45,0,396.32
55,101,30.46,0,319.64
55,101,30.46,0,275.39
55,101,30.46,0,148.52
55,101,30.46,0,77.62
55,100,30.46,0,102.16
55,100,30.46,0,84.75
55,100,30.46,0,111.73
55,100,30.46,0,125.34
56,100,30.47,0,150.14
56,99,30.47,0,414.67
57,99,30.47,0,224.55
57,99,30.47,0,272.2
57,100,30.47,0,396.31
56,100,30.47,0,674.75
56,99,30.47,0,333.9
56,99,30.47,0,421.02
56,99,30.47,0,836.17
56,98,30.47,0,265.77
56,98,30.47,0,407.71
56,97,30.47,0,310.1
56,96,30.47,0,588.3
56,97,30.47,0,776.23
56,98,30.47,0,676.14
55,99,30.47,0,483.16
55,100,30.47,0,479.24
55,101,30.47,0,681.2
55,100,30.47,0,819.32
54,100,30.47,0,529.87
54,100,30.47,0,203.02
54,100,30.47,0,277.35
54,100,30.47,0,401.99
54,100,30.47,0,150.1
54,100,30.47,0,145.26
53,100,30.47,0,159.62
53,100,30.47,0,280.81
53,100,30.47,0,339.48
53,100,30.46,0,530.68
52,100,30.46,0,277.24
52,100,30.46,0,177.76
52,100,30.45,0,124.41
52,100,30.45,0,111.82
52,100,30.45,0,99.63
52,100,30.45,0,101.31
52,99,30.45,0,102.52
52,99,30.45,0,117.65
52,97,30.45,0,145.01
52,96,30.45,0,160.45
52,95,30.44,0,145.86
52,96,30.44,0,139.08
51,96,30.44,0,137.29
51,97,30.44,0,128.14
51,97,30.44,0,109.24
51,96,30.44,0,96.15
50,95,30.44,0,91.94
50,94,30.44,0,78.17
50,94,30.44,0,74.13
50,94,30.43,0,64.29
50,94,30.43,0,54.1
49,94,30.44,0,42.89
49,94,30.44,0,33.48
49,94,30.43,0,27.56
49,94,30.43,0,22.22
49,94,30.43,0,17.64
49,94,30.43,0,13.34
49,95,30.43,0,9.9
49,94,30.43,0,6.56
49,94,30.43,0,3.89
49,94,30.43,0,2.89
49,94,30.43,0,2.14
49,94,30.43,0,1.2
49,94,30.43,0,1.26
49,93,30.42,0,1.22
49,93,30.42,0,1.25
49,92,30.42,0,1.23
49,92,30.42,0,1.22
49,92,30.42,0,1.28
49,93,30.42,0,1.23
49,93,30.42,0,1.17
49,93,30.42,0,1.27
49,94,30.42,0,1.22
49,94,30.42,0,1.21
49,93,30.42,0,1.22
49,93,30.42,0,1.24
49,95,30.42,0,1.2
49,97,30.42,0,1.25
49,97,30.41,0,1.22
49,97,30.41,0,1.23
49,97,30.41,0,1.22
50,98,30.41,0,1.23
50,97,30.41,0,1.23
50,97,30.41,0,1.23
50,95,30.41,0,1.23
50,94,30.41,0,1.25
50,95,30.41,0,1.23
50,98,30.41,0,1.27
49,99,30.41,0,1.23
49,100,30.41,0,1.22
49,99,30.41,0,1.23
50,99,30.41,0,1.22
50,99,30.41,0,1.25
50,99,30.41,0,1.22
50,98,30.42,0,1.24
50,98,30.42,0,1.22
51,97,30.42,0,1.24
50,96,30.42,0,1.24
50,96,30.42,0,1.23
50,97,30.41,0,1.21
50,97,30.42,0,1.27
50,98,30.41,0,1.22
50,99,30.42,0,1.22
50,99,30.42,0,1.23
50,99,30.42,0,1.24
50,99,30.42,0,1.26
50,98,30.42,0,1.22
51,98,30.42,0,1.24
50,98,30.43,0,1.24
50,99,30.43,0,1.23
50,100,30.43,0,1.26
50,100,30.43,0,1.25
50,100,30.43,0,1.26
50,100,30.43,0,1.23
50,99,30.43,0,1.24
50,99,30.43,0,1.24
50,99,30.43,0,1.25
50,99,30.43,0,1.22
50,98,30.43,0,1.24
51,98,30.43,0,1.26
51,97,30.43,0,1.24
51,97,30.44,0,1.24
52,95,30.44,0,1.23
52,94,30.44,0,1.26
52,94,30.44,0,1.24
52,94,30.44,0,1.28
52,94,30.44,0,1.24
52,94,30.44,0,1.28
52,92,30.44,0,1.26
52,93,30.44,0,1.22
52,94,30.44,0,1.23
52,95,30.44,0,1.26
52,95,30.45,0,1.24
52,96,30.45,0,1.23
51,96,30.45,0,1.24
51,97,30.44,0,1.25
51,99,30.44,0,1.26
51,99,30.44,0,1.27
51,99,30.45,0,1.27
51,99,30.45,0,1.26
51,99,30.45,0,1.29
51,99,30.45,0,1.25
51,99,30.45,0,1.28
51,99,30.45,0,1.27
51,99,30.45,0,1.27
51,99,30.46,0,1.28
51,99,30.46,0,1.29
51,99,30.46,0,1.26
51,99,30.46,0,1.28
51,99,30.46,0,1.23
51,99,30.46,0,1.28
51,99,30.46,0,1.27
51,99,30.46,0,1.28
51,100,30.46,0,1.22
51,100,30.47,0,1.26
51,100,30.46,0,1.29
52,100,30.46,0,1.27
51,100,30.46,0,1.27
52,100,30.46,0,1.3
52,99,30.46,0,1.3
52,99,30.46,0,1.28
52,99,30.46,0,1.24
52,99,30.46,0,1.3
52,99,30.45,0,1.29
52,99,30.45,0,1.29
52,99,30.45,0,1.28
52,99,30.45,0,1.27
52,99,30.45,0,1.26
52,99,30.45,0,1.22
52,99,30.45,0,1.25
52,99,30.45,0,1.28
52,98,30.45,0,1.21
52,98,30.45,0,1.28
52,98,30.45,0,1.25
52,98,30.45,0,1.22
52,98,30.45,0,1.19
52,98,30.45,0,1.25
52,98,30.45,0,1.22
52,98,30.45,0,1.27
52,98,30.44,0,1.21
52,98,30.44,0,1.26
52,99,30.44,0,1.26
52,98,30.44,0,1.27
52,98,30.44,0,1.25
52,99,30.44,0,1.26
52,99,30.44,0,1.24
52,99,30.44,0,1.21
52,100,30.43,0,1.25
52,100,30.43,0,1.23
52,100,30.43,0,1.23
52,100,30.43,0,1.21
52,100,30.43,0,1.18
52,100,30.43,0,1.26
52,101,30.43,0,1.24
52,101,30.43,0,1.23
52,101,30.43,0,1.26
52,102,30.43,0,1.69
52,102,30.42,0,2.63
52,102,30.42,0,5.89
52,102,30.42,0,11.42
52,102,30.42,0,16.33
52,102,30.42,0,22.0
52,102,30.42,0,28.67
52,102,30.42,0,36.24
52,102,30.42,0,44.82
52,102,30.42,0,51.74
52,102,30.42,0,55.62
52,102,30.42,0,57.84
53,102,30.42,0,58.71
53,102,30.42,0,66.45
53,102,30.41,0,53.23
53,102,30.42,0,60.67
53,102,30.42,0,71.75
53,102,30.42,0,78.98
53,102,30.41,0,86.18
53,102,30.42,0,101.41
53,102,30.41,0,93.56
53,102,30.41,0,131.69
53,102,30.41,0,157.89
54,102,30.41,0,185.82
53,102,30.41,0,199.36
53,102,30.41,0,237.18
53,102,30.41,0,169.82
53,102,30.41,0,187.04
53,102,30.41,0,233.29
53,102,30.41,0,290.28
53,102,30.41,0,205.49
53,102,30.42,0,210.88
53,102,30.42,0,159.98
53,102,30.42,0,171.69
53,102,30.42,0,136.94
53,102,30.42,0,135.68
53,102,30.42,0,182.51
53,102,30.42,0,188.14
53,102,30.42,0,167.74
53,102,30.42,0,148.06
53,102,30.42,0,148.35
53,102,30.41,0,177.67
53,102,30.42,0,195.02
53,102,30.42,0,157.07
54,102,30.42,0,142.93
54,102,30.42,0,211.46
54,101,30.42,0,170.56
53,101,30.42,0,164.57
54,101,30.43,0,141.58
54,101,30.43,0,153.21
54,101,30.43,0,256.74
54,101,30.43,0,265.47
54,101,30.43,0,321.0
54,101,30.43,0,367.41
54,101,30.43,0,391.82
54,101,30.43,0,384.65
54,101,30.43,0,430.46
54,101,30.43,0,358.42
54,101,30.43,0,336.57
54,101,30.43,0,357.22
54,101,30.44,0,292.29
54,101,30.44,0,215.19
54,101,30.44,0,216.73
55,101,30.44,0,257.27
54,101,30.44,0,256.51
54,101,30.44,0,357.38
55,101,30.44,0,384.88
54,101,30.45,0,393.86
54,101,30.45,0,408.98
55,101,30.45,0,367.89
55,101,30.45,0,462.99
54,101,30.45,0,572.72
54,101,30.45,0,502.9
54,101,30.45,0,374.87
54,101,30.45,0,283.73
54,101,30.45,0,271.04
54,101,30.45,0,312.65
54,101,30.46,0,287.07
54,100,30.46,0,277.04
54,100,30.46,0,361.15
54,100,30.46,0,297.2
54,100,30.46,0,263.97
54,100,30.46,0,325.89
54,100,30.46,0,270.56
55,99,30.46,0,339.04
55,99,30.46,0,377.38
55,99,30.46,0,416.66
55,99,30.47,0,504.83
55,99,30.47,0,564.08
55,98,30.47,0,491.43
55,98,30.47,0,500.38
56,97,30.47,0,484.57
56,97,30.47,0,452.64
56,98,30.47,0,479.73
55,99,30.47,0,518.0
55,99,30.47,0,495.76
55,98,30.47,0,556.98
55,98,30.47,0,442.77
55,97,30.47,0,445.22
55,97,30.47,0,397.5
55,95,30.47,0,382.15
55,95,30.47,0,354.58
55,93,30.47,0,403.39
56,93,30.47,0,460.27
56,89,30.47,0,429.39
56,90,30.47,0,414.76
56,89,30.47,0,397.8
55,89,30.47,0,350.42
55,90,30.47,0,344.63
55,91,30.47,0,371.76
54,91,30.47,0,341.58
54,90,30.46,0,312.42
54,91,30.46,0,346.55
54,91,30.46,0,315.44
54,90,30.46,0,284.67
54,91,30.46,0,246.02
53,91,30.46,0,231.58
53,90,30.46,0,237.31
53,90,30.45,0,283.24
53,90,30.45,0,294.95
52,89,30.45,0,272.34
52,87,30.45,0,221.45
52,86,30.45,0,211.05
52,85,30.45,0,227.57
51,84,30.45,0,200.78
51,85,30.45,0,193.93
51,84,30.45,0,194.03
50,85,30.45,0,177.14
50,86,30.44,0,176.49
49,86,30.44,0,157.14
49,86,30.44,0,120.53
49,84,30.44,0,110.48
49,82,30.44,0,94.56
49,81,30.43,0,77.75
48,80,30.43,0,64.13
49,81,30.43,0,51.45
49,80,30.43,0,38.87
49,79,30.43,0,28.31
49,81,30.43,0,19.7
48,81,30.43,0,12.52
48,80,30.43,0,6.92
48,80,30.42,0,2.96
48,81,30.42,0,2.05
48,84,30.42,0,1.37
48,89,30.42,0,1.26
48,89,30.42,0,1.17
48,89,30.42,0,1.21
48,90,30.42,0,1.19
48,90,30.42,0,1.25
48,90,30.42,0,1.21
48,93,30.42,0,1.23
48,92,30.42,0,1.24
48,92,30.42,0,1.21
48,93,30.42,0,1.23
48,93,30.42,0,1.23
49,93,30.42,0,1.22
48,92,30.42,0,1.29
48,92,30.42,0,1.2
48,93,30.42,0,1.21
48,94,30.42,0,1.23
48,95,30.42,0,1.25
49,95,30.42,0,1.23
49,96,30.42,0,1.23
48,96,30.42,0,1.23
48,97,30.42,0,1.25
48,98,30.42,0,1.24
48,99,30.42,0,1.23
48,99,30.42,0,1.25
48,99,30.42,0,1.24
48,100,30.42,0,1.24
47,100,30.42,0,1.21
47,101,30.42,0,1.21
47,101,30.42,0,1.23
47,102,30.42,0,1.22
47,102,30.42,0,1.23
47,102,30.42,0,1.22
47,102,30.42,0,1.2
47,102,30.42,0,1.22
47,102,30.42,0,1.24
47,102,30.42,0,1.21
47,102,30.42,0,1.21
48,102,30.42,0,1.23
48,102,30.42,0,1.25
48,102,30.42,0,1.24
48,102,30.42,0,1.22
49,102,30.42,0,1.22
49,102,30.43,0,1.25
49,102,30.43,0,1.25
49,102,30.43,0,1.2
49,102,30.43,0,1.23
49,102,30.43,0,1.24
49,102,30.43,0,1.23
49,102,30.44,0,1.26
49,102,30.44,0,1.24
49,102,30.44,0,1.22
49,102,30.44,0,1.24
50,102,30.44,0,1.21
50,102,30.44,0,1.22
50,102,30.44,0,1.22
50,102,30.44,0,1.24
50,102,30.44,0,1.23
50,102,30.44,0,1.23
50,102,30.44,0,1.21
50,102,30.44,0,1.23
50,102,30.44,0,1.23
50,102,30.44,0,1.25
50,102,30.44,0,1.25
50,102,30.44,0,1.25
50,102,30.44,0,1.24
50,102,30.44,0,1.25
50,102,30.44,0,1.25
50,102,30.44,0,1.26
50,102,30.44,0,1.22
50,102,30.44,0,1.25
50,102,30.44,0,1.22
50,102,30.44,0,1.24
51,102,30.44,0,1.23
51,102,30.44,0,1.24
50,102,30.45,0,1.24
51,102,30.45,0,1.26
51,102,30.45,0,1.23
51,102,30.45,0,1.25
51,102,30.45,0,1.25
51,102,30.45,0,1.25
51,102,30.45,0,1.21
51,102,30.46,0,1.22
51,102,30.45,0,1.24
51,102,30.45,0,1.25
51,102,30.46,0,1.19
51,102,30.46,0,1.22
51,102,30.46,0,1.2
51,102,30.46,0,1.26
51,102,30.46,0,1.25
51,102,30.46,0,1.25
51,102,30.46,0,1.29
51,102,30.46,0,1.26
51,102,30.46,0,1.23
51,102,30.46,0,1.22
51,102,30.46,0,1.24
51,102,30.46,0,1.23
51,102,30.46,0,1.2
51,102,30.46,0,1.22
51,102,30.46,0,1.23
51,102,30.45,0,1.22
51,102,30.46,0,1.26
51,102,30.46,0,1.25
51,102,30.45,0,1.25
51,102,30.45,0,1.24
51,102,30.45,0,1.2
52,102,30.45,0,1.22
52,102,30.46,0,1.24
52,102,30.45,0,1.24
52,102,30.45,0,1.23
52,102,30.45,0,1.25
51,102,30.45,0,1.21
51,102,30.45,0,1.24
51,102,30.45,0,1.19
51,102,30.45,0,1.23
51,102,30.45,0,1.19
52,102,30.45,0,1.29
52,102,30.45,0,1.25
52,102,30.45,0,1.22
52,102,30.44,0,1.23
52,102,30.44,0,1.23
52,102,30.44,0,1.25
52,102,30.44,0,1.27
52,102,30.44,0,1.25
52,102,30.44,0,1.23
52,102,30.44,0,1.27
52,102,30.43,0,1.22
52,102,30.44,0,1.25
52,102,30.43,0,1.23
52,102,30.43,0,1.25
52,102,30.43,0,1.25
52,102,30.43,0,1.24
52,102,30.43,0,1.25
52,102,30.42,0,1.26
52,102,30.42,0,1.26
52,102,30.42,0,1.26
52,102,30.42,0,1.26
52,102,30.42,0,1.26
52,102,30.42,0,1.23
53,102,30.42,0,1.78
53,101,30.42,0,2.4
53,102,30.42,0,4.93
53,102,30.41,0,10.45
53,101,30.41,0,14.45
53,101,30.41,0,22.32
53,101,30.41,0,28.09
53,101,30.41,0,40.53
53,101,30.41,0,49.2
53,101,30.41,0,64.5
54,101,30.41,0,56.47
54,101,30.41,0,56.3
54,101,30.41,0,84.24
54,101,30.41,0,112.29
54,101,30.4,0,103.72
54,101,30.41,0,79.97
54,101,30.41,0,97.4
54,101,30.41,0,99.43
54,101,30.41,0,158.87
54,101,30.4,0,135.3
55,101,30.4,0,231.09
54,101,30.4,0,303.23
54,101,30.41,0,216.9
54,101,30.4,0,167.31
54,101,30.4,0,211.07
54,100,30.41,0,176.94
54,100,30.41,0,147.63
54,100,30.4,0,164.58
55,100,30.4,0,215.66
55,100,30.4,0,224.77
56,100,30.41,0,302.17
56,100,30.41,0,334.81
56,100,30.41,0,242.56
56,100,30.41,0,283.15
56,100,30.41,0,482.41
55,99,30.41,0,360.26
56,100,30.41,0,530.64
56,100,30.41,0,334.75
55,99,30.41,0,406.79
56,99,30.41,0,315.42
56,100,30.41,0,472.44
55,99,30.41,0,264.04
56,99,30.41,0,260.51
56,98,30.41,0,260.79
56,97,30.41,0,340.57
57,95,30.41,0,307.83
58,96,30.41,0,463.44
58,94,30.41,0,569.66
58,95,30.41,0,675.62
58,95,30.42,0,429.8
58,96,30.42,0,892.36
57,98,30.42,0,959.73
57,98,30.42,0,507.76
57,98,30.42,0,470.3
57,98,30.42,0,636.96
57,99,30.42,0,1288.17
56,99,30.42,0,659.12
57,98,30.43,0,479.0
57,97,30.43,0,1028.9
58,96,30.43,0,362.66
59,95,30.43,0,423.57
60,90,30.43,0,1238.14
59,89,30.43,0,1002.65
59,90,30.43,0,979.13
58,93,30.43,0,945.24
57,96,30.43,0,973.11
56,98,30.44,0,988.13
56,99,30.44,0,610.39
57,99,30.44,0,502.59
57,99,30.44,0,752.53
57,98,30.45,0,551.88
57,98,30.45,0,543.55
57,97,30.45,0,413.03
57,97,30.45,0,687.91
57,96,30.45,0,846.49
58,96,30.46,0,595.27
58,94,30.46,0,728.36
58,94,30.46,0,924.05
58,94,30.46,0,929.76
57,95,30.46,0,910.06
57,95,30.46,0,448.82
57,97,30.46,0,938.83
57,98,30.46,0,1012.21
57,99,30.46,0,709.96
57,99,30.46,0,644.53
57,99,30.47,0,942.25
57,99,30.47,0,619.44
56,98,30.47,0,987.64
57,98,30.47,0,531.55
57,97,30.47,0,356.62
57,97,30.47,0,405.15
57,96,30.47,0,951.92
57,97,30.47,0,948.15
57,97,30.47,0,557.25
57,96,30.47,0,672.54
56,96,30.47,0,700.04
56,94,30.48,0,445.56
57,94,30.48,0,399.3
57,94,30.47,0,553.52
57,95,30.48,0,485.57
56,96,30.48,0,571.02
55,96,30.48,0,531.88
55,97,30.48,0,677.09
54,97,30.48,0,678.82
55,95,30.48,0,335.01
56,94,30.48,0,470.54
56,93,30.48,0,555.9
56,96,30.47,0,688.08
55,97,30.47,0,601.59
55,97,30.47,0,610.58
54,95,30.47,0,580.4
55,95,30.47,0,501.0
55,92,30.47,0,570.06
57,91,30.47,0,546.99
57,92,30.47,0,470.66
56,91,30.47,0,455.35
55,96,30.47,0,434.0
54,98,30.47,0,453.59
54,97,30.47,0,307.12
54,97,30.46,0,198.58
55,96,30.46,0,303.91
55,96,30.46,0,376.57
54,96,30.46,0,427.06
54,97,30.46,0,444.23
54,98,30.46,0,410.82
54,99,30.45,0,352.05
53,100,30.45,0,338.33
53,100,30.45,0,274.04
52,100,30.45,0,257.81
52,100,30.45,0,248.32
52,100,30.45,0,204.79
51,100,30.45,0,136.81
51,100,30.45,0,98.51
51,99,30.45,0,68.45
51,99,30.45,0,71.03
50,98,30.45,0,71.18
50,98,30.44,0,82.24
50,97,30.44,0,55.0
49,95,30.44,0,33.18
49,96,30.44,0,29.0
49,97,30.44,0,22.88
48,97,30.44,0,12.44
48,97,30.44,0,7.65
48,98,30.44,0,4.74
48,99,30.44,0,2.83
48,99,30.43,0,1.93
48,99,30.43,0,1.21
48,99,30.44,0,1.21
48,99,30.44,0,1.19
48,98,30.43,0,1.24
48,97,30.43,0,1.23
48,96,30.43,0,1.24
47,95,30.43,0,1.24
47,94,30.43,0,1.26
47,94,30.43,0,1.26
47,95,30.43,0,1.25
48,96,30.43,0,1.26
48,98,30.42,0,1.28
47,99,30.43,0,1.25
47,99,30.42,0,1.25
47,100,30.42,0,1.28
47,100,30.42,0,1.28
48,101,30.42,0,1.27
48,101,30.42,0,1.26
48,101,30.42,0,1.26
48,101,30.42,0,1.26
48,101,30.42,0,1.27
48,101,30.42,0,1.25
48,101,30.42,0,1.26
48,101,30.42,0,1.25
48,101,30.42,0,1.28
49,101,30.42,0,1.29
49,101,30.42,0,1.23
49,101,30.42,0,1.28
49,101,30.42,0,1.26
49,101,30.42,0,1.18
49,101,30.42,0,1.2
49,101,30.42,0,1.25
49,101,30.42,0,1.22
49,101,30.43,0,1.24
50,101,30.43,0,1.28
49,101,30.43,0,1.28
49,101,30.43,0,1.25
49,101,30.43,0,1.25
49,101,30.43,0,1.26
49,101,30.43,0,1.25
49,101,30.43,0,1.24
50,101,30.43,0,1.28
50,101,30.43,0,1.25
50,101,30.43,0,1.3
50,101,30.43,0,1.27
50,101,30.43,0,1.24
50,101,30.44,0,1.26
50,101,30.44,0,1.27
50,101,30.44,0,1.28
51,101,30.45,0,1.28
51,101,30.45,0,1.26
51,101,30.45,0,1.27
51,101,30.45,0,1.34
51,101,30.45,0,1.25
51,101,30.45,0,1.27
51,101,30.45,0,1.27
51,101,30.45,0,1.28
51,101,30.45,0,1.25
51,101,30.45,0,1.26
51,101,30.45,0,1.28
51,101,30.45,0,1.27
51,101,30.46,0,1.27
51,101,30.46,0,1.27
51,101,30.46,0,1.26
50,101,30.46,0,1.3
50,101,30.46,0,1.27
50,101,30.46,0,1.29
50,101,30.46,0,1.27
50,101,30.46,0,1.26
50,101,30.46,0,1.27
50,101,30.46,0,1.28
50,101,30.47,0,1.26
51,101,30.46,0,1.27
51,102,30.46,0,1.3
51,102,30.47,0,1.28
51,102,30.46,0,1.28
51,102,30.47,0,1.28
51,102,30.47,0,1.27
51,102,30.47,0,1.3
51,102,30.47,0,1.31
51,102,30.47,0,1.28
51,102,30.47,0,1.28
50,102,30.47,0,1.26
51,102,30.47,0,1.29
51,102,30.47,0,1.27
51,102,30.47,0,1.28
51,102,30.47,0,1.24
51,102,30.47,0,1.29
50,102,30.47,0,1.27
50,102,30.47,0,1.27
50,102,30.47,0,1.26
50,102,30.47,0,1.27
51,102,30.47,0,1.26
51,102,30.47,0,1.25
51,102,30.47,0,1.31
51,102,30.47,0,1.3
51,102,30.47,0,1.24
51,102,30.47,0,1.28
51,102,30.47,0,1.3
51,102,30.47,0,1.27
51,102,30.47,0,1.26
52,102,30.47,0,1.27
52,102,30.47,0,1.29
51,102,30.47,0,1.25
51,102,30.47,0,1.28
51,102,30.47,0,1.25
51,102,30.47,0,1.29
51,102,30.47,0,1.28
51,102,30.47,0,1.24
51,102,30.47,0,1.28
51,102,30.47,0,1.24
52,102,30.47,0,1.26
51,102,30.47,0,1.31
51,102,30.47,0,1.29
51,102,30.47,0,1.33
51,102,30.46,0,1.24
52,102,30.46,0,1.31
52,102,30.46,0,1.26
52,102,30.46,0,1.29
52,102,30.46,0,1.27
52,102,30.46,0,1.29
52,102,30.46,0,1.28
51,102,30.46,0,1.27
51,102,30.45,0,1.27
51,102,30.45,0,1.27
50,102,30.45,0,1.26
51,102,30.45,0,1.28
52,102,30.45,0,1.28
52,102,30.45,0,1.27
52,102,30.45,0,1.33
52,102,30.45,0,1.22
52,102,30.44,0,1.27
52,102,30.44,0,1.32
52,102,30.44,0,1.29
52,102,30.44,0,1.29
52,102,30.44,0,1.29
52,102,30.44,0,1.74
52,102,30.44,0,1.98
51,102,30.44,0,2.22
52,102,30.44,0,4.61
52,102,30.44,0,8.17
52,102,30.44,0,16.23
52,102,30.44,0,26.05
52,102,30.44,0,37.06
52,101,30.44,0,88.6
52,101,30.44,0,19.16
52,101,30.44,0,33.44
53,101,30.43,0,63.53
53,101,30.43,0,68.09
53,101,30.43,0,77.67
53,101,30.43,0,87.28
53,101,30.43,0,56.91
53,101,30.43,0,82.0
53,101,30.43,0,114.32
53,101,30.43,0,112.33
53,101,30.43,0,67.39
53,101,30.43,0,79.92
53,101,30.43,0,198.5
53,101,30.42,0,153.46
53,101,30.42,0,190.03
54,101,30.42,0,142.93
54,101,30.42,0,174.48
54,101,30.42,0,108.29
54,101,30.42,0,155.63
54,101,30.42,0,295.9
54,101,30.42,0,282.29
54,101,30.42,0,303.12
54,101,30.42,0,195.33
55,101,30.42,0,218.21
55,101,30.42,0,411.41
55,101,30.42,0,276.83
55,101,30.42,0,305.5
55,101,30.42,0,333.17
55,101,30.42,0,250.26
55,101,30.42,0,326.2
55,101,30.42,0,359.02
55,101,30.42,0,404.0
55,100,30.42,0,522.48
55,100,30.42,0,446.54
55,100,30.42,0,559.85
55,100,30.42,0,439.4
55,100,30.42,0,630.06
56,100,30.42,0,406.87
56,100,30.42,0,487.41
55,100,30.42,0,575.09
55,100,30.42,0,272.32
56,100,30.42,0,346.05
56,100,30.42,0,464.12
56,99,30.42,0,365.79
56,100,30.43,0,466.45
56,100,30.42,0,602.58
55,99,30.43,0,796.37
56,98,30.43,0,408.27
57,98,30.43,0,404.37
57,96,30.43,0,474.35
57,95,30.43,0,352.81
57,95,30.43,0,520.91
58,95,30.44,0,1272.97
59,94,30.44,0,620.06
58,92,30.44,0,890.21
58,93,30.44,0,633.84
58,93,30.44,0,865.04
58,94,30.44,0,1154.39
58,94,30.44,0,979.36
58,95,30.44,0,953.49
58,95,30.45,0,1085.72
57,96,30.45,0,1105.0
57,97,30.45,0,1204.21
57,97,30.45,0,822.75
56,97,30.45,0,1231.42
56,98,30.45,0,708.8
56,98,30.45,0,544.82
57,99,30.46,0,856.91
57,98,30.46,0,913.44
57,98,30.46,0,1243.14
57,98,30.46,0,623.08
58,97,30.46,0,1054.1
57,97,30.46,0,757.47
57,97,30.46,0,1206.19
58,96,30.46,0,1166.39
58,94,30.46,0,991.04
59,88,30.46,0,1040.93
58,90,30.47,0,1040.39
57,99,30.47,0,719.65
56,100,30.47,0,774.04
55,100,30.47,0,707.63
55,100,30.47,0,292.22
55,100,30.48,0,570.12
54,99,30.48,0,840.76
54,99,30.48,0,305.67
54,98,30.48,0,288.95
54,97,30.48,0,331.42
55,96,30.48,0,385.92
55,96,30.48,0,479.31
56,95,30.48,0,615.0
56,95,30.48,0,370.53
56,95,30.48,0,731.63
55,97,30.48,0,565.38
55,97,30.47,0,688.05
55,97,30.47,0,321.55
56,94,30.48,0,342.1
56,97,30.48,0,324.13
55,99,30.48,0,807.99
54,100,30.48,0,844.65
54,100,30.48,0,828.01
54,100,30.48,0,914.52
54,100,30.48,0,239.76
54,99,30.47,0,546.25
54,100,30.47,0,406.69
54,100,30.47,0,759.64
54,100,30.47,0,554.86
54,100,30.47,0,554.46
53,100,30.47,0,620.88
54,100,30.47,0,387.86
54,100,30.47,0,339.24
54,100,30.47,0,232.62
54,101,30.47,0,296.68
54,101,30.47,0,478.06
53,101,30.47,0,451.34
53,101,30.47,0,366.92
52,101,30.47,0,487.45
52,101,30.47,0,313.63
52,101,30.47,0,199.84
52,101,30.46,0,165.65
52,101,30.46,0,77.31
52,101,30.46,0,204.54
51,101,30.46,0,158.17
51,101,30.46,0,130.18
51,101,30.46,0,59.44
51,101,30.46,0,88.38
51,101,30.46,0,107.43
51,100,30.46,0,77.74
51,100,30.45,0,68.25
50,100,30.45,0,35.06
50,100,30.45,0,15.95
50,99,30.45,0,17.13
50,99,30.45,0,20.99
50,98,30.45,0,11.19
49,99,30.45,0,8.38
49,100,30.45,0,6.63
49,100,30.44,0,5.13
49,101,30.44,0,3.69
49,101,30.44,0,2.4
49,101,30.44,0,1.67
49,101,30.44,0,1.44
50,101,30.44,0,1.29
50,101,30.44,0,1.27
50,101,30.44,0,1.26
50,101,30.44,0,1.28
50,101,30.44,0,1.27
50,101,30.44,0,1.28
50,101,30.44,0,1.26
50,101,30.44,0,1.28
50,101,30.44,0,1.29
50,101,30.44,0,1.29
50,101,30.44,0,1.3
50,101,30.44,0,1.28
50,101,30.44,0,1.26
50,101,30.43,0,1.27
50,100,30.44,0,1.29
51,100,30.43,0,1.26
51,100,30.43,0,1.27
50,100,30.43,0,1.27
50,100,30.43,0,1.28
50,100,30.43,0,1.27
50,100,30.43,0,1.27
50,100,30.43,0,1.25
50,100,30.43,0,1.26
50,100,30.43,0,1.26
50,100,30.43,0,1.27
50,100,30.43,0,1.29
50,100,30.43,0,1.24
50,100,30.43,0,1.26
50,100,30.43,0,1.27
50,100,30.43,0,1.26
50,100,30.43,0,1.29
51,100,30.43,0,1.26
51,100,30.43,0,1.27
50,100,30.43,0,1.29
50,100,30.43,0,1.26
50,100,30.43,0,1.31
50,100,30.43,0,1.28
50,100,30.43,0,1.29
50,100,30.43,0,1.27
50,100,30.43,0,1.28
50,100,30.43,0,1.32
50,100,30.43,0,1.28
50,100,30.43,0,1.28
50,100,30.43,0,1.25
50,100,30.43,0,1.28
50,100,30.44,0,1.26
50,100,30.43,0,1.23
51,100,30.44,0,1.3
51,100,30.44,0,1.26
51,100,30.44,0,1.28
51,100,30.44,0,1.28
51,100,30.44,0,1.26
51,99,30.44,0,1.28
51,99,30.44,0,1.29
50,99,30.44,0,1.26
50,99,30.44,0,1.3
50,98,30.45,0,1.27
50,98,30.45,0,1.26
50,98,30.45,0,1.29
49,97,30.45,0,1.24
49,97,30.45,0,1.26
49,95,30.45,0,1.24
48,94,30.45,0,1.26
48,92,30.45,0,1.25
48,88,30.45,0,1.24
49,84,30.45,0,1.27
49,77,30.46,0,1.29
48,79,30.46,0,1.27
46,100,30.42,0,1.2
46,100,30.42,0,1.21
46,99,30.42,0,1.22
46,99,30.42,0,1.2
46,99,30.42,0,1.18
46,99,30.41,0,1.21
46,100,30.41,0,1.24
46,100,30.41,0,1.25
46,101,30.41,0,1.18
46,101,30.41,0,1.19
46,100,30.41,0,1.19
46,100,30.41,0,1.17
46,100,30.41,0,1.23
46,100,30.4,0,1.25
47,100,30.4,0,1.18
47,100,30.4,0,1.18
47,100,30.4,0,2.01
47,100,30.4,0,3.06
47,100,30.4,0,6.44
47,99,30.39,0,13.51
47,99,30.39,0,10.92
47,100,30.39,0,14.12
47,100,30.39,0,24.03
47,100,30.4,0,29.6
47,99,30.4,0,31.44
47,99,30.4,0,34.53
47,99,30.4,0,38.15
47,98,30.4,0,37.09
47,97,30.4,0,34.89
48,97,30.4,0,28.29
48,96,30.4,0,41.01
49,95,30.39,0,69.63
49,94,30.39,0,89.42
50,92,30.39,0,71.85
50,90,30.39,0,70.0
50,88,30.38,0,94.54
50,89,30.38,0,186.28
49,91,30.39,0,191.05
49,97,30.39,0,250.53
49,97,30.39,0,267.87
49,97,30.39,0,474.86
48,97,30.39,0,488.67
48,97,30.39,0,340.8
48,97,30.39,0,243.04
48,96,30.39,0,199.25
49,95,30.39,0,135.85
49,96,30.38,0,174.16
48,98,30.38,0,218.02
48,97,30.38,0,229.59
48,96,30.38,0,265.0
48,93,30.38,0,262.97
49,93,30.38,0,286.57
49,90,30.38,0,282.43
49,89,30.38,0,245.73
49,88,30.39,0,308.04
49,89,30.39,0,307.57
49,91,30.39,0,376.3
49,92,30.39,0,447.56
49,93,30.38,0,415.35
49,96,30.39,0,362.48
49,95,30.39,0,309.13
49,95,30.39,0,346.94
48,98,30.39,0,424.93
47,99,30.4,0,986.79
47,100,30.4,0,963.02
47,100,30.4,0,316.77
48,100,30.39,0,674.76
48,99,30.39,0,477.33
48,100,30.4,0,250.06
48,99,30.4,0,534.59
49,99,30.4,0,348.55
49,99,30.4,0,388.74
49,99,30.4,0,445.25
49,98,30.4,0,301.91
49,99,30.4,0,583.0
50,99,30.4,0,616.64
50,99,30.4,0,428.5
50,99,30.4,0,728.07
49,100,30.41,0,769.8
49,100,30.41,0,783.02
49,100,30.41,0,691.04
49,100,30.41,0,782.75
49,100,30.41,0,709.15
48,99,30.41,0,692.11
49,99,30.41,0,462.95
49,99,30.41,0,549.09
49,98,30.42,0,439.94
49,98,30.42,0,419.91
49,96,30.42,0,603.7
50,96,30.42,0,303.37
50,95,30.42,0,810.26
50,93,30.43,0,436.71
51,91,30.43,0,385.84
50,92,30.43,0,828.01
50,98,30.43,0,1075.64
50,99,30.43,0,916.38
49,98,30.43,0,378.8
49,98,30.43,0,380.8
49,96,30.43,0,343.09
49,96,30.44,0,469.26
50,94,30.44,0,324.06
50,94,30.44,0,603.42
49,97,30.44,0,650.12
49,97,30.44,0,382.54
49,97,30.44,0,385.84
49,98,30.44,0,957.58
49,98,30.44,0,886.05
49,97,30.44,0,635.55
49,97,30.45,0,394.27
49,96,30.45,0,507.72
48,96,30.44,0,428.78
48,95,30.44,0,369.92
48,96,30.44,0,441.41
47,96,30.44,0,356.55
47,97,30.44,0,352.66
46,100,30.45,0,379.62
46,100,30.45,0,395.41
46,100,30.45,0,581.88
46,100,30.45,0,305.46
46,99,30.45,0,385.3
45,99,30.44,0,285.3
45,99,30.44,0,369.67
45,99,30.45,0,251.67
45,98,30.45,0,279.44
45,98,30.45,0,233.12
45,98,30.44,0,194.56
46,98,30.44,0,288.44
46,98,30.44,0,196.88
45,99,30.43,0,342.08
45,99,30.43,0,248.66
45,100,30.43,0,353.55
45,100,30.43,0,289.42
45,100,30.43,0,175.07
45,100,30.43,0,148.86
45,100,30.42,0,145.5
45,99,30.42,0,196.07
45,99,30.42,0,65.63
45,99,30.42,0,73.55
45,99,30.42,0,54.85
45,99,30.42,0,120.64
45,99,30.43,0,64.23
45,99,30.43,0,26.56
45,98,30.42,0,30.53
45,98,30.42,0,29.73
45,98,30.42,0,21.72
45,98,30.42,0,21.95
45,97,30.42,0,18.1
44,96,30.42,0,12.69
44,95,30.42,0,7.52
44,95,30.42,0,5.94
44,95,30.42,0,4.34
44,92,30.42,0,2.36
43,82,30.43,0,1.46
43,77,30.42,0,1.23
43,80,30.42,0,1.18
43,75,30.42,0,1.17
42,76,30.42,0,1.21
42,75,30.41,0,1.19
42,82,30.42,0,1.24
41,87,30.41,0,1.21
41,95,30.41,0,1.21
41,97,30.42,0,1.17
42,97,30.42,0,1.16
42,98,30.42,0,1.19
42,98,30.42,0,1.21
42,98,30.42,0,1.2
43,98,30.41,0,1.2
42,97,30.41,0,1.19
43,97,30.41,0,1.2
43,97,30.41,0,1.22
43,97,30.41,0,1.17
42,98,30.41,0,1.19
42,98,30.41,0,1.22
43,99,30.41,0,1.22
43,98,30.41,0,1.2
42,98,30.41,0,1.19
42,99,30.41,0,1.19
42,99,30.41,0,1.18
42,99,30.41,0,1.2
42,99,30.41,0,1.21
42,99,30.41,0,1.22
42,98,30.42,0,1.2
42,98,30.42,0,1.2
42,98,30.42,0,1.2
42,98,30.42,0,1.16
42,97,30.42,0,1.2
41,96,30.42,0,1.21
42,96,30.42,0,1.24
41,96,30.42,0,1.2
41,94,30.42,0,1.19
40,90,30.42,0,1.17
40,88,30.42,0,1.2
41,79,30.42,0,1.19
41,74,30.42,0,1.2
41,65,30.42,0,1.19
42,68,30.42,0,1.18
42,60,30.42,0,1.21
42,59,30.42,0,1.19
42,59,30.42,0,1.25
43,59,30.43,0,1.19
44,61,30.43,0,1.19
44,61,30.43,0,1.22
43,62,30.43,0,1.19
43,68,30.43,0,1.21
42,75,30.43,0,1.18
41,86,30.43,0,1.2
41,97,30.43,0,1.22
42,98,30.43,0,1.21
42,98,30.43,0,1.19
42,98,30.44,0,1.18
42,98,30.44,0,1.2
42,97,30.44,0,1.19
41,97,30.44,0,1.19
41,96,30.44,0,1.19
40,93,30.44,0,1.17
40,91,30.44,0,1.17
40,86,30.44,0,1.21
40,81,30.44,0,1.2
39,80,30.44,0,1.2
38,91,30.45,0,1.2
39,93,30.45,0,1.21
39,91,30.45,0,1.2
39,86,30.45,0,1.17
40,82,30.45,0,1.18
41,77,30.45,0,1.21
41,73,30.45,0,1.19
42,62,30.46,0,1.18
41,58,30.46,0,1.18
41,57,30.46,0,1.19
40,66,30.46,0,1.15
40,77,30.46,0,1.2
39,90,30.46,0,1.2
40,96,30.46,0,1.19
40,96,30.46,0,1.21
40,95,30.46,0,1.17
40,97,30.45,0,1.19
39,98,30.45,0,1.22
39,98,30.46,0,1.21
39,99,30.46,0,1.2
39,98,30.46,0,1.19
39,99,30.46,0,1.18
39,99,30.46,0,1.18
39,99,30.46,0,1.18
39,99,30.46,0,1.19
40,99,30.46,0,1.19
40,99,30.46,0,1.19
40,99,30.46,0,1.21
40,98,30.46,0,1.2
40,98,30.46,0,1.2
40,98,30.46,0,1.2
40,99,30.46,0,1.19
40,99,30.46,0,1.18
40,99,30.46,0,1.2
40,99,30.46,0,1.17
40,99,30.46,0,1.2
40,99,30.46,0,1.18
40,98,30.46,0,1.2
40,98,30.46,0,1.17
40,97,30.46,0,1.18
40,97,30.46,0,1.17
40,96,30.46,0,1.17
41,95,30.46,0,1.18
41,93,30.46,0,1.15
42,91,30.46,0,1.18
42,80,30.46,0,1.22
42,70,30.45,0,1.18
42,71,30.45,0,1.21
42,80,30.45,0,1.24
42,67,30.45,0,1.19
42,85,30.45,0,1.19
43,88,30.45,0,1.2
44,81,30.46,0,1.22
46,71,30.46,0,1.22
45,42,30.45,0,1.21
44,47,30.45,0,1.22
43,56,30.45,0,1.21
43,80,30.45,0,1.22
43,63,30.45,0,1.21
44,84,30.45,0,1.2
44,83,30.45,0,1.19
44,81,30.44,0,1.21
44,77,30.44,0,1.23
44,64,30.44,0,1.22
43,75,30.44,0,1.2
43,94,30.44,0,1.22
43,95,30.44,0,1.19
44,95,30.44,0,1.2
44,95,30.44,0,1.19
44,95,30.44,0,1.19
44,95,30.44,0,1.18
44,94,30.44,0,1.2
44,93,30.44,0,1.21
44,92,30.44,0,1.18
45,90,30.44,0,1.16
45,89,30.43,0,1.22
45,88,30.43,0,1.19
45,86,30.43,0,1.22
45,85,30.43,0,1.19
46,84,30.43,0,1.19
46,81,30.43,0,1.21
47,77,30.43,0,1.2
48,69,30.43,0,1.22
48,62,30.43,0,1.53
48,59,30.43,0,2.56
48,64,30.43,0,5.28
49,69,30.43,0,7.79
50,63,30.43,0,11.12
51,65,30.43,0,14.55
51,49,30.43,0,17.88
51,52,30.42,0,34.03
51,53,30.42,0,46.46
51,61,30.42,0,63.26
51,70,30.42,0,82.67
51,70,30.42,0,103.51
51,84,30.42,0,127.04
52,81,30.42,0,150.64
53,79,30.42,0,175.6
53,74,30.42,0,201.6
54,70,30.42,0,228.7
54,59,30.42,0,256.52
55,64,30.42,0,283.54
55,67,30.42,0,309.3
56,58,30.42,0,335.5
56,50,30.42,0,357.1
57,48,30.42,0,378.67
57,50,30.41,0,398.58
57,44,30.41,0,418.61
56,41,30.41,0,437.01
56,46,30.41,0,453.85
56,55,30.41,0,471.62
57,55,30.41,0,489.3
57,58,30.41,0,505.17
57,46,30.41,0,522.64
57,47,30.41,0,542.51
57,48,30.41,0,559.32
58,59,30.41,0,573.68
58,43,30.41,0,591.6
59,47,30.41,0,604.8
58,43,30.41,0,624.88
58,49,30.41,0,638.57
57,60,30.41,0,650.78
57,67,30.41,0,664.75
57,62,30.41,0,682.39
57,57,30.41,0,694.92
57,49,30.41,0,711.07
57,54,30.41,0,720.04
56,60,30.41,0,728.76
56,69,30.41,0,739.08
56,65,30.42,0,754.64
57,67,30.41,0,761.04
57,68,30.42,0,775.91
58,65,30.42,0,783.2
58,56,30.42,0,796.65
58,58,30.42,0,803.06
60,52,30.43,0,808.66
60,36,30.43,0,823.47
60,31,30.43,0,837.85
61,25,30.43,0,845.97
61,27,30.43,0,852.3
61,25,30.44,0,853.98
61,19,30.44,0,861.11
61,21,30.44,0,865.7
61,26,30.44,0,874.63
61,22,30.44,0,876.5
61,24,30.44,0,880.7
61,20,30.44,0,884.37
61,25,30.45,0,882.02
61,31,30.45,0,883.66
61,28,30.45,0,885.65
61,21,30.45,0,885.67
61,24,30.45,0,901.37
61,23,30.45,0,890.11
61,25,30.45,0,886.27
61,24,30.45,0,887.32
61,27,30.45,0,878.72
62,25,30.45,0,885.64
61,23,30.46,0,882.9
61,19,30.46,0,880.98
60,27,30.46,0,875.09
59,33,30.46,0,868.42
59,57,30.46,0,870.55
59,61,30.46,0,858.27
60,34,30.46,0,845.99
60,30,30.46,0,837.73
60,50,30.46,0,836.94
60,40,30.46,0,831.21
60,43,30.46,0,834.3
59,37,30.46,0,822.39
58,56,30.46,0,814.83
59,60,30.46,0,799.94
58,57,30.46,0,791.91
58,55,30.46,0,783.86
58,59,30.46,0,769.01
57,43,30.46,0,759.95
57,65,30.46,0,748.07
57,58,30.47,0,730.57
57,57,30.47,0,719.15
57,37,30.47,0,713.32
57,60,30.47,0,699.01
57,60,30.47,0,683.66
57,53,30.47,0,669.72
57,62,30.47,0,654.09
57,61,30.46,0,639.56
57,42,30.47,0,623.77
57,38,30.47,0,611.4
56,49,30.47,0,597.56
57,45,30.47,0,585.17
58,58,30.47,0,569.9
59,17,30.47,0,549.11
58,18,30.47,0,537.19
58,19,30.47,0,508.32
58,18,30.46,0,498.56
57,20,30.46,0,484.9
57,20,30.46,0,471.45
57,20,30.46,0,443.93
56,20,30.46,0,405.21
55,20,30.46,0,404.43
54,21,30.46,0,373.31
53,23,30.46,0,363.18
51,25,30.46,0,349.44
49,33,30.46,0,329.76
48,48,30.46,0,297.42
47,47,30.46,0,280.99
47,50,30.46,0,256.18
47,35,30.46,0,41.8
46,43,30.45,0,36.78
45,38,30.45,0,35.0
45,54,30.45,0,34.61
44,67,30.45,0,34.57
44,67,30.45,0,34.26
44,71,30.45,0,32.99
44,68,30.45,0,30.41
44,62,30.45,0,27.29
44,45,30.45,0,24.17
45,26,30.45,0,20.87
45,27,30.45,0,17.66
45,22,30.45,0,13.14
46,22,30.45,0,8.28
45,21,30.45,0,6.9
45,22,30.45,0,6.24
46,23,30.45,0,3.22
46,22,30.45,0,1.2
45,22,30.45,0,1.2
45,23,30.45,0,1.22
45,24,30.44,0,1.2
45,26,30.44,0,1.24
45,23,30.44,0,1.2
45,23,30.44,0,1.19
44,23,30.44,0,1.22
44,27,30.44,0,1.25
45,25,30.44,0,1.21
45,25,30.44,0,1.24
44,24,30.43,0,1.23
44,25,30.44,0,1.23
43,26,30.43,0,1.21
43,27,30.43,0,1.19
44,31,30.43,0,1.2
45,32,30.44,0,1.19
45,23,30.44,0,1.21
44,25,30.44,0,1.19
45,26,30.44,0,1.22
45,25,30.44,0,1.23
44,26,30.44,0,1.24
44,26,30.44,0,1.2
44,27,30.44,0,1.21
44,28,30.44,0,1.19
44,28,30.44,0,1.22
43,28,30.44,0,1.2
43,30,30.44,0,1.19
42,33,30.44,0,1.2
42,49,30.44,0,1.19
43,65,30.44,0,1.17
43,68,30.44,0,1.19
45,53,30.44,0,1.22
45,26,30.44,0,1.2
45,26,30.44,0,1.22
46,27,30.44,0,1.2
46,27,30.44,0,1.23
45,28,30.44,0,1.19
44,31,30.44,0,1.19
42,37,30.44,0,1.2
42,84,30.44,0,1.21
44,88,30.44,0,1.2
45,80,30.44,0,1.21
46,41,30.44,0,1.2
46,25,30.44,0,1.21
46,26,30.43,0,1.2
45,26,30.43,0,1.22
45,28,30.44,0,1.2
44,34,30.44,0,1.19
44,78,30.44,0,1.21
45,74,30.44,0,1.2
47,72,30.44,0,1.24
48,22,30.44,0,1.21
48,24,30.44,0,1.24
48,23,30.44,0,1.24
48,24,30.44,0,1.26
48,24,30.44,0,1.24
48,26,30.44,0,1.19
47,26,30.44,0,1.25
47,27,30.44,0,1.2
47,27,30.44,0,1.23
46,30,30.44,0,1.23
46,32,30.44,0,1.23
46,38,30.44,0,1.21
45,36,30.45,0,1.18
45,41,30.45,0,1.21
45,50,30.45,0,1.22
45,49,30.45,0,1.17
45,53,30.45,0,1.18
45,57,30.46,0,1.22
45,63,30.46,0,1.21
45,61,30.45,0,1.24
45,67,30.46,0,1.21
45,84,30.46,0,1.23
45,92,30.46,0,1.2
46,94,30.46,0,1.22
45,96,30.46,0,1.21
45,96,30.46,0,1.19
45,96,30.46,0,1.21
45,96,30.46,0,1.2
45,96,30.46,0,1.2
45,95,30.47,0,1.21
45,95,30.47,0,1.22
46,95,30.47,0,1.2
46,94,30.47,0,1.21
46,94,30.47,0,1.2
46,94,30.48,0,1.24
46,93,30.48,0,1.21
46,91,30.48,0,1.21
46,90,30.48,0,1.24
47,90,30.48,0,1.21
47,86,30.48,0,1.22
46,84,30.48,0,1.2
46,80,30.48,0,1.19
47,79,30.48,0,1.24
47,74,30.48,0,1.21
48,54,30.48,0,1.24
48,43,30.47,0,1.18
47,39,30.47,0,1.22
47,38,30.47,0,1.25
47,43,30.47,0,1.24
47,46,30.47,0,1.17
47,44,30.47,0,1.23
46,42,30.47,0,1.21
46,39,30.47,0,1.22
46,29,30.47,0,1.22
45,30,30.47,0,1.22
44,31,30.47,0,1.22
43,34,30.47,0,1.22
43,62,30.48,0,1.19
43,67,30.48,0,1.2
43,70,30.48,0,1.18
44,73,30.48,0,1.21
45,80,30.48,0,1.2
47,50,30.48,0,1.22
47,27,30.48,0,1.19
47,28,30.48,0,1.22
47,29,30.48,0,1.21
47,29,30.48,0,1.2
46,31,30.48,0,1.24
45,33,30.48,0,1.18
44,40,30.48,0,1.21
43,61,30.48,0,1.2
44,92,30.48,0,1.2
44,89,30.48,0,1.2
44,87,30.48,0,1.19
44,91,30.47,0,1.21
44,93,30.47,0,1.21
45,95,30.48,0,1.18
45,94,30.47,0,1.19
45,92,30.48,0,1.2
45,91,30.47,0,1.2
45,93,30.47,0,1.19
45,91,30.47,0,1.2
46,87,30.47,0,1.21
46,83,30.47,0,1.23
48,80,30.47,0,1.21
50,63,30.46,0,1.21
50,29,30.46,0,1.25
49,30,30.46,0,1.26
50,32,30.46,0,1.2
50,32,30.46,0,1.19
50,31,30.46,0,1.25
50,30,30.45,0,1.26
51,29,30.45,0,1.24
51,29,30.45,0,1.2
50,31,30.45,0,1.25
50,38,30.45,0,1.25
50,40,30.45,0,1.23
50,44,30.45,0,2.39
49,54,30.45,0,3.87
49,70,30.45,0,5.1
49,87,30.45,0,5.89
49,86,30.45,0,8.56
50,83,30.45,0,13.83
50,85,30.45,0,21.34
50,82,30.45,0,39.68
50,85,30.44,0,55.12
50,86,30.44,0,74.73
51,85,30.44,0,58.95
51,84,30.44,0,118.35
50,90,30.44,0,155.86
50,94,30.44,0,191.22
50,95,30.44,0,175.43
50,94,30.44,0,142.96
50,94,30.44,0,128.7
51,94,30.44,0,185.8
51,93,30.44,0,283.71
51,93,30.44,0,274.65
51,93,30.43,0,269.17
52,93,30.43,0,226.97
53,92,30.43,0,244.94
53,91,30.43,0,354.17
53,90,30.43,0,350.24
53,89,30.43,0,322.91
53,88,30.43,0,340.32
53,87,30.43,0,384.45
54,87,30.43,0,432.97
54,86,30.43,0,419.29
54,84,30.43,0,453.66
55,82,30.43,0,477.17
55,81,30.43,0,469.2
55,80,30.43,0,526.37
55,79,30.43,0,591.15
56,77,30.43,0,613.69
56,74,30.43,0,599.57
56,72,30.43,0,446.26
55,73,30.43,0,647.45
55,78,30.43,0,716.76
54,79,30.43,0,698.61
55,79,30.43,0,679.63
55,79,30.43,0,642.65
56,78,30.43,0,714.55
55,76,30.43,0,722.17
55,72,30.43,0,746.54
55,74,30.43,0,757.49
55,75,30.44,0,769.68
55,78,30.44,0,456.77
55,78,30.44,0,796.37
56,80,30.44,0,796.52
57,76,30.43,0,799.77
56,73,30.43,0,813.82
56,75,30.44,0,800.16
56,77,30.43,0,844.53
55,79,30.44,0,767.5
56,78,30.44,0,676.01
57,75,30.44,0,694.78
57,68,30.44,0,873.39
57,72,30.44,0,734.85
56,74,30.45,0,837.4
57,74,30.45,0,869.97
57,73,30.45,0,872.82
57,68,30.45,0,880.01
58,63,30.46,0,881.21
58,66,30.46,0,881.45
57,62,30.46,0,881.33
56,70,30.46,0,877.08
56,73,30.46,0,876.11
56,69,30.46,0,875.72
55,78,30.47,0,874.43
55,81,30.47,0,873.95
55,78,30.47,0,871.7
56,78,30.47,0,870.62
55,77,30.47,0,869.57
55,69,30.47,0,866.64
56,76,30.48,0,859.22
55,70,30.48,0,860.04
56,79,30.47,0,855.77
56,80,30.48,0,851.36
55,79,30.48,0,846.33
55,80,30.48,0,838.04
55,80,30.48,0,833.99
54,79,30.48,0,825.92
54,81,30.48,0,820.39
54,74,30.48,0,810.56
55,64,30.48,0,804.2
54,51,30.48,0,796.64
54,53,30.48,0,788.52
53,52,30.48,0,778.24
53,54,30.48,0,768.83
52,70,30.48,0,755.83
53,71,30.49,0,746.74
53,62,30.49,0,734.27
53,52,30.49,0,723.52
54,49,30.48,0,710.57
54,50,30.48,0,697.2
53,51,30.48,0,683.54
53,50,30.48,0,668.23
53,68,30.49,0,652.97
52,65,30.48,0,640.23
51,71,30.48,0,625.13
51,81,30.48,0,610.21
51,72,30.48,0,593.22
51,77,30.48,0,577.9
51,75,30.48,0,561.45
51,76,30.48,0,545.95
51,84,30.48,0,530.2
51,69,30.48,0,514.38
50,87,30.48,0,496.52
51,86,30.48,0,479.62
51,70,30.48,0,460.81
50,77,30.47,0,442.93
48,84,30.47,0,424.72
48,95,30.47,0,408.53
47,94,30.47,0,382.72
47,98,30.47,0,370.54
47,99,30.47,0,344.62
46,100,30.47,0,320.35
46,101,30.47,0,299.46
45,101,30.47,0,273.3
45,101,30.47,0,248.69
45,101,30.46,0,56.3
45,101,30.46,0,61.52
45,101,30.46,0,64.43
45,101,30.46,0,36.09
45,101,30.46,0,31.82
45,101,30.46,0,19.51
44,100,30.46,0,18.42
44,100,30.46,0,17.27
44,100,30.46,0,16.6
45,100,30.46,0,24.78
45,100,30.46,0,18.13
45,100,30.46,0,10.93
45,100,30.46,0,7.82
45,100,30.46,0,5.69
44,100,30.46,0,4.23
45,100,30.46,0,2.64
45,100,30.46,0,1.48
44,100,30.45,0,1.2
44,99,30.45,0,1.21
44,99,30.45,0,1.18
44,99,30.45,0,1.2
44,99,30.44,0,1.2
44,98,30.44,0,1.2
44,97,30.45,0,1.22
44,97,30.44,0,1.2
43,95,30.44,0,1.22
43,95,30.44,0,1.19
43,94,30.44,0,1.21
43,91,30.44,0,1.21
43,88,30.44,0,1.23
43,87,30.44,0,1.19
43,87,30.44,0,1.17
42,82,30.43,0,1.18
42,80,30.43,0,1.2
43,77,30.43,0,1.17
43,70,30.43,0,1.21
44,64,30.43,0,1.19
44,55,30.43,0,1.2
44,49,30.43,0,1.23
44,48,30.43,0,1.2
44,51,30.43,0,1.21
44,53,30.43,0,1.22
44,53,30.43,0,1.19
44,53,30.43,0,1.2
43,56,30.43,0,1.17
42,57,30.43,0,1.19
42,63,30.43,0,1.24
42,69,30.43,0,1.23
42,85,30.43,0,1.18
42,98,30.43,0,1.19
43,100,30.43,0,1.21
43,101,30.43,0,1.19
43,101,30.44,0,1.23
43,100,30.44,0,1.21
43,100,30.44,0,1.19
44,100,30.44,0,1.18
44,100,30.44,0,1.19
44,100,30.44,0,1.22
44,100,30.44,0,1.2
44,100,30.44,0,1.2
45,100,30.44,0,1.23
45,100,30.44,0,1.22
45,100,30.44,0,1.18
45,99,30.45,0,1.19
45,99,30.45,0,1.23
45,99,30.45,0,1.23
45,99,30.45,0,1.2
45,98,30.45,0,1.23
45,98,30.45,0,1.21
45,97,30.45,0,1.2
45,97,30.45,0,1.19
45,98,30.45,0,1.19
45,99,30.45,0,1.2
45,100,30.45,0,1.21
45,100,30.45,0,1.2
45,100,30.45,0,1.21
45,99,30.45,0,1.23
45,99,30.46,0,1.21
45,99,30.46,0,1.21
45,99,30.46,0,1.2
45,99,30.46,0,1.19
45,98,30.46,0,1.22
45,98,30.46,0,1.21
45,97,30.46,0,1.22
45,96,30.46,0,1.2
45,95,30.46,0,1.19
45,94,30.46,0,1.2
45,93,30.46,0,1.21
45,89,30.46,0,1.2
46,85,30.46,0,1.18
46,75,30.46,0,1.22
47,74,30.46,0,1.22
47,49,30.46,0,1.21
46,48,30.46,0,1.21
46,61,30.47,0,1.23
46,67,30.47,0,1.25
46,68,30.47,0,1.21
45,65,30.47,0,1.19
46,60,30.48,0,1.21
46,59,30.48,0,1.25
46,49,30.48,0,1.22
46,45,30.48,0,1.2
46,44,30.48,0,1.2
45,46,30.48,0,1.2
43,49,30.48,0,1.2
42,69,30.48,0,1.2
43,91,30.48,0,1.18
43,86,30.48,0,1.21
44,79,30.48,0,1.19
44,50,30.49,0,1.2
44,42,30.48,0,1.21
43,52,30.49,0,1.2
44,59,30.49,0,1.2
44,60,30.48,0,1.2
44,47,30.48,0,1.21
45,47,30.48,0,1.2
45,31,30.48,0,1.22
45,37,30.48,0,1.21
45,48,30.48,0,1.2
46,39,30.48,0,1.23
46,36,30.48,0,1.24
46,37,30.47,0,1.21
45,41,30.47,0,1.24
43,49,30.47,0,1.21
44,79,30.47,0,1.24
45,81,30.47,0,1.19
47,40,30.48,0,1.25
47,37,30.48,0,1.22
46,37,30.48,0,1.2
45,45,30.48,0,1.19
45,72,30.48,0,1.22
45,82,30.48,0,1.18
45,86,30.48,0,1.19
45,88,30.48,0,1.23
45,88,30.48,0,1.18
45,87,30.48,0,1.21
45,86,30.48,0,1.17
45,89,30.48,0,1.2
45,88,30.47,0,1.18
45,85,30.48,0,1.2
45,81,30.47,0,1.2
44,76,30.47,0,1.21
44,70,30.47,0,1.23
45,63,30.47,0,1.2
45,56,30.47,0,1.19
47,41,30.47,0,1.16
48,32,30.46,0,1.22
48,31,30.46,0,1.22
49,32,30.46,0,1.21
49,28,30.46,0,1.21
48,29,30.46,0,1.24
48,32,30.46,0,1.25
48,34,30.46,0,1.2
50,37,30.45,0,1.22
50,29,30.45,0,1.19
50,30,30.45,0,1.23
50,31,30.45,0,1.23
50,28,30.45,0,1.2
51,29,30.45,0,1.23
51,27,30.44,0,1.22
51,28,30.44,0,1.21
51,27,30.44,0,1.23
51,26,30.44,0,1.22
51,28,30.44,0,1.21
51,28,30.44,0,1.22
51,28,30.44,0,1.23
52,27,30.43,0,2.0
52,28,30.43,0,4.79
52,30,30.43,0,5.51
53,30,30.44,0,11.61
53,28,30.44,0,14.56
54,29,30.44,0,26.85
54,27,30.43,0,37.6
55,28,30.43,0,58.78
55,28,30.43,0,78.86
55,27,30.43,0,105.52
56,26,30.43,0,130.6
56,26,30.43,0,152.95
56,28,30.43,0,148.13
56,31,30.43,0,136.31
56,31,30.43,0,172.18
55,35,30.42,0,207.77
54,60,30.42,0,235.67
54,69,30.42,0,252.0
54,60,30.42,0,284.84
53,64,30.42,0,312.42
52,79,30.42,0,304.46
53,78,30.42,0,323.92
54,74,30.42,0,363.68
55,69,30.42,0,344.8
57,67,30.42,0,386.41
58,33,30.42,0,436.96
56,38,30.42,0,410.6
54,59,30.41,0,458.58
53,82,30.42,0,408.29
53,81,30.42,0,484.26
54,77,30.42,0,524.17
55,73,30.42,0,536.93
56,66,30.42,0,489.92
59,61,30.42,0,557.43
59,27,30.42,0,578.66
59,32,30.41,0,601.32
57,49,30.41,0,647.43
56,70,30.41,0,640.74
55,64,30.41,0,635.26
54,80,30.41,0,624.47
53,85,30.41,0,655.85
53,84,30.42,0,711.93
54,83,30.42,0,708.86
55,79,30.42,0,689.49
55,81,30.42,0,675.99
56,79,30.41,0,698.97
55,79,30.42,0,787.33
57,74,30.42,0,805.71
59,68,30.41,0,685.64
59,33,30.42,0,722.71
58,63,30.42,0,670.73
59,65,30.42,0,656.03
61,59,30.43,0,754.74
62,24,30.43,0,754.55
62,26,30.43,0,791.61
60,29,30.43,0,795.51
59,63,30.43,0,788.74
60,66,30.43,0,818.01
59,37,30.43,0,804.46
58,59,30.43,0,835.47
57,66,30.43,0,774.15
57,68,30.43,0,866.42
57,78,30.43,0,869.77
57,77,30.43,0,839.26
57,77,30.44,0,864.66
57,71,30.44,0,875.5
58,73,30.44,0,782.87
58,71,30.44,0,761.8
58,59,30.45,0,778.13
56,74,30.44,0,838.67
56,82,30.45,0,743.86
56,77,30.45,0,689.16
56,76,30.45,0,759.73
57,78,30.45,0,557.33
57,76,30.45,0,707.27
59,69,30.45,0,770.39
60,36,30.45,0,733.95
58,45,30.45,0,820.9
56,69,30.45,0,785.04
54,82,30.45,0,920.24
53,88,30.46,0,879.59
53,89,30.46,0,876.13
53,87,30.46,0,815.54
53,89,30.46,0,798.15
52,89,30.46,0,700.97
52,90,30.46,0,711.42
52,88,30.46,0,758.34
54,85,30.47,0,481.67
54,72,30.46,0,780.74
53,80,30.47,0,829.53
53,82,30.47,0,740.63
52,81,30.47,0,723.57
51,79,30.47,0,766.97
51,83,30.47,0,759.41
50,79,30.47,0,603.35
50,70,30.47,0,650.13
51,65,30.47,0,635.82
51,58,30.47,0,470.2
50,67,30.47,0,593.8
49,72,30.47,0,622.12
49,66,30.47,0,564.42
50,68,30.47,0,495.18
50,72,30.47,0,562.09
52,71,30.47,0,533.01
51,59,30.47,0,465.38
50,66,30.47,0,487.56
49,76,30.46,0,455.1
51,77,30.46,0,458.28
53,39,30.46,0,410.17
52,36,30.46,0,360.03
51,40,30.46,0,401.1
50,53,30.46,0,372.56
50,54,30.46,0,303.48
51,66,30.46,0,390.48
51,44,30.46,0,380.42
50,44,30.46,0,349.91
48,48,30.46,0,399.87
47,50,30.46,0,355.3
46,54,30.46,0,286.35
44,57,30.46,0,300.94
44,68,30.46,0,244.43
45,56,30.46,0,216.67
44,54,30.46,0,103.54
44,52,30.46,0,93.82
43,55,30.45,0,86.09
42,57,30.45,0,79.91
42,66,30.45,0,73.89
42,63,30.46,0,67.76
41,62,30.46,0,61.62
41,67,30.46,0,54.5
41,84,30.45,0,46.96
41,85,30.45,0,38.46
41,78,30.46,0,29.79
40,72,30.46,0,21.5
40,72,30.45,0,13.55
40,71,30.45,0,7.18
40,73,30.45,0,4.26
39,79,30.45,0,2.39
39,81,30.45,0,3.97
39,79,30.45,0,1.21
40,76,30.45,0,1.18
40,66,30.45,0,1.23
40,58,30.44,0,1.2
41,54,30.44,0,1.18
40,52,30.44,0,1.17
40,57,30.44,0,1.18
40,57,30.44,0,1.19
39,63,30.44,0,1.17
40,63,30.44,0,1.2
40,63,30.43,0,1.17
42,58,30.43,0,1.19
43,46,30.43,0,1.18
43,47,30.43,0,1.22
42,48,30.43,0,1.18
42,50,30.43,0,1.22
41,51,30.43,0,1.2
41,52,30.43,0,1.18
41,53,30.43,0,1.18
41,53,30.43,0,1.2
41,53,30.43,0,1.19
41,53,30.43,0,1.18
42,53,30.43,0,1.21
42,52,30.43,0,1.22
41,54,30.43,0,1.2
41,55,30.43,0,1.17
41,56,30.43,0,1.22
41,57,30.43,0,1.18
41,59,30.43,0,1.19
41,58,30.43,0,1.2
42,57,30.43,0,1.19
42,54,30.43,0,1.19
42,56,30.43,0,1.22
42,56,30.42,0,1.23
42,55,30.43,0,1.19
42,55,30.43,0,1.19
42,56,30.43,0,1.19
43,56,30.43,0,1.2
42,55,30.42,0,1.21
42,57,30.43,0,1.21
42,59,30.43,0,1.18
42,59,30.42,0,1.17
42,60,30.42,0,1.18
42,62,30.42,0,1.18
41,71,30.42,0,1.22
40,96,30.42,0,1.17
41,97,30.43,0,1.17
41,96,30.43,0,1.19
42,93,30.43,0,1.21
42,88,30.43,0,1.17
42,65,30.44,0,1.2
42,65,30.43,0,1.19
43,64,30.44,0,1.24
42,67,30.44,0,1.18
43,76,30.44,0,1.18
44,86,30.44,0,1.24
44,65,30.44,0,1.21
43,68,30.44,0,1.2
43,74,30.44,0,1.16
43,88,30.44,0,1.2
43,101,30.45,0,1.16
44,101,30.45,0,1.2
44,101,30.45,0,1.19
45,101,30.45,0,1.23
45,101,30.45,0,1.19
45,101,30.45,0,1.19
45,101,30.46,0,1.24
45,101,30.46,0,1.21
46,101,30.46,0,1.21
46,101,30.46,0,1.21
46,101,30.46,0,1.22
46,101,30.46,0,1.23
46,101,30.46,0,1.25
47,101,30.46,0,1.23
47,101,30.46,0,1.25
47,101,30.46,0,1.22
47,101,30.46,0,1.18
47,101,30.46,0,1.17
47,101,30.47,0,1.25
47,101,30.47,0,1.24
47,101,30.47,0,1.25
47,101,30.47,0,1.18
47,101,30.47,0,1.2
47,101,30.46,0,1.22
47,101,30.47,0,1.2
47,100,30.47,0,1.2
47,100,30.47,0,1.21
47,100,30.47,0,1.24
47,100,30.47,0,1.17
46,100,30.47,0,1.21
46,100,30.47,0,1.24
46,99,30.47,0,1.19
46,99,30.48,0,1.23
46,99,30.48,0,1.21
46,100,30.47,0,1.21
46,100,30.47,0,1.21
46,100,30.48,0,1.23
46,100,30.47,0,1.17
46,100,30.48,0,1.18
46,100,30.48,0,1.24
46,100,30.47,0,1.18
46,100,30.47,0,1.21
46,100,30.48,0,1.22
46,100,30.48,0,1.18
46,100,30.48,0,1.22
46,100,30.48,0,1.2
46,100,30.47,0,1.21
45,100,30.47,0,1.25
46,100,30.48,0,1.23
46,100,30.47,0,1.21
46,100,30.47,0,1.17
46,100,30.47,0,1.19
46,100,30.47,0,1.18
47,100,30.47,0,1.24
47,100,30.47,0,1.27
47,100,30.47,0,1.2
47,100,30.47,0,1.22
47,99,30.47,0,1.22
47,99,30.47,0,1.23
47,99,30.47,0,1.22
47,99,30.47,0,1.25
47,99,30.47,0,1.21
47,98,30.47,0,1.21
47,98,30.46,0,1.19
47,97,30.47,0,1.22
46,95,30.47,0,1.18
46,93,30.47,0,1.2
46,91,30.46,0,1.19
46,89,30.46,0,1.21
46,91,30.46,0,1.22
46,99,30.46,0,1.19
47,99,30.46,0,1.21
47,99,30.46,0,1.22
47,99,30.46,0,1.23
47,99,30.46,0,1.22
47,99,30.46,0,1.23
47,98,30.45,0,1.23
47,98,30.45,0,1.17
47,97,30.45,0,1.23
46,97,30.45,0,1.2
46,97,30.45,0,1.21
47,97,30.45,0,1.19
47,97,30.45,0,1.22
47,97,30.45,0,1.17
47,97,30.45,0,1.2
47,97,30.45,0,1.22
47,97,30.45,0,1.2
48,97,30.45,0,1.22
47,96,30.45,0,1.21
47,94,30.45,0,2.81
47,93,30.45,0,4.97
47,91,30.44,0,5.52
47,87,30.45,0,5.83
47,86,30.44,0,15.29
47,92,30.44,0,27.19
47,96,30.44,0,24.81
48,95,30.44,0,34.67
48,97,30.44,0,42.92
48,97,30.44,0,59.56
48,98,30.44,0,119.62
48,97,30.44,0,127.25
48,97,30.44,0,64.07
49,97,30.44,0,65.1
49,96,30.44,0,101.39
49,96,30.44,0,90.92
50,97,30.44,0,203.29
49,96,30.44,0,276.56
50,94,30.44,0,138.95
50,93,30.43,0,207.21
51,91,30.43,0,234.38
52,90,30.43,0,204.21
52,88,30.43,0,258.91
52,87,30.43,0,387.26
52,85,30.43,0,429.24
53,82,30.43,0,420.7
53,79,30.43,0,452.8
53,76,30.43,0,416.5
53,74,30.43,0,456.52
52,70,30.43,0,479.69
53,64,30.43,0,511.68
53,63,30.43,0,545.1
53,59,30.43,0,553.26
52,64,30.43,0,561.11
52,65,30.43,0,580.77
52,59,30.43,0,601.47
52,58,30.43,0,612.24
52,61,30.43,0,629.64
52,61,30.43,0,649.09
51,61,30.43,0,671.16
51,72,30.43,0,684.59
50,81,30.43,0,694.69
50,82,30.43,0,707.66
50,87,30.43,0,709.43
50,86,30.43,0,724.57
50,85,30.43,0,744.25
50,82,30.43,0,759.62
51,79,30.43,0,764.07
51,80,30.43,0,770.9
50,84,30.43,0,795.65
50,84,30.43,0,805.84
50,87,30.43,0,816.35
49,89,30.43,0,833.36
49,89,30.44,0,831.8
49,88,30.44,0,823.15
49,91,30.44,0,827.36
49,92,30.44,0,820.95
49,90,30.44,0,826.86
49,91,30.44,0,824.62
49,90,30.45,0,833.25
48,95,30.45,0,881.11
49,95,30.45,0,920.03
49,93,30.45,0,912.05
49,94,30.45,0,564.71
49,95,30.46,0,610.37
49,95,30.46,0,981.47
49,96,30.46,0,946.11
49,96,30.46,0,900.22
49,95,30.46,0,351.3
49,98,30.47,0,963.3
49,96,30.47,0,941.42
49,96,30.47,0,921.13
49,97,30.47,0,991.18
48,99,30.47,0,787.9
47,100,30.47,0,808.38
47,101,30.48,0,397.08
48,101,30.48,0,501.65
48,101,30.48,0,373.28
47,101,30.48,0,388.53
47,101,30.48,0,794.01
47,101,30.49,0,478.82
47,101,30.49,0,353.89
46,101,30.48,0,288.44
47,102,30.49,0,392.71
47,102,30.49,0,292.08
46,102,30.49,0,352.73
46,102,30.49,0,487.59
47,102,30.49,0,438.68
48,102,30.49,0,422.61
47,102,30.49,0,348.3
47,102,30.49,0,527.13
47,102,30.49,0,295.01
47,102,30.5,0,235.89
47,102,30.5,0,233.64
47,102,30.5,0,299.21
47,102,30.5,0,211.23
47,102,30.5,0,430.8
46,102,30.5,0,355.61
46,102,30.5,0,338.75
46,102,30.5,0,192.64
47,102,30.5,0,213.83
47,102,30.5,0,237.99
47,102,30.5,0,216.29
47,102,30.5,0,219.92
47,102,30.5,0,249.75
47,102,30.5,0,273.49
48,102,30.5,0,148.15
48,102,30.5,0,248.97
47,102,30.49,0,310.4
46,102,30.49,0,312.22
46,102,30.5,0,241.43
45,102,30.49,0,187.54
45,102,30.49,0,194.59
46,102,30.49,0,129.88
46,102,30.49,0,130.96
46,102,30.49,0,129.08
45,102,30.49,0,126.61
45,102,30.49,0,113.0
45,102,30.49,0,123.55
45,102,30.49,0,123.37
46,102,30.49,0,113.31
46,102,30.49,0,91.03
46,102,30.49,0,109.58
45,102,30.49,0,76.83
45,101,30.49,0,89.49
46,101,30.49,0,62.99
46,102,30.48,0,51.12
47,102,30.48,0,41.91
47,102,30.48,0,34.99
47,102,30.48,0,23.45
47,101,30.48,0,26.08
47,101,30.48,0,11.49
47,101,30.47,0,8.62
47,101,30.47,0,6.15
47,101,30.47,0,2.96
47,101,30.47,0,2.01
47,101,30.47,0,1.44
46,101,30.47,0,1.22
46,101,30.47,0,1.18
46,101,30.47,0,1.19
46,101,30.46,0,1.2
46,101,30.46,0,1.19
46,101,30.46,0,1.21
46,101,30.46,0,1.23
46,101,30.46,0,1.21
46,101,30.46,0,1.2
47,101,30.46,0,1.16
47,101,30.46,0,1.28
47,100,30.46,0,1.19
47,100,30.46,0,1.2
47,100,30.46,0,1.22
46,100,30.46,0,1.24
46,100,30.46,0,1.23
46,100,30.45,0,1.22
46,99,30.45,0,1.22
46,99,30.45,0,1.2
45,100,30.45,0,1.21
45,100,30.46,0,1.21
45,101,30.45,0,1.2
45,101,30.46,0,1.23
45,101,30.45,0,1.22
45,101,30.45,0,1.23
46,101,30.46,0,1.23
46,101,30.46,0,1.18
46,101,30.46,0,1.19
46,101,30.46,0,1.22
46,101,30.46,0,1.23
46,101,30.46,0,1.21
46,101,30.46,0,1.25
46,101,30.46,0,1.23
46,101,30.46,0,1.18
46,101,30.46,0,1.19
46,101,30.46,0,1.22
46,101,30.46,0,1.22
46,101,30.46,0,1.19
46,101,30.46,0,1.2
46,101,30.46,0,1.2
46,101,30.46,0,1.19
46,100,30.46,0,1.22
46,100,30.46,0,1.21
46,100,30.46,0,1.22
46,100,30.46,0,1.24
46,99,30.47,0,1.22
45,99,30.47,0,1.22
45,98,30.47,0,1.16
45,96,30.47,0,1.18
45,94,30.47,0,1.19
45,94,30.47,0,1.23
45,94,30.47,0,1.21
45,95,30.47,0,1.23
45,98,30.48,0,1.2
46,100,30.48,0,1.23
46,101,30.48,0,1.21
46,101,30.48,0,1.2
47,101,30.48,0,1.23
47,101,30.49,0,1.2
47,101,30.49,0,1.25
47,101,30.49,0,1.2
47,101,30.49,0,1.18
47,101,30.49,0,1.23
47,101,30.49,0,1.23
47,101,30.49,0,1.21
47,101,30.49,0,1.2
47,101,30.49,0,1.22
47,101,30.49,0,1.18
46,101,30.49,0,1.22
46,101,30.49,0,1.23
45,100,30.49,0,1.23
45,100,30.49,0,1.2
45,100,30.49,0,1.22
45,100,30.49,0,1.21
46,100,30.5,0,1.22
46,100,30.49,0,1.27
46,100,30.49,0,1.19
47,100,30.5,0,1.21
47,100,30.5,0,1.24
47,100,30.5,0,1.19
47,100,30.5,0,1.23
47,100,30.5,0,1.2
46,99,30.5,0,1.22
46,99,30.5,0,1.23
46,98,30.5,0,1.22
45,96,30.5,0,1.22
45,93,30.5,0,1.2
44,89,30.5,0,1.22
44,90,30.5,0,1.2
44,95,30.5,0,1.21
44,99,30.5,0,1.22
45,100,30.5,0,1.21
45,100,30.51,0,1.2
46,100,30.51,0,1.2
46,100,30.5,0,1.22
46,100,30.51,0,1.23
46,100,30.51,0,1.21
45,100,30.51,0,1.25
45,101,30.5,0,1.2
45,101,30.5,0,1.2
46,101,30.5,0,1.21
46,101,30.5,0,1.21
47,101,30.5,0,1.21
47,101,30.5,0,1.24
47,101,30.51,0,1.23
47,101,30.5,0,1.21
46,101,30.5,0,1.24
46,101,30.5,0,1.25
46,100,30.5,0,1.25
46,100,30.5,0,1.22
46,100,30.5,0,1.24
46,100,30.5,0,1.17
46,100,30.5,0,1.15
46,99,30.5,0,1.23
46,99,30.5,0,1.22
45,99,30.5,0,1.2
45,98,30.5,0,1.2
45,97,30.5,0,1.2
44,97,30.5,0,1.21
44,98,30.5,0,1.19
44,98,30.5,0,1.22
45,99,30.5,0,1.21
45,100,30.5,0,1.22
46,100,30.5,0,1.19
46,100,30.5,0,1.24
46,100,30.5,0,1.2
46,100,30.5,0,1.23
46,100,30.49,0,1.23
45,100,30.49,0,1.23
45,100,30.49,0,1.22
45,100,30.49,0,1.23
46,100,30.49,0,1.22
46,100,30.48,0,1.21
46,100,30.48,0,1.22
46,100,30.49,0,1.25
46,100,30.48,0,1.2
46,100,30.48,0,1.22
46,100,30.48,0,1.22
46,99,30.48,0,1.19
46,99,30.48,0,1.2
46,99,30.48,0,1.2
46,98,30.48,0,1.22
45,96,30.48,0,1.23
45,93,30.48,0,1.2
44,87,30.47,0,1.21
44,85,30.47,0,1.21
44,88,30.47,0,1.19
44,92,30.47,0,1.21
45,92,30.47,0,1.21
45,90,30.47,0,1.22
45,88,30.47,0,1.63
45,91,30.47,0,3.3
45,90,30.46,0,4.8
45,86,30.46,0,11.5
45,87,30.46,0,22.77
44,91,30.46,0,37.67
44,96,30.46,0,48.66
44,98,30.46,0,61.02
44,99,30.46,0,68.78
44,99,30.46,0,66.37
45,100,30.45,0,65.9
45,100,30.45,0,71.85
46,100,30.45,0,80.97
46,100,30.45,0,95.16
46,101,30.45,0,99.61
46,101,30.45,0,160.2
45,100,30.44,0,274.14
45,100,30.44,0,144.55
45,100,30.45,0,160.33
46,100,30.45,0,97.65
47,100,30.44,0,117.82
47,100,30.44,0,200.33
47,100,30.44,0,176.72
47,100,30.44,0,163.47
47,100,30.44,0,181.0
48,100,30.44,0,118.75
48,100,30.44,0,141.42
48,100,30.44,0,168.45
48,100,30.44,0,140.97
48,100,30.44,0,181.81
48,99,30.44,0,172.05
49,99,30.44,0,201.28
49,99,30.44,0,307.64
49,99,30.44,0,388.03
49,98,30.44,0,279.64
49,97,30.44,0,268.84
50,96,30.44,0,176.85
52,94,30.44,0,209.25
53,93,30.44,0,292.73
53,91,30.44,0,438.57
53,88,30.44,0,530.66
54,83,30.44,0,394.6
54,78,30.44,0,691.56
54,77,30.44,0,831.29
53,77,30.44,0,686.3
52,81,30.44,0,834.4
51,88,30.44,0,855.47
49,95,30.45,0,801.54
48,96,30.45,0,502.77
49,98,30.45,0,354.12
49,99,30.45,0,287.67
49,98,30.45,0,423.61
50,96,30.45,0,405.05
51,96,30.45,0,463.83
51,95,30.45,0,571.77
51,96,30.45,0,638.78
51,98,30.45,0,703.84
51,99,30.45,0,501.11
50,99,30.45,0,1051.84
50,99,30.45,0,468.86
50,99,30.46,0,214.89
50,99,30.46,0,631.81
50,99,30.46,0,456.36
50,99,30.46,0,262.09
50,99,30.46,0,497.62
50,99,30.47,0,423.73
50,98,30.47,0,556.7
50,98,30.47,0,739.77
50,97,30.47,0,631.79
50,96,30.47,0,533.42
50,97,30.47,0,964.75
50,98,30.47,0,535.91
50,97,30.47,0,532.16
50,96,30.47,0,574.6
51,94,30.47,0,447.83
52,92,30.47,0,413.77
52,90,30.47,0,649.44
52,88,30.48,0,790.55
52,82,30.47,0,671.52
52,79,30.48,0,878.59
53,76,30.48,0,802.54
53,68,30.48,0,813.88
53,68,30.48,0,842.14
52,70,30.48,0,825.93
50,80,30.48,0,836.3
49,88,30.49,0,752.48
49,94,30.49,0,346.83
49,95,30.49,0,676.75
50,94,30.49,0,406.4
50,92,30.49,0,808.93
50,92,30.49,0,696.41
50,93,30.49,0,447.02
50,91,30.49,0,519.7
50,90,30.5,0,505.87
51,88,30.49,0,473.85
52,85,30.49,0,700.69
52,84,30.49,0,685.18
52,82,30.49,0,683.24
52,76,30.49,0,657.96
52,73,30.49,0,647.18
52,66,30.49,0,609.45
52,56,30.49,0,616.77
51,59,30.49,0,594.32
50,60,30.49,0,587.2
49,72,30.49,0,564.75
49,79,30.49,0,550.28
48,87,30.49,0,523.8
47,99,30.49,0,516.38
47,99,30.49,0,487.17
46,99,30.49,0,324.09
46,99,30.48,0,440.24
46,99,30.49,0,367.79
46,98,30.48,0,316.82
47,99,30.48,0,367.53
47,99,30.48,0,331.67
47,100,30.47,0,340.61
47,100,30.48,0,344.56
47,101,30.47,0,340.89
47,101,30.47,0,310.49
46,100,30.47,0,297.89
46,100,30.47,0,123.95
46,100,30.47,0,98.3
46,100,30.47,0,99.19
46,100,30.47,0,30.79
45,100,30.47,0,75.13
45,100,30.47,0,79.47
45,100,30.47,0,58.91
45,99,30.47,0,56.5
45,99,30.47,0,48.93
45,99,30.47,0,34.68
45,99,30.47,0,29.42
45,98,30.47,0,15.82
45,97,30.46,0,14.29
45,97,30.46,0,12.93
44,96,30.46,0,9.75
44,95,30.46,0,6.09
44,94,30.45,0,4.78
43,92,30.46,0,2.65
43,85,30.46,0,1.19
43,82,30.46,0,1.18
42,73,30.45,0,1.21
42,64,30.45,0,1.19
42,64,30.45,0,1.18
42,64,30.45,0,1.21
42,65,30.45,0,1.2
42,66,30.45,0,1.17
42,66,30.45,0,1.18
42,65,30.45,0,1.19
41,70,30.45,0,1.18
42,73,30.44,0,1.2
42,80,30.45,0,1.2
42,74,30.45,0,1.19
42,77,30.44,0,1.21
42,82,30.44,0,1.19
42,86,30.44,0,1.19
42,88,30.44,0,1.2
42,89,30.44,0,1.2
42,89,30.44,0,1.18
42,90,30.44,0,1.2
42,93,30.44,0,1.19
42,97,30.44,0,1.18
42,99,30.44,0,1.2
43,100,30.44,0,1.2
43,100,30.44,0,1.19
43,99,30.44,0,1.16
44,99,30.44,0,1.2
44,99,30.44,0,1.21
44,99,30.44,0,1.17
44,99,30.44,0,1.21
44,98,30.44,0,1.19
44,98,30.44,0,1.17
44,98,30.43,0,1.17
44,97,30.44,0,1.2
44,97,30.43,0,1.17
44,96,30.43,0,1.21
44,94,30.43,0,1.19
43,92,30.43,0,1.21
43,89,30.43,0,1.21
42,80,30.44,0,1.18
42,70,30.44,0,1.19
42,68,30.44,0,1.2
43,69,30.44,0,1.17
43,68,30.44,0,1.2
43,65,30.44,0,1.19
43,61,30.44,0,1.21
43,62,30.44,0,1.22
43,62,30.44,0,1.21
43,62,30.44,0,1.2
42,63,30.44,0,1.16
42,66,30.44,0,1.24
42,68,30.44,0,1.22
42,67,30.44,0,1.21
43,67,30.45,0,1.22
43,63,30.45,0,1.23
42,65,30.45,0,1.22
43,64,30.45,0,1.2
43,62,30.45,0,1.19
43,66,30.45,0,1.2
42,63,30.46,0,1.22
42,63,30.46,0,1.17
43,64,30.46,0,1.23
43,64,30.46,0,1.19
43,65,30.46,0,1.22
43,64,30.46,0,1.24
43,68,30.46,0,1.23
43,69,30.46,0,1.22
42,70,30.46,0,1.18
43,70,30.46,0,1.15
43,73,30.46,0,1.18
43,75,30.46,0,1.2
43,77,30.46,0,1.18
43,84,30.46,0,1.21
43,87,30.46,0,1.19
44,88,30.46,0,1.2
44,89,30.46,0,1.2
44,89,30.46,0,1.2
44,92,30.46,0,1.2
44,94,30.46,0,1.19
44,94,30.46,0,1.21
44,93,30.47,0,1.22
44,93,30.47,0,1.21
44,92,30.47,0,1.18
44,90,30.47,0,1.21
44,82,30.47,0,1.2
44,84,30.47,0,1.21
44,88,30.47,0,1.21
44,92,30.47,0,1.21
44,95,30.47,0,1.2
44,95,30.48,0,1.19
44,94,30.48,0,1.18
44,93,30.48,0,1.19
44,91,30.48,0,1.2
44,90,30.48,0,1.2
44,91,30.48,0,1.2
44,94,30.48,0,1.2
44,97,30.48,0,1.22
44,98,30.47,0,1.22
44,98,30.47,0,1.19
44,98,30.47,0,1.24
45,98,30.47,0,1.21
45,98,30.47,0,1.17
45,98,30.47,0,1.2
45,98,30.47,0,1.22
45,97,30.47,0,1.19
45,96,30.47,0,1.18
44,95,30.47,0,1.21
44,95,30.47,0,1.21
44,98,30.47,0,1.21
44,99,30.46,0,1.22
45,100,30.47,0,1.2
45,100,30.47,0,1.21
45,100,30.47,0,1.2
46,100,30.47,0,1.2
46,100,30.47,0,1.21
46,100,30.47,0,1.18
46,99,30.47,0,1.2
46,99,30.46,0,1.19
46,99,30.46,0,1.25
46,99,30.47,0,1.23
45,98,30.46,0,1.2
45,97,30.46,0,1.22
45,95,30.46,0,1.21
45,94,30.46,0,1.2
45,92,30.46,0,1.23
44,91,30.46,0,1.21
44,89,30.46,0,1.19
44,89,30.46,0,1.19
44,90,30.45,0,1.2
44,91,30.46,0,1.21
44,95,30.46,0,1.21
45,96,30.45,0,1.2
45,96,30.45,0,1.22
45,96,30.45,0,1.21
45,95,30.45,0,1.2
45,94,30.45,0,1.21
45,86,30.45,0,1.21
44,82,30.45,0,1.21
44,84,30.45,0,1.21
44,79,30.45,0,1.21
44,78,30.45,0,1.2
44,75,30.44,0,1.21
45,74,30.44,0,1.21
44,72,30.44,0,1.21
44,76,30.43,0,1.19
44,82,30.43,0,1.17
45,83,30.43,0,1.24
45,80,30.43,0,1.21
45,78,30.43,0,1.2
46,77,30.43,0,1.68
46,77,30.43,0,2.74
46,73,30.43,0,5.31
46,76,30.42,0,12.65
47,81,30.42,0,20.64
46,74,30.42,0,26.54
46,89,30.42,0,30.11
46,91,30.42,0,38.42
47,90,30.42,0,48.14
47,88,30.42,0,65.3
47,87,30.42,0,85.88
47,89,30.42,0,92.48
47,86,30.42,0,100.31
48,89,30.41,0,108.82
48,86,30.41,0,131.94
49,85,30.41,0,237.18
49,80,30.41,0,146.9
49,72,30.41,0,156.63
50,69,30.41,0,161.47
50,67,30.41,0,189.01
50,77,30.41,0,247.17
50,78,30.4,0,277.87
50,82,30.4,0,243.56
50,82,30.4,0,220.67
50,80,30.4,0,217.71
50,84,30.4,0,205.47
50,86,30.4,0,214.36
50,82,30.4,0,230.9
51,82,30.4,0,269.62
51,83,30.4,0,308.28
51,80,30.4,0,342.88
51,83,30.4,0,311.76
51,83,30.4,0,399.28
51,85,30.4,0,393.99
51,83,30.4,0,482.56
51,87,30.4,0,476.84
51,90,30.4,0,624.23
51,86,30.4,0,507.56
51,88,30.4,0,589.52
51,87,30.4,0,617.41
51,86,30.4,0,532.95
51,84,30.4,0,441.96
52,84,30.4,0,522.34
52,87,30.4,0,535.45
52,87,30.4,0,650.48
52,84,30.4,0,828.22
52,85,30.4,0,699.32
52,84,30.4,0,769.42
53,80,30.4,0,724.06
53,82,30.4,0,737.83
53,85,30.4,0,734.79
52,84,30.4,0,789.67
51,87,30.41,0,799.03
51,83,30.41,0,789.96
52,83,30.41,0,810.29
52,84,30.41,0,791.52
52,81,30.41,0,839.66
52,81,30.41,0,857.17
52,84,30.42,0,868.44
52,90,30.42,0,759.27
53,89,30.42,0,792.74
52,83,30.42,0,869.99
52,86,30.42,0,857.33
52,85,30.42,0,818.65
53,86,30.42,0,829.09
52,85,30.42,0,785.44
52,84,30.42,0,812.52
52,85,30.42,0,828.68
52,88,30.43,0,766.92
52,87,30.43,0,804.32
52,88,30.43,0,880.51
52,87,30.43,0,854.98
52,87,30.43,0,848.66
51,85,30.43,0,883.43
51,89,30.43,0,855.6
50,92,30.43,0,870.65
50,92,30.43,0,820.83
51,92,30.43,0,886.21
51,91,30.43,0,548.63
51,92,30.43,0,878.06
52,91,30.43,0,749.9
52,90,30.44,0,842.28
51,90,30.44,0,811.12
51,91,30.44,0,826.21
51,90,30.44,0,755.36
52,90,30.44,0,722.54
52,90,30.44,0,771.95
52,90,30.45,0,735.82
52,89,30.45,0,770.09
52,88,30.45,0,762.28
51,90,30.45,0,739.13
51,91,30.45,0,734.35
50,91,30.45,0,730.98
51,91,30.45,0,686.16
51,90,30.45,0,696.2
51,88,30.45,0,687.23
51,85,30.45,0,670.89
51,85,30.45,0,655.52
51,85,30.45,0,642.07
51,82,30.45,0,626.15
50,89,30.45,0,611.27
50,93,30.45,0,595.26
50,93,30.45,0,566.6
50,92,30.45,0,562.53
50,92,30.46,0,543.81
49,92,30.45,0,527.5
49,91,30.45,0,511.26
49,89,30.45,0,497.36
49,89,30.45,0,402.0
49,86,30.45,0,475.59
48,85,30.45,0,451.42
47,92,30.45,0,417.54
47,99,30.45,0,406.29
47,99,30.45,0,365.84
46,100,30.45,0,312.62
46,100,30.45,0,358.57
45,100,30.45,0,291.33
45,100,30.45,0,250.98
45,101,30.44,0,264.64
44,101,30.44,0,72.38
44,101,30.44,0,115.95
44,101,30.44,0,143.49
45,100,30.44,0,100.08
45,100,30.43,0,49.61
45,100,30.43,0,48.33
45,100,30.43,0,57.18
45,100,30.42,0,34.45
45,100,30.43,0,27.62
44,100,30.42,0,24.93
44,100,30.42,0,20.08
44,100,30.42,0,18.66
44,99,30.42,0,20.14
43,98,30.42,0,11.9
43,97,30.42,0,7.2
42,94,30.42,0,4.7
42,90,30.42,0,4.3
41,89,30.42,0,1.53
41,88,30.41,0,1.17
41,88,30.41,0,1.18
41,88,30.41,0,1.19
40,90,30.41,0,1.2
40,89,30.4,0,1.19
40,90,30.4,0,1.19
41,86,30.4,0,1.16
41,84,30.4,0,1.15
41,83,30.4,0,1.21
41,81,30.4,0,1.2
41,82,30.4,0,1.22
41,84,30.39,0,1.18
41,89,30.39,0,1.2
41,91,30.39,0,1.18
41,92,30.39,0,1.21
41,91,30.39,0,1.2
41,90,30.39,0,1.2
41,90,30.39,0,1.21
41,89,30.39,0,1.18
41,87,30.39,0,1.19
41,85,30.39,0,1.17
41,83,30.39,0,1.17
41,83,30.39,0,1.18
40,86,30.39,0,1.17
40,89,30.39,0,1.17
40,90,30.4,0,1.18
41,95,30.39,0,1.2
41,95,30.39,0,1.2
41,94,30.4,0,1.17
41,92,30.4,0,1.2
41,90,30.4,0,1.22
41,86,30.4,0,1.19
40,86,30.39,0,1.18
40,86,30.39,0,1.18
40,85,30.39,0,1.19
41,85,30.39,0,1.19
41,82,30.4,0,1.16
41,80,30.4,0,1.21
41,77,30.4,0,1.18
41,76,30.4,0,1.17
42,78,30.4,0,1.2
42,76,30.39,0,1.16
42,77,30.4,0,1.18
42,77,30.4,0,1.16
42,82,30.4,0,1.17
42,85,30.39,0,1.19
42,90,30.39,0,1.19
42,99,30.39,0,1.21
43,100,30.39,0,1.18
44,101,30.4,0,1.19
44,101,30.4,0,1.23
44,101,30.4,0,1.19
45,101,30.4,0,1.24
44,101,30.4,0,1.18
44,101,30.4,0,1.18
44,100,30.4,0,1.2
44,100,30.4,0,1.22
44,100,30.4,0,1.18
43,100,30.4,0,1.16
43,99,30.4,0,1.19
42,99,30.4,0,1.2
42,97,30.41,0,1.16
42,96,30.41,0,1.17
42,95,30.41,0,1.22
42,93,30.42,0,1.19
41,86,30.42,0,1.21
41,84,30.41,0,1.18
41,81,30.42,0,1.18
41,78,30.42,0,1.19
41,79,30.42,0,1.17
41,84,30.42,0,1.17
41,88,30.42,0,1.16
41,92,30.42,0,1.2
41,93,30.42,0,1.18
41,93,30.43,0,1.18
41,93,30.43,0,1.16
41,89,30.43,0,1.2
40,82,30.43,0,1.17
40,78,30.43,0,1.18
40,79,30.43,0,1.18
40,81,30.43,0,1.17
40,83,30.43,0,1.18
40,83,30.44,0,1.2
41,84,30.44,0,1.21
40,88,30.44,0,1.19
40,100,30.44,0,1.21
41,101,30.44,0,1.16
41,101,30.44,0,1.15
41,101,30.44,0,1.19
42,101,30.44,0,1.19
42,101,30.44,0,1.17
43,101,30.44,0,1.21
43,101,30.44,0,1.19
43,101,30.44,0,1.19
43,101,30.44,0,1.23
43,101,30.44,0,1.2
43,101,30.44,0,1.19
43,101,30.44,0,1.2
43,101,30.44,0,1.21
43,101,30.44,0,1.2
43,101,30.44,0,1.19
42,101,30.44,0,1.2
42,101,30.44,0,1.21
42,101,30.44,0,1.15
42,101,30.44,0,1.16
43,101,30.44,0,1.2
43,101,30.44,0,1.19
43,101,30.44,0,1.19
43,101,30.44,0,1.19
43,101,30.44,0,1.21
43,101,30.44,0,1.19
43,101,30.44,0,1.21
43,100,30.44,0,1.18
43,100,30.44,0,1.22
43,100,30.44,0,1.21
43,100,30.44,0,1.22
42,100,30.44,0,1.2
42,99,30.44,0,1.18
42,99,30.44,0,1.19
41,98,30.44,0,1.19
41,98,30.44,0,1.2
41,97,30.44,0,1.22
41,96,30.44,0,1.18
41,95,30.44,0,1.19
41,92,30.44,0,1.17
41,89,30.44,0,1.2
41,76,30.44,0,1.18
41,71,30.44,0,1.19
42,67,30.44,0,1.2
42,66,30.44,0,1.24
41,64,30.44,0,1.15
42,66,30.43,0,1.24
41,67,30.43,0,1.2
41,75,30.43,0,1.21
41,90,30.43,0,1.18
41,92,30.43,0,1.18
42,88,30.43,0,1.17
43,76,30.42,0,1.21
44,64,30.42,0,1.18
44,60,30.42,0,1.21
44,64,30.42,0,1.23
43,64,30.42,0,1.22
43,69,30.42,0,1.22
44,69,30.42,0,1.2
44,70,30.42,0,1.2
44,71,30.41,0,1.2
43,73,30.42,0,1.19
44,76,30.41,0,1.21
43,76,30.41,0,1.21
43,84,30.41,0,1.22
43,99,30.42,0,1.89
43,99,30.42,0,3.03
43,99,30.42,0,4.4
44,99,30.42,0,7.05
44,98,30.41,0,9.08
44,98,30.41,0,10.34
44,98,30.41,0,11.66
44,98,30.41,0,13.05
45,98,30.41,0,14.87
45,96,30.41,0,26.61
46,95,30.41,0,61.62
46,95,30.4,0,131.15
46,96,30.4,0,148.14
46,97,30.4,0,198.31
45,97,30.4,0,61.36
45,96,30.39,0,74.65
46,97,30.39,0,113.57
46,97,30.39,0,129.12
46,97,30.39,0,108.39
47,97,30.39,0,216.88
47,98,30.39,0,295.29
47,97,30.39,0,118.67
48,96,30.39,0,271.4
49,96,30.39,0,258.93
48,95,30.39,0,487.44
48,96,30.39,0,444.03
48,97,30.39,0,536.14
48,97,30.39,0,525.79
48,98,30.39,0,184.87
48,99,30.39,0,603.1
48,99,30.39,0,290.15
48,100,30.39,0,220.53
48,99,30.39,0,494.18
48,99,30.38,0,571.4
49,99,30.38,0,223.2
49,98,30.38,0,414.37
48,98,30.38,0,726.91
48,98,30.38,0,399.77
48,99,30.39,0,473.96
48,99,30.39,0,501.77
48,99,30.39,0,312.76
48,98,30.38,0,544.68
49,98,30.38,0,429.23
50,98,30.38,0,370.49
50,98,30.38,0,330.8
50,99,30.38,0,981.39
50,100,30.38,0,888.06
50,100,30.38,0,893.06
49,100,30.38,0,576.22
50,100,30.39,0,488.35
50,100,30.39,0,443.02
49,101,30.39,0,478.35
49,101,30.39,0,509.68
49,101,30.39,0,428.46
49,101,30.39,0,361.22
48,101,30.39,0,412.07
49,101,30.39,0,333.93
49,102,30.4,0,411.19
48,102,30.4,0,399.75
48,102,30.4,0,798.04
48,102,30.4,0,987.16
48,102,30.4,0,552.98
48,102,30.4,0,328.34
48,102,30.4,0,500.53
48,102,30.4,0,387.11
48,102,30.41,0,329.41
49,102,30.41,0,459.87
49,102,30.41,0,539.28
49,102,30.41,0,604.0
48,102,30.41,0,314.43
49,102,30.42,0,364.62
48,102,30.42,0,606.84
48,102,30.42,0,355.08
48,101,30.42,0,246.03
48,101,30.42,0,296.82
48,101,30.42,0,301.68
48,101,30.42,0,284.46
48,101,30.42,0,368.9
48,101,30.42,0,249.2
49,101,30.42,0,298.23
49,101,30.43,0,357.99
49,101,30.43,0,378.9
49,101,30.43,0,376.56
49,101,30.43,0,333.04
50,101,30.43,0,195.72
50,101,30.43,0,244.62
50,102,30.43,0,480.6
50,102,30.43,0,434.63
50,102,30.43,0,445.51
49,102,30.44,0,233.02
49,102,30.43,0,640.66
49,102,30.44,0,734.32
48,102,30.44,0,541.2
48,102,30.44,0,427.35
48,102,30.44,0,218.27
49,102,30.44,0,277.96
49,102,30.44,0,361.79
49,103,30.44,0,345.64
49,103,30.44,0,420.64
49,102,30.44,0,537.79
48,102,30.44,0,545.99
49,102,30.44,0,136.77
49,103,30.44,0,369.68
49,103,30.44,0,373.9
49,103,30.44,0,362.11
49,103,30.44,0,431.02
48,103,30.44,0,492.5
48,103,30.44,0,302.01
48,103,30.44,0,195.81
48,103,30.44,0,128.2
48,103,30.44,0,278.23
48,103,30.44,0,202.34
48,103,30.44,0,128.46
48,103,30.44,0,135.66
48,103,30.44,0,175.04
48,103,30.44,0,141.4
48,103,30.44,0,134.12
48,103,30.44,0,97.3
48,103,30.43,0,97.3
48,103,30.43,0,101.12
47,103,30.43,0,90.44
47,103,30.43,0,108.5
47,103,30.43,0,79.7
47,103,30.43,0,89.08
47,103,30.44,0,78.7
47,103,30.44,0,53.32
47,103,30.43,0,49.33
47,103,30.43,0,47.63
47,103,30.43,0,39.31
47,103,30.43,0,35.34
46,103,30.43,0,29.27
46,103,30.43,0,21.5
46,103,30.43,0,12.39
46,103,30.43,0,8.55
46,103,30.43,0,5.04
45,103,30.43,0,2.68
45,103,30.43,0,1.63
45,103,30.43,0,1.2
45,103,30.42,0,1.19
45,103,30.43,0,1.22
44,103,30.43,0,1.21
44,102,30.42,0,1.2
44,102,30.42,0,1.18
44,102,30.42,0,1.17
44,102,30.42,0,1.22
44,102,30.42,0,1.19
44,102,30.41,0,1.17
44,102,30.41,0,1.22
44,102,30.41,0,1.21
44,102,30.41,0,1.21
45,102,30.41,0,1.2
45,102,30.41,0,1.21
45,102,30.4,0,1.21
45,102,30.4,0,1.23
45,102,30.4,0,1.21
45,102,30.4,0,1.23
45,102,30.4,0,1.21
45,102,30.4,0,1.2
46,102,30.4,0,1.22
46,102,30.4,0,1.22
46,102,30.4,0,1.24
46,102,30.4,0,1.2
46,103,30.4,0,1.18
46,103,30.4,0,1.21
46,103,30.4,0,1.24
46,102,30.4,0,1.15
46,102,30.4,0,1.23
46,102,30.4,0,1.15
46,102,30.4,0,1.24
45,102,30.4,0,1.23
45,102,30.4,0,1.21
45,102,30.4,0,1.2
45,102,30.4,0,1.21
46,102,30.4,0,1.21
46,102,30.4,0,1.2
46,102,30.4,0,1.21
46,102,30.4,0,1.19
46,102,30.41,0,1.19
46,102,30.41,0,1.21
46,102,30.41,0,1.22
46,102,30.41,0,1.2
46,102,30.41,0,1.24
46,102,30.41,0,1.2
46,102,30.41,0,1.23
47,102,30.41,0,1.24
47,102,30.41,0,1.18
47,102,30.41,0,1.24
47,102,30.41,0,1.2
47,102,30.41,0,1.21
47,102,30.41,0,1.17
47,102,30.41,0,1.2
47,102,30.41,0,1.22
48,102,30.42,0,1.21
48,102,30.42,0,1.22
48,102,30.42,0,1.21
48,102,30.42,0,1.21
48,102,30.42,0,1.22
48,102,30.42,0,1.21
48,102,30.42,0,1.21
48,102,30.42,0,1.22
48,102,30.42,0,1.21
48,102,30.42,0,1.19
48,102,30.42,0,1.23
48,102,30.43,0,1.21
48,102,30.43,0,1.22
48,102,30.43,0,1.21
48,102,30.43,0,1.21
48,102,30.43,0,1.21
48,102,30.43,0,1.21
48,102,30.43,0,1.22
48,102,30.43,0,1.21
48,102,30.43,0,1.2
48,102,30.43,0,1.23
48,102,30.43,0,1.21
48,102,30.43,0,1.2
48,102,30.43,0,1.19
48,102,30.43,0,1.21
48,102,30.43,0,1.2
48,102,30.43,0,1.22
48,102,30.43,0,1.21
48,102,30.43,0,1.17
48,102,30.43,0,1.23
48,102,30.44,0,1.25
48,102,30.43,0,1.2
48,102,30.43,0,1.22
49,102,30.44,0,1.2
49,102,30.44,0,1.19
49,102,30.44,0,1.21
49,102,30.44,0,1.21
49,102,30.44,0,1.2
49,102,30.44,0,1.2
49,102,30.44,0,1.21
49,102,30.45,0,1.21
49,102,30.45,0,1.18
49,102,30.45,0,1.2
49,102,30.45,0,1.26
49,102,30.45,0,1.19
49,102,30.45,0,1.19
49,102,30.45,0,1.21
49,102,30.45,0,1.22
49,102,30.45,0,1.23
49,102,30.45,0,1.2
49,102,30.45,0,1.23
49,102,30.45,0,1.23
49,102,30.45,0,1.23
49,102,30.45,0,1.2
49,102,30.45,0,1.24
49,102,30.45,0,1.23
49,102,30.45,0,1.19
49,102,30.45,0,1.22
49,102,30.45,0,1.22
50,102,30.45,0,1.22
50,102,30.45,0,1.21
50,102,30.45,0,1.22
50,102,30.45,0,1.21
50,102,30.45,0,1.2
50,102,30.44,0,1.24
50,102,30.44,0,1.21
50,102,30.45,0,1.22
50,102,30.45,0,1.21
50,102,30.44,0,1.24
50,102,30.44,0,1.24
50,102,30.44,0,1.26
50,102,30.44,0,1.22
50,102,30.44,0,1.24
50,102,30.44,0,1.23
50,102,30.44,0,1.22
50,102,30.43,0,1.22
50,102,30.43,0,1.23
50,102,30.43,0,1.25
50,102,30.43,0,1.23
50,102,30.43,0,1.24
50,102,30.43,0,1.19
50,102,30.43,0,1.22
50,102,30.42,0,1.23
50,102,30.42,0,1.19
50,102,30.42,0,1.22
50,102,30.42,0,1.24
50,102,30.42,0,1.2
50,102,30.42,0,1.23
50,102,30.42,0,1.22
50,102,30.42,0,1.2
50,102,30.41,0,1.25
50,102,30.41,0,1.23
50,102,30.41,0,1.21
50,101,30.41,0,1.23
50,101,30.41,0,1.24
50,101,30.41,0,1.21
50,101,30.41,0,1.74
51,101,30.41,0,2.58
51,101,30.41,0,4.56
51,101,30.41,0,6.82
51,101,30.41,0,17.2
51,101,30.41,0,20.62
51,101,30.4,0,22.57
51,101,30.4,0,26.85
51,101,30.4,0,36.45
51,101,30.4,0,48.8
51,101,30.4,0,52.79
51,101,30.4,0,63.35
51,101,30.4,0,69.48
51,101,30.4,0,56.21
51,101,30.4,0,63.47
51,101,30.4,0,103.84
51,101,30.39,0,158.19
52,100,30.39,0,171.92
52,100,30.39,0,129.1
52,100,30.39,0,112.92
52,100,30.39,0,150.78
52,100,30.39,0,174.21
52,100,30.39,0,179.66
52,100,30.39,0,189.09
52,100,30.39,0,247.96
53,100,30.39,0,276.23
53,100,30.39,0,219.78
53,99,30.39,0,182.67
54,99,30.39,0,217.18
53,99,30.39,0,444.32
54,99,30.39,0,196.12
54,99,30.39,0,244.2
54,99,30.39,0,235.93
54,99,30.39,0,216.5
54,99,30.39,0,322.55
54,99,30.39,0,618.35
54,98,30.39,0,783.62
54,98,30.39,0,283.12
55,98,30.39,0,244.68
55,97,30.39,0,239.24
55,96,30.39,0,244.67
56,93,30.39,0,189.55
58,90,30.39,0,503.13
58,88,30.39,0,921.48
57,88,30.39,0,384.01
58,88,30.39,0,405.87
58,87,30.39,0,804.49
58,88,30.39,0,460.7
58,87,30.39,0,425.26
59,84,30.39,0,822.28
58,86,30.39,0,812.01
58,86,30.39,0,262.3
58,86,30.4,0,455.81
59,85,30.4,0,942.96
59,84,30.4,0,817.74
59,84,30.4,0,924.47
59,85,30.4,0,581.32
59,85,30.4,0,856.73
58,86,30.4,0,862.09
58,88,30.41,0,904.95
58,88,30.41,0,870.06
57,90,30.41,0,882.59
57,91,30.41,0,927.89
57,95,30.41,0,367.21
56,95,30.41,0,691.88
56,97,30.41,0,976.49
56,97,30.42,0,981.18
56,96,30.42,0,401.25
56,96,30.42,0,425.22
56,94,30.42,0,640.36
57,94,30.42,0,449.51
57,94,30.43,0,332.11
57,92,30.43,0,988.98
57,91,30.43,0,302.95
58,91,30.43,0,1239.27
57,90,30.43,0,1154.65
58,89,30.43,0,225.17
58,90,30.43,0,383.73
59,87,30.44,0,1010.78
59,85,30.44,0,946.16
59,80,30.44,0,919.21
59,81,30.44,0,853.24
58,84,30.44,0,867.97
58,89,30.44,0,922.11
59,87,30.44,0,837.5
59,81,30.44,0,905.9
59,78,30.45,0,833.07
60,78,30.45,0,801.12
59,80,30.45,0,776.09
59,81,30.45,0,766.64
59,80,30.45,0,512.85
59,80,30.45,0,756.48
58,78,30.45,0,736.76
58,77,30.45,0,721.16
59,73,30.45,0,708.22
58,74,30.45,0,705.91
58,74,30.45,0,693.78
57,77,30.45,0,665.27
56,78,30.45,0,627.21
56,81,30.45,0,343.41
56,83,30.45,0,474.04
56,84,30.45,0,537.76
56,83,30.45,0,337.24
56,83,30.45,0,452.37
55,84,30.45,0,668.14
55,86,30.45,0,568.0
54,91,30.45,0,551.89
53,96,30.45,0,532.54
52,97,30.45,0,510.91
51,97,30.45,0,484.52
51,97,30.45,0,181.23
50,98,30.45,0,434.44
49,98,30.45,0,325.33
49,97,30.45,0,245.66
49,96,30.45,0,164.35
48,94,30.44,0,148.21
48,93,30.44,0,77.23
48,91,30.44,0,109.62
48,91,30.44,0,117.21
47,92,30.44,0,159.9
47,91,30.44,0,189.47
46,91,30.44,0,154.07
46,89,30.44,0,113.05
45,88,30.44,0,86.87
45,86,30.44,0,99.93
44,87,30.44,0,89.35
44,89,30.43,0,57.57
44,93,30.43,0,44.07
44,91,30.43,0,44.62
45,90,30.43,0,37.54
44,90,30.43,0,38.51
44,91,30.43,0,27.67
44,92,30.43,0,22.8
44,92,30.42,0,15.07
44,92,30.42,0,7.1
43,91,30.42,0,4.04
43,91,30.42,0,3.51
43,90,30.42,0,2.07
43,90,30.42,0,1.21
43,90,30.42,0,1.21
43,89,30.42,0,1.21
43,89,30.42,0,1.2
43,89,30.42,0,1.2
43,89,30.41,0,1.22
43,88,30.41,0,1.2
43,89,30.41,0,1.22
43,88,30.41,0,1.21
43,84,30.41,0,1.17
43,77,30.41,0,1.18
42,73,30.41,0,1.21
43,75,30.41,0,1.18
43,76,30.41,0,1.21
43,78,30.41,0,1.19
43,79,30.4,0,1.18
43,85,30.4,0,1.2
42,89,30.41,0,1.2
42,86,30.41,0,1.21
42,77,30.41,0,1.2
42,79,30.41,0,1.17
42,82,30.4,0,1.15
43,86,30.4,0,1.19
43,84,30.4,0,1.17
44,86,30.4,0,1.2
44,88,30.4,0,1.19
44,86,30.4,0,1.21
44,81,30.4,0,1.2
44,84,30.4,0,1.23
44,85,30.4,0,1.18
44,84,30.4,0,1.22
44,85,30.4,0,1.17
44,85,30.4,0,1.2
44,87,30.4,0,1.21
45,91,30.41,0,1.2
45,93,30.41,0,1.18
45,92,30.41,0,1.2
45,91,30.41,0,1.2
45,90,30.4,0,1.2
44,88,30.4,0,1.21
44,85,30.4,0,1.19
44,86,30.4,0,1.19
45,84,30.41,0,1.24
45,80,30.41,0,1.21
45,84,30.41,0,1.2
45,89,30.41,0,1.21
46,91,30.41,0,1.19
46,93,30.41,0,1.21
46,94,30.41,0,1.21
46,93,30.41,0,1.19
46,94,30.42,0,1.19
46,95,30.42,0,1.2
46,94,30.42,0,1.19
46,94,30.42,0,1.2
46,94,30.42,0,1.18
45,93,30.42,0,1.19
45,92,30.42,0,1.19
45,89,30.42,0,1.23
45,89,30.43,0,1.19
45,86,30.43,0,1.22
45,82,30.43,0,1.18
45,78,30.43,0,1.19
45,74,30.43,0,1.21
45,74,30.43,0,1.17
45,76,30.43,0,1.22
45,76,30.43,0,1.19
46,78,30.43,0,1.19
46,80,30.43,0,1.21
45,83,30.43,0,1.23
45,85,30.43,0,1.22
45,85,30.43,0,1.21
46,86,30.43,0,1.2
46,87,30.43,0,1.19
46,87,30.43,0,1.18
46,88,30.44,0,1.19
46,90,30.43,0,1.21
45,96,30.44,0,1.18
45,100,30.44,0,1.19
45,101,30.44,0,1.21
45,101,30.44,0,1.2
46,101,30.44,0,1.21
46,101,30.44,0,1.17
46,102,30.44,0,1.18
46,102,30.44,0,1.2
46,101,30.44,0,1.22
47,101,30.44,0,1.23
47,101,30.44,0,1.16
47,101,30.44,0,1.24
47,101,30.45,0,1.19
47,101,30.44,0,1.16
47,101,30.44,0,1.21
47,101,30.44,0,1.22
48,101,30.45,0,1.19
48,101,30.45,0,1.18
48,101,30.45,0,1.2
48,101,30.44,0,1.17
48,101,30.45,0,1.24
47,101,30.44,0,1.21
47,102,30.44,0,1.2
47,102,30.44,0,1.18
47,102,30.44,0,1.22
47,102,30.44,0,1.21
48,102,30.44,0,1.21
48,102,30.44,0,1.21
48,102,30.45,0,1.21
48,102,30.45,0,1.23
48,102,30.44,0,1.21
48,102,30.44,0,1.22
48,102,30.44,0,1.21
48,102,30.44,0,1.23
48,102,30.44,0,1.22
48,102,30.44,0,1.18
48,102,30.44,0,1.25
48,102,30.44,0,1.23
48,102,30.44,0,1.22
48,102,30.44,0,1.22
48,102,30.44,0,1.22
48,102,30.44,0,1.24
48,102,30.44,0,1.19
48,102,30.44,0,1.21
48,102,30.44,0,1.22
48,102,30.44,0,1.22
49,102,30.44,0,1.22
49,102,30.44,0,1.25
49,102,30.44,0,1.2
49,102,30.44,0,1.25
49,102,30.44,0,1.23
49,102,30.44,0,1.22
49,102,30.44,0,1.25
49,102,30.44,0,1.21
49,102,30.44,0,1.18
49,102,30.44,0,1.21
49,102,30.44,0,1.22
49,102,30.44,0,1.18
49,102,30.44,0,1.19
49,102,30.44,0,1.21
49,102,30.43,0,1.25
49,102,30.43,0,1.19
49,102,30.43,0,1.2
49,102,30.43,0,1.2
49,102,30.43,0,1.18
49,102,30.43,0,1.23
49,102,30.43,0,1.25
49,102,30.43,0,1.23
49,102,30.42,0,1.2
49,102,30.42,0,1.21
49,102,30.42,0,1.22
49,102,30.41,0,1.24
49,102,30.41,0,1.23
48,102,30.41,0,1.21
49,102,30.41,0,1.91
49,102,30.41,0,2.69
49,102,30.41,0,4.3
49,102,30.4,0,8.86
49,102,30.4,0,28.27
50,102,30.4,0,46.69
50,102,30.4,0,30.45
50,102,30.4,0,25.35
50,102,30.4,0,37.64
50,102,30.4,0,50.33
50,102,30.4,0,61.69
50,102,30.4,0,58.15
51,102,30.39,0,59.22
51,102,30.4,0,103.46
51,101,30.4,0,131.17
51,101,30.4,0,93.47
51,101,30.39,0,236.94
51,101,30.39,0,343.54
51,101,30.39,0,278.53
51,101,30.39,0,189.91
51,101,30.39,0,116.45
51,101,30.39,0,103.85
51,101,30.39,0,106.05
51,101,30.39,0,139.7
51,101,30.39,0,331.77
51,101,30.39,0,251.52
51,101,30.39,0,288.33
51,101,30.39,0,309.45
51,101,30.39,0,267.81
51,101,30.39,0,183.62
51,101,30.39,0,264.8
52,101,30.39,0,132.97
52,101,30.39,0,262.58
52,101,30.39,0,335.75
52,101,30.39,0,345.25
52,101,30.39,0,249.05
52,101,30.4,0,215.16
53,101,30.39,0,403.1
53,101,30.39,0,301.98
53,101,30.39,0,405.87
53,101,30.39,0,421.87
53,101,30.39,0,367.12
53,101,30.39,0,310.53
52,100,30.39,0,526.38
53,101,30.39,0,469.93
53,101,30.39,0,436.43
53,100,30.39,0,476.07
53,100,30.39,0,348.73
53,100,30.4,0,383.43
53,100,30.4,0,374.74
53,100,30.4,0,794.73
53,100,30.4,0,453.82
53,100,30.41,0,529.78
53,100,30.41,0,527.35
54,100,30.41,0,419.87
54,100,30.41,0,415.58
54,99,30.41,0,553.81
54,99,30.41,0,597.86
54,99,30.41,0,474.47
54,98,30.41,0,719.81
54,98,30.42,0,660.2
53,99,30.41,0,569.97
53,99,30.42,0,600.74
53,98,30.42,0,299.99
53,99,30.42,0,544.14
53,99,30.42,0,512.92
54,99,30.42,0,537.8
54,99,30.42,0,614.61
54,99,30.43,0,590.54
54,98,30.43,0,689.97
54,97,30.43,0,649.82
54,96,30.43,0,377.11
55,93,30.44,0,589.79
57,90,30.44,0,836.93
56,91,30.44,0,927.15
56,91,30.44,0,898.81
55,92,30.44,0,947.89
55,95,30.44,0,849.5
54,94,30.44,0,836.38
55,93,30.44,0,516.53
55,91,30.45,0,614.38
56,90,30.45,0,476.1
55,90,30.45,0,468.14
55,90,30.45,0,974.38
56,89,30.45,0,723.25
56,88,30.45,0,363.54
56,86,30.45,0,809.35
56,87,30.45,0,799.25
57,84,30.45,0,663.98
58,84,30.46,0,783.26
57,80,30.46,0,764.18
57,82,30.46,0,753.81
56,87,30.46,0,745.65
54,92,30.46,0,738.73
52,97,30.46,0,749.22
51,97,30.46,0,734.52
51,97,30.46,0,724.54
51,95,30.46,0,445.92
51,96,30.46,0,313.28
51,97,30.46,0,234.76
51,96,30.46,0,301.37
51,95,30.46,0,447.29
51,94,30.46,0,728.08
51,93,30.46,0,740.07
51,90,30.46,0,677.84
51,88,30.46,0,605.59
52,85,30.46,0,527.28
54,85,30.46,0,568.06
55,79,30.46,0,545.33
54,73,30.46,0,508.02
53,72,30.46,0,508.04
52,67,30.45,0,484.81
51,65,30.45,0,460.31
50,79,30.45,0,443.41
49,79,30.45,0,412.11
49,86,30.45,0,391.67
49,86,30.45,0,371.75
48,81,30.45,0,351.95
48,78,30.45,0,331.84
47,81,30.45,0,309.35
46,84,30.44,0,289.01
46,91,30.44,0,205.44
46,97,30.44,0,24.62
46,101,30.44,0,23.53
46,102,30.44,0,22.92
46,102,30.44,0,21.85
46,102,30.44,0,21.3
47,102,30.44,0,20.32
47,102,30.44,0,78.02
47,102,30.44,0,29.91
47,102,30.43,0,41.43
47,102,30.43,0,12.68
47,102,30.43,0,10.2
47,102,30.43,0,11.93
46,102,30.43,0,7.63
46,102,30.43,0,5.92
46,102,30.42,0,3.6
47,102,30.42,0,2.28
47,102,30.42,0,1.24
48,102,30.42,0,1.23
48,102,30.42,0,1.19
48,102,30.42,0,1.26
48,102,30.41,0,1.25
48,102,30.41,0,1.21
48,102,30.41,0,1.24
48,102,30.41,0,1.22
48,102,30.41,0,1.21
48,102,30.41,0,1.19
48,102,30.41,0,1.21
48,102,30.41,0,1.19
48,102,30.41,0,1.2
48,102,30.41,0,1.22
48,102,30.41,0,1.19
48,102,30.41,0,1.21
48,102,30.41,0,1.22
48,102,30.41,0,1.22
48,102,30.41,0,1.22
48,102,30.4,0,1.22
48,102,30.41,0,1.21
48,102,30.4,0,1.23
48,102,30.41,0,1.25
49,102,30.4,0,1.2
49,102,30.4,0,1.19
49,102,30.4,0,1.23
48,102,30.4,0,1.19
48,102,30.41,0,1.21
49,102,30.41,0,1.24
49,102,30.41,0,1.17
49,102,30.4,0,1.23
49,102,30.4,0,1.21
49,102,30.41,0,1.22
49,102,30.41,0,1.22
48,102,30.4,0,1.19
48,102,30.41,0,1.23
48,102,30.41,0,1.22
48,102,30.41,0,1.18
48,102,30.41,0,1.24
48,102,30.41,0,1.22
48,102,30.41,0,1.23
48,102,30.41,0,1.2
48,102,30.41,0,1.2
48,102,30.41,0,1.2
48,102,30.41,0,1.25
49,102,30.41,0,1.21
49,102,30.42,0,1.19
48,102,30.42,0,1.19
49,102,30.42,0,1.26
49,102,30.42,0,1.21
49,102,30.42,0,1.21
49,102,30.42,0,1.2
49,102,30.42,0,1.22
49,102,30.42,0,1.23
48,102,30.42,0,1.17
48,101,30.43,0,1.22
48,101,30.43,0,1.23
48,101,30.43,0,1.22
48,101,30.43,0,1.21
48,101,30.44,0,1.2
49,101,30.44,0,1.21
49,101,30.44,0,1.2
49,101,30.44,0,1.24
49,101,30.44,0,1.23
50,101,30.44,0,1.23
50,101,30.44,0,1.21
50,101,30.44,0,1.22
50,101,30.44,0,1.23
50,101,30.44,0,1.22
50,101,30.44,0,1.22
50,101,30.44,0,1.25
50,101,30.44,0,1.2
50,101,30.44,0,1.22
50,101,30.44,0,1.22
50,101,30.44,0,1.21
50,101,30.44,0,1.2
50,101,30.45,0,1.24
50,101,30.45,0,1.23
50,101,30.45,0,1.23
50,101,30.45,0,1.22
50,101,30.45,0,1.21
50,101,30.45,0,1.22
50,100,30.45,0,1.22
50,100,30.45,0,1.21
50,100,30.46,0,1.22
50,100,30.46,0,1.22
50,100,30.46,0,1.21
50,100,30.46,0,1.22
50,100,30.46,0,1.22
50,100,30.46,0,1.21
50,100,30.46,0,1.23
50,100,30.46,0,1.22
50,100,30.47,0,1.22
50,99,30.47,0,1.22
50,99,30.47,0,1.22
50,99,30.47,0,1.2
50,99,30.47,0,1.22
49,98,30.47,0,1.22
49,98,30.47,0,1.2
49,97,30.47,0,1.26
49,97,30.47,0,1.22
49,95,30.47,0,1.22
49,95,30.47,0,1.22
48,95,30.47,0,1.23
48,91,30.47,0,1.23
49,90,30.47,0,1.2
48,88,30.46,0,1.24
49,94,30.46,0,1.21
49,96,30.46,0,1.21
48,96,30.47,0,1.2
48,97,30.46,0,1.24
48,97,30.46,0,1.22
48,97,30.46,0,1.23
48,97,30.46,0,1.25
48,97,30.46,0,1.2
48,97,30.46,0,1.23
48,97,30.46,0,1.23
48,96,30.46,0,1.22
48,97,30.46,0,1.23
48,98,30.46,0,1.21
48,97,30.46,0,1.2
48,97,30.46,0,1.2
48,96,30.46,0,1.22
48,95,30.45,0,1.21
48,95,30.45,0,1.24
48,96,30.45,0,1.22
48,95,30.45,0,1.2
48,95,30.45,0,1.21
48,96,30.45,0,1.23
48,97,30.44,0,1.22
48,97,30.44,0,1.22
48,97,30.44,0,1.21
48,96,30.44,0,1.21
48,95,30.44,0,1.21
48,93,30.44,0,1.22
48,92,30.44,0,1.24
48,89,30.43,0,1.22
48,89,30.43,0,1.24
48,91,30.43,0,1.24
48,93,30.43,0,1.2
48,94,30.43,0,1.21
48,94,30.43,0,1.22
48,94,30.43,0,1.2
48,94,30.43,0,1.22
48,94,30.43,0,1.23
48,93,30.43,0,1.24
48,93,30.43,0,1.24
48,92,30.43,0,1.24
48,92,30.43,0,1.24
48,92,30.42,0,1.78
49,90,30.43,0,2.84
49,89,30.42,0,5.9
49,87,30.43,0,11.68
49,87,30.42,0,15.09
50,88,30.42,0,17.69
50,86,30.42,0,25.53
50,87,30.42,0,42.78
50,86,30.42,0,54.21
50,85,30.42,0,54.41
50,85,30.42,0,56.1
50,85,30.42,0,74.48
50,84,30.42,0,102.35
50,84,30.42,0,104.33
50,83,30.42,0,93.91
51,83,30.41,0,105.87
51,81,30.41,0,128.39
51,82,30.41,0,169.13
51,81,30.41,0,214.35
51,80,30.41,0,265.15
52,80,30.41,0,382.34
51,78,30.41,0,337.01
51,75,30.41,0,263.26
51,74,30.41,0,242.05
51,74,30.41,0,235.57
52,76,30.41,0,230.31
52,75,30.41,0,241.46
52,72,30.4,0,276.73
52,64,30.41,0,289.74
53,74,30.41,0,304.11
53,73,30.41,0,294.76
54,67,30.4,0,330.98
54,70,30.41,0,266.76
55,71,30.4,0,551.83
54,64,30.41,0,573.07
55,63,30.41,0,537.68
55,69,30.4,0,643.57
55,65,30.4,0,473.29
56,64,30.41,0,513.21
56,66,30.4,0,771.67
56,60,30.41,0,842.92
56,63,30.4,0,761.4
56,60,30.41,0,787.36
56,62,30.4,0,769.58
56,58,30.4,0,783.91
56,64,30.4,0,795.07
55,61,30.41,0,706.39
55,61,30.41,0,815.14
55,62,30.41,0,844.54
54,63,30.41,0,827.95
55,64,30.41,0,483.2
55,69,30.41,0,704.87
55,71,30.41,0,674.92
55,66,30.41,0,891.56
55,68,30.42,0,848.58
55,70,30.42,0,906.16
55,63,30.42,0,904.27
54,69,30.42,0,873.1
54,66,30.42,0,481.0
55,67,30.42,0,660.2
54,71,30.42,0,960.54
54,72,30.42,0,784.39
54,71,30.42,0,943.47
55,68,30.43,0,455.55
55,65,30.43,0,549.38
55,54,30.43,0,638.4
55,57,30.43,0,969.11
55,59,30.43,0,913.21
55,58,30.44,0,836.62
55,62,30.44,0,848.52
56,60,30.44,0,807.52
56,55,30.44,0,746.21
56,54,30.44,0,970.43
56,51,30.44,0,766.25
55,58,30.45,0,982.09
55,58,30.45,0,951.05
55,60,30.45,0,922.44
55,53,30.45,0,917.97
55,54,30.45,0,916.77
55,56,30.45,0,879.78
54,57,30.45,0,830.5
54,61,30.45,0,858.54
54,62,30.45,0,766.34
53,67,30.45,0,815.06
53,51,30.45,0,761.86
53,62,30.45,0,747.56
53,65,30.45,0,793.65
53,66,30.46,0,726.12
52,73,30.46,0,740.21
53,72,30.46,0,750.59
53,72,30.46,0,783.05
53,76,30.46,0,764.03
53,74,30.46,0,670.02
52,75,30.46,0,738.16
53,71,30.46,0,679.71
53,67,30.46,0,639.3
53,61,30.45,0,619.77
53,65,30.46,0,405.61
54,62,30.46,0,592.75
54,59,30.46,0,620.91
55,52,30.46,0,717.7
55,47,30.46,0,551.67
55,53,30.46,0,545.51
55,41,30.45,0,535.51
56,40,30.45,0,438.87
55,40,30.45,0,409.38
55,43,30.45,0,480.52
55,47,30.45,0,425.08
55,45,30.45,0,419.02
55,42,30.45,0,431.73
54,46,30.44,0,608.86
54,54,30.44,0,563.04
54,53,30.44,0,523.62
54,40,30.44,0,356.26
54,38,30.44,0,208.27
55,38,30.44,0,200.73
55,37,30.44,0,433.36
54,37,30.43,0,469.34
54,36,30.43,0,418.32
53,34,30.43,0,372.13
52,34,30.43,0,324.23
52,23,30.43,0,260.56
51,25,30.43,0,64.07
50,28,30.43,0,50.5
50,27,30.43,0,46.09
50,24,30.43,0,43.06
49,25,30.43,0,38.02
49,26,30.43,0,32.42
48,26,30.43,0,28.79
48,26,30.43,0,27.04
49,27,30.43,0,25.09
48,25,30.43,0,21.68
48,26,30.43,0,17.18
48,26,30.43,0,13.14
48,26,30.43,0,10.5
48,27,30.42,0,7.68
48,27,30.42,0,5.33
48,27,30.42,0,3.04
47,27,30.42,0,1.65
47,28,30.42,0,1.2
47,28,30.42,0,1.16
47,28,30.41,0,1.22
47,28,30.41,0,1.22
47,29,30.41,0,1.19
47,29,30.41,0,1.21
47,30,30.41,0,1.24
46,30,30.41,0,1.17
46,31,30.41,0,1.2
46,32,30.41,0,1.2
46,33,30.41,0,1.23
46,34,30.4,0,1.19
45,36,30.4,0,1.18
45,38,30.4,0,1.2
45,40,30.4,0,1.21
44,43,30.4,0,1.19
44,47,30.4,0,1.21
44,58,30.4,0,1.2
44,59,30.4,0,1.19
44,64,30.4,0,1.2
44,64,30.4,0,1.21
44,57,30.4,0,1.21
44,57,30.4,0,1.21
44,61,30.4,0,1.23
45,63,30.4,0,1.2
44,60,30.4,0,1.19
44,55,30.4,0,1.2
44,53,30.4,0,1.22
44,52,30.4,0,1.18
44,53,30.4,0,1.2
44,58,30.4,0,1.19
44,60,30.4,0,1.19
44,62,30.4,0,1.26
44,59,30.4,0,1.21
44,57,30.4,0,1.21
44,51,30.4,0,1.2
44,50,30.4,0,1.21
44,49,30.4,0,1.21
44,51,30.4,0,1.19
44,51,30.4,0,1.19
44,53,30.4,0,1.2
44,55,30.4,0,1.21
43,57,30.4,0,1.23
43,58,30.4,0,1.21
43,61,30.4,0,1.19
43,64,30.4,0,1.21
44,63,30.41,0,1.2
44,65,30.41,0,1.21
44,68,30.41,0,1.18
44,72,30.41,0,1.17
44,75,30.41,0,1.2
44,79,30.41,0,1.19
44,88,30.41,0,1.2
44,89,30.41,0,1.2
45,98,30.41,0,1.2
45,99,30.42,0,1.19
45,99,30.42,0,1.22
45,99,30.42,0,1.2
46,99,30.42,0,1.2
46,99,30.42,0,1.17
46,99,30.42,0,1.22
46,99,30.42,0,1.22
46,99,30.43,0,1.22
47,99,30.43,0,1.22
47,99,30.43,0,1.21
47,99,30.43,0,1.21
47,99,30.43,0,1.2
47,98,30.43,0,1.22
47,98,30.43,0,1.16
47,98,30.43,0,1.22
47,97,30.43,0,1.17
47,95,30.43,0,1.2
47,94,30.43,0,1.25
46,92,30.43,0,1.23
46,91,30.43,0,1.22
46,89,30.44,0,1.23
46,87,30.44,0,1.21
46,86,30.44,0,1.24
46,84,30.44,0,1.17
46,82,30.44,0,1.24
45,73,30.44,0,1.22
45,65,30.44,0,1.21
45,66,30.44,0,1.21
45,72,30.44,0,1.2
45,79,30.44,0,1.22
45,85,30.44,0,1.21
45,97,30.44,0,1.21
46,99,30.45,0,1.21
47,99,30.45,0,1.24
47,99,30.44,0,1.24
47,99,30.45,0,1.2
47,99,30.44,0,1.21
48,98,30.45,0,1.23
48,98,30.44,0,1.21
48,98,30.44,0,1.23
48,97,30.44,0,1.23
47,97,30.44,0,1.2
47,96,30.44,0,1.24
47,96,30.44,0,1.21
48,95,30.44,0,1.21
48,95,30.44,0,1.23
48,95,30.44,0,1.21
47,95,30.44,0,1.22
47,94,30.44,0,1.21
47,94,30.43,0,1.2
47,94,30.43,0,1.2
48,93,30.43,0,1.22
48,93,30.43,0,1.19
48,92,30.43,0,1.21
48,91,30.43,0,1.22
48,92,30.43,0,1.21
48,92,30.43,0,1.25
48,92,30.43,0,1.23
48,92,30.43,0,1.23
48,92,30.43,0,1.22
48,92,30.43,0,1.21
48,93,30.43,0,1.24
48,93,30.43,0,1.22
48,92,30.43,0,1.22
48,89,30.43,0,1.23
48,87,30.43,0,1.22
48,82,30.43,0,1.23
48,78,30.43,0,1.23
48,75,30.43,0,1.23
48,72,30.43,0,1.22
48,72,30.43,0,1.23
48,69,30.42,0,1.23
47,73,30.42,0,1.22
47,75,30.42,0,1.24
48,75,30.42,0,1.23
47,76,30.42,0,1.21
47,81,30.42,0,1.23
47,82,30.42,0,1.19
47,81,30.42,0,1.18
47,89,30.42,0,1.19
47,89,30.42,0,1.2
47,89,30.42,0,1.23
47,88,30.42,0,1.22
47,89,30.42,0,1.22
48,91,30.42,0,1.2
49,90,30.41,0,1.22
49,87,30.41,0,1.2
50,83,30.41,0,1.2
50,82,30.41,0,1.19
50,84,30.41,0,1.23
50,87,30.41,0,1.21
50,85,30.41,0,1.19
50,85,30.41,0,1.2
50,82,30.41,0,1.25
51,78,30.41,0,1.84
51,71,30.41,0,2.92
51,67,30.41,0,5.05
52,62,30.41,0,9.31
52,61,30.4,0,14.12
52,54,30.4,0,24.48
52,49,30.4,0,38.06
52,51,30.4,0,43.4
53,55,30.4,0,51.1
53,55,30.4,0,60.05
54,60,30.4,0,59.33
54,64,30.39,0,56.84
54,66,30.39,0,69.05
54,69,30.39,0,240.99
54,72,30.39,0,275.29
54,64,30.39,0,253.44
54,71,30.39,0,73.77
56,64,30.39,0,77.06
57,60,30.39,0,274.15
58,46,30.39,0,381.71
58,46,30.39,0,254.87
58,44,30.39,0,396.33
58,45,30.39,0,462.7
58,49,30.39,0,478.15
59,48,30.39,0,494.74
59,43,30.39,0,505.7
59,41,30.39,0,365.58
58,50,30.39,0,622.57
57,43,30.39,0,717.54
57,49,30.39,0,310.36
58,47,30.39,0,192.4
59,48,30.39,0,180.59
60,43,30.39,0,409.89
60,32,30.39,0,643.81
60,37,30.39,0,604.56
60,38,30.39,0,645.61
61,29,30.39,0,658.01
61,40,30.39,0,666.51
62,27,30.4,0,681.9
62,28,30.39,0,695.44
62,31,30.39,0,706.94
62,23,30.39,0,716.84
61,24,30.39,0,735.01
62,22,30.4,0,747.7
62,22,30.4,0,758.82
63,28,30.4,0,771.17
63,24,30.4,0,673.07
63,25,30.4,0,793.33
63,21,30.4,0,796.79
63,26,30.4,0,818.15
62,27,30.4,0,840.59
62,27,30.41,0,717.11
62,27,30.41,0,897.41
62,23,30.41,0,656.02
62,27,30.41,0,814.12
62,25,30.41,0,844.53
62,29,30.41,0,879.01
62,29,30.41,0,887.64
62,32,30.41,0,906.19
61,27,30.41,0,817.57
61,35,30.42,0,909.87
61,36,30.42,0,903.57
61,43,30.42,0,895.89
61,37,30.41,0,899.54
61,38,30.41,0,903.16
60,35,30.41,0,901.52
59,56,30.41,0,906.65
58,73,30.41,0,906.73
58,81,30.42,0,899.19
57,79,30.41,0,899.42
56,80,30.42,0,896.55
56,81,30.42,0,895.41
55,87,30.42,0,894.92
54,91,30.42,0,908.25
54,92,30.43,0,375.35
54,95,30.43,0,856.08
54,95,30.43,0,665.49
54,95,30.43,0,645.82
54,93,30.43,0,310.63
55,93,30.43,0,1048.11
55,89,30.43,0,811.58
55,91,30.43,0,723.11
54,92,30.43,0,648.36
54,95,30.44,0,434.07
54,97,30.44,0,543.75
53,98,30.44,0,579.26
53,98,30.44,0,827.66
53,98,30.44,0,608.24
53,97,30.44,0,487.09
53,98,30.44,0,475.12
53,98,30.44,0,982.55
53,98,30.44,0,338.64
53,98,30.44,0,402.72
53,98,30.44,0,646.1
52,98,30.44,0,395.16
52,98,30.44,0,519.58
52,98,30.45,0,434.37
52,98,30.45,0,360.26
52,98,30.45,0,480.83
52,97,30.45,0,639.0
52,96,30.45,0,410.34
53,95,30.45,0,311.2
53,95,30.45,0,272.63
53,94,30.45,0,427.14
53,92,30.45,0,354.45
54,91,30.45,0,331.47
53,90,30.45,0,347.85
53,88,30.45,0,255.28
53,86,30.45,0,283.85
54,84,30.45,0,241.22
53,84,30.44,0,263.3
53,84,30.44,0,405.57
52,85,30.45,0,479.41
52,84,30.45,0,286.73
52,83,30.45,0,197.14
52,81,30.45,0,189.46
52,79,30.44,0,146.64
52,77,30.44,0,162.99
51,77,30.44,0,165.26
51,74,30.44,0,311.11
49,77,30.44,0,272.47
48,69,30.44,0,91.02
48,68,30.43,0,26.39
48,71,30.43,0,22.51
47,65,30.44,0,21.79
47,66,30.44,0,21.05
47,60,30.43,0,20.3
47,59,30.43,0,19.37
46,53,30.43,0,18.47
46,56,30.43,0,17.43
46,55,30.43,0,16.23
46,59,30.43,0,14.8
46,60,30.43,0,13.3
46,63,30.43,0,11.46
46,58,30.43,0,9.52
46,52,30.43,0,7.43
46,49,30.43,0,5.33
46,45,30.43,0,3.29
45,44,30.43,0,1.89
45,45,30.42,0,1.21
45,46,30.42,0,1.19
45,46,30.42,0,1.21
45,46,30.42,0,1.22
46,46,30.42,0,1.21
46,46,30.42,0,1.23
46,45,30.42,0,1.22
46,43,30.42,0,1.2
46,39,30.42,0,1.21
46,31,30.42,0,1.19
46,31,30.42,0,1.21
46,29,30.42,0,1.19
46,28,30.42,0,1.19
46,27,30.42,0,1.22
46,28,30.42,0,1.21
46,30,30.42,0,1.2
46,29,30.42,0,1.24
47,30,30.42,0,1.2
47,28,30.42,0,1.14
47,30,30.42,0,1.2
47,29,30.42,0,1.22
47,29,30.42,0,1.24
47,31,30.42,0,1.15
47,31,30.42,0,1.24
47,32,30.42,0,1.22
47,32,30.42,0,1.22
47,33,30.42,0,1.17
47,33,30.42,0,1.2
47,33,30.42,0,1.25
47,32,30.42,0,1.23
47,31,30.42,0,1.22
47,30,30.42,0,1.21
47,29,30.42,0,1.21
47,28,30.42,0,1.24
47,27,30.42,0,1.23
47,26,30.42,0,1.21
47,25,30.42,0,1.2
47,25,30.42,0,1.2
47,25,30.42,0,1.2
47,24,30.42,0,1.2
47,24,30.42,0,1.19
47,24,30.42,0,1.2
46,25,30.42,0,1.21
47,25,30.42,0,1.21
47,25,30.42,0,1.23
47,26,30.43,0,1.26
47,26,30.43,0,1.2
47,26,30.43,0,1.25
47,25,30.43,0,1.18
47,26,30.43,0,1.26
47,27,30.43,0,1.2
47,26,30.43,0,1.21
47,27,30.43,0,1.21
47,28,30.43,0,1.25
47,27,30.43,0,1.18
48,27,30.43,0,1.22
48,27,30.43,0,1.22
48,27,30.43,0,1.24
48,27,30.43,0,1.24
48,29,30.44,0,1.21
48,27,30.44,0,1.21
48,26,30.43,0,1.18
48,26,30.43,0,1.21
48,25,30.43,0,1.21
48,24,30.43,0,1.18
47,24,30.43,0,1.22
47,23,30.44,0,1.22
47,22,30.44,0,1.21
47,23,30.44,0,1.22
48,23,30.44,0,1.22
48,22,30.44,0,1.22
48,22,30.44,0,1.21
48,22,30.44,0,1.22
48,22,30.44,0,1.19
48,22,30.45,0,1.21
48,23,30.45,0,1.21
48,23,30.45,0,1.19
48,22,30.45,0,1.21
49,22,30.45,0,1.2
49,21,30.45,0,1.2
49,22,30.45,0,1.22
49,21,30.45,0,1.21
49,22,30.45,0,1.22
49,21,30.45,0,1.21
49,21,30.45,0,1.21
49,22,30.45,0,1.2
49,22,30.45,0,1.2
49,21,30.45,0,1.2
49,21,30.45,0,1.23
49,21,30.45,0,1.2
49,21,30.45,0,1.22
49,21,30.45,0,1.24
49,21,30.45,0,1.19
49,21,30.45,0,1.22
49,21,30.45,0,1.21
49,21,30.45,0,1.25
50,21,30.45,0,1.23
50,21,30.45,0,1.19
50,21,30.45,0,1.23
50,21,30.45,0,1.19
50,21,30.45,0,1.22
50,21,30.45,0,1.25
50,21,30.45,0,1.24
50,22,30.45,0,1.22
50,22,30.45,0,1.22
50,21,30.45,0,1.21
50,21,30.45,0,1.19
50,21,30.45,0,1.21
50,21,30.45,0,1.2
50,21,30.45,0,1.23
50,21,30.45,0,1.23
50,21,30.45,0,1.22
50,21,30.45,0,1.21
50,21,30.45,0,1.23
50,22,30.45,0,1.22
50,21,30.45,0,1.26
50,22,30.45,0,1.24
50,21,30.45,0,1.21
50,21,30.45,0,1.23
50,21,30.45,0,1.22
51,21,30.45,0,1.24
51,21,30.45,0,1.21
51,21,30.45,0,1.22
51,21,30.44,0,1.21
51,21,30.44,0,1.22
51,21,30.44,0,1.22
51,21,30.44,0,1.23
51,21,30.44,0,1.23
51,21,30.44,0,1.22
51,20,30.44,0,1.24
51,20,30.44,0,1.21
51,21,30.43,0,1.22
52,21,30.43,0,1.21
52,20,30.43,0,1.22
52,20,30.43,0,1.23
52,20,30.43,0,1.24
52,20,30.43,0,1.3
53,20,30.43,0,1.27
53,19,30.42,0,1.25
53,19,30.42,0,1.23
53,19,30.42,0,1.23
53,19,30.42,0,1.23
54,19,30.42,0,1.21
54,19,30.42,0,1.19
54,19,30.42,0,1.24
54,19,30.41,0,1.2
54,18,30.41,0,1.2
55,18,30.41,0,1.24
55,19,30.41,0,1.88
55,19,30.42,0,7.99
56,19,30.41,0,4.38
56,18,30.41,0,6.4
56,22,30.41,0,15.01
56,24,30.41,0,25.84
57,24,30.41,0,42.17
57,22,30.41,0,39.94
58,18,30.41,0,45.45
58,19,30.4,0,54.99
58,19,30.4,0,75.46
58,24,30.4,0,98.56
58,27,30.4,0,117.13
58,31,30.4,0,208.71
58,31,30.4,0,129.69
58,32,30.4,0,182.97
59,31,30.4,0,141.22
59,27,30.4,0,191.26
59,24,30.4,0,362.8
59,29,30.4,0,379.67
59,32,30.4,0,282.85
59,32,30.4,0,398.47
58,36,30.4,0,409.1
58,36,30.4,0,435.02
58,40,30.4,0,184.34
58,39,30.4,0,326.45
59,43,30.4,0,145.36
59,38,30.4,0,410.68
59,40,30.4,0,301.7
59,44,30.4,0,260.0
59,42,30.4,0,401.86
59,45,30.4,0,504.03
59,43,30.4,0,413.27
59,44,30.41,0,433.19
60,47,30.41,0,456.62
60,39,30.41,0,546.8
60,33,30.41,0,644.77
60,33,30.41,0,663.61
60,36,30.41,0,384.92
61,30,30.41,0,452.09
61,33,30.41,0,700.73
60,38,30.41,0,706.07
60,35,30.41,0,718.4
60,35,30.41,0,730.47
61,36,30.41,0,742.91
61,30,30.41,0,755.7
61,33,30.41,0,769.39
61,31,30.41,0,779.36
61,27,30.41,0,791.21
61,28,30.41,0,802.56
61,29,30.41,0,810.72
61,31,30.41,0,820.19
61,28,30.42,0,830.54
61,28,30.42,0,838.9
62,26,30.42,0,846.61
62,25,30.42,0,856.34
61,25,30.42,0,862.66
61,25,30.42,0,870.22
61,27,30.42,0,877.55
61,29,30.42,0,885.28
61,32,30.42,0,886.25
61,33,30.43,0,889.58
61,29,30.43,0,894.9
61,27,30.43,0,899.59
61,28,30.43,0,902.23
61,27,30.43,0,906.21
61,27,30.43,0,908.22
61,28,30.43,0,908.85
60,26,30.43,0,909.59
60,28,30.44,0,910.0
61,29,30.44,0,909.06
60,30,30.44,0,907.3
60,31,30.44,0,906.24
59,30,30.44,0,906.82
59,31,30.44,0,902.24
59,30,30.45,0,907.74
59,28,30.45,0,899.81
59,28,30.45,0,901.66
59,26,30.45,0,936.01
59,24,30.45,0,364.28
60,24,30.45,0,359.47
60,22,30.45,0,881.1
60,23,30.46,0,910.28
61,21,30.46,0,893.05
62,21,30.45,0,865.58
62,22,30.45,0,863.68
61,22,30.45,0,846.02
60,21,30.45,0,850.56
60,21,30.46,0,643.95
60,20,30.46,0,376.85
60,20,30.46,0,883.37
59,21,30.46,0,862.97
59,20,30.46,0,633.64
59,21,30.46,0,783.55
58,21,30.46,0,761.93
58,22,30.47,0,746.9
58,22,30.47,0,735.29
57,23,30.47,0,734.2
57,25,30.46,0,653.88
58,24,30.46,0,214.23
58,25,30.47,0,393.84
58,24,30.47,0,725.89
58,23,30.47,0,643.6
58,23,30.46,0,653.11
58,23,30.46,0,622.58
58,24,30.46,0,602.81
58,25,30.46,0,585.31
59,24,30.46,0,565.83
59,25,30.46,0,549.52
58,24,30.46,0,530.36
58,24,30.46,0,512.25
58,24,30.46,0,494.5
59,23,30.46,0,477.59
60,21,30.45,0,459.1
61,13,30.45,0,440.36
60,13,30.45,0,421.64
59,15,30.45,0,402.11
59,15,30.45,0,382.78
59,15,30.45,0,363.13
58,15,30.45,0,341.47
57,15,30.45,0,317.48
56,16,30.44,0,292.02
56,16,30.44,0,263.89
55,16,30.44,0,24.27
54,17,30.44,0,23.27
54,17,30.44,0,23.01
53,18,30.44,0,21.58
53,19,30.44,0,20.5
53,19,30.44,0,19.47
53,19,30.44,0,18.51
53,19,30.43,0,17.48
53,19,30.43,0,16.38
52,19,30.43,0,15.57
52,20,30.43,0,16.05
51,20,30.43,0,15.77
51,21,30.43,0,13.48
51,20,30.43,0,8.22
51,20,30.43,0,3.71
51,20,30.43,0,2.94
51,20,30.42,0,3.07
51,20,30.43,0,1.24
51,20,30.42,0,1.23
51,20,30.42,0,1.21
52,20,30.43,0,1.23
52,20,30.42,0,1.22
52,20,30.42,0,1.2
52,20,30.42,0,1.25
52,20,30.42,0,1.18
52,20,30.42,0,1.25
52,20,30.42,0,1.21
52,21,30.42,0,1.22
52,20,30.42,0,1.24
52,20,30.41,0,1.2
52,20,30.41,0,1.22
52,20,30.41,0,1.26
52,21,30.41,0,1.25
52,21,30.41,0,1.24
52,20,30.41,0,1.23
52,20,30.42,0,1.21
52,21,30.41,0,1.18
52,21,30.41,0,1.25
52,20,30.41,0,1.24
52,21,30.41,0,1.22
52,21,30.41,0,1.2
52,21,30.41,0,1.24
52,20,30.41,0,1.21
52,20,30.41,0,1.22
52,20,30.41,0,1.25
52,20,30.41,0,1.24
52,20,30.41,0,1.22
52,20,30.41,0,1.24
52,20,30.41,0,1.16
52,20,30.41,0,1.26
52,20,30.4,0,1.24
52,21,30.41,0,1.23
52,22,30.4,0,1.24
52,22,30.41,0,1.21
52,21,30.4,0,1.26
52,21,30.41,0,1.23
52,21,30.4,0,1.22
51,20,30.41,0,1.21
51,21,30.41,0,1.21
52,22,30.41,0,1.24
52,21,30.41,0,1.24
52,21,30.41,0,1.23
52,21,30.41,0,1.2
52,21,30.41,0,1.22
52,21,30.41,0,1.24
52,21,30.41,0,1.26
52,21,30.41,0,1.24
52,22,30.41,0,1.27
52,22,30.41,0,1.3
52,22,30.41,0,1.22
52,23,30.41,0,1.24
51,22,30.41,0,1.23
51,23,30.41,0,1.2
51,23,30.42,0,1.22
51,23,30.42,0,1.23
51,23,30.42,0,1.2
51,23,30.42,0,1.22
51,23,30.42,0,1.22
51,23,30.42,0,1.23
51,23,30.42,0,1.21
51,23,30.42,0,1.22
51,23,30.42,0,1.24
51,23,30.42,0,1.26
51,23,30.42,0,1.24
51,22,30.43,0,1.23
51,22,30.43,0,1.25
52,22,30.43,0,1.22
51,22,30.43,0,1.21
52,22,30.43,0,1.23
52,22,30.43,0,1.22
52,21,30.43,0,1.24
51,21,30.43,0,1.22
51,22,30.43,0,1.22
51,22,30.43,0,1.21
51,23,30.43,0,1.22
51,23,30.43,0,1.22
51,23,30.43,0,1.21
51,23,30.43,0,1.23
51,24,30.43,0,1.21
51,24,30.43,0,1.24
50,26,30.43,0,1.23
50,27,30.44,0,1.22
50,27,30.43,0,1.23
50,27,30.43,0,1.22
50,28,30.43,0,1.23
50,28,30.44,0,1.22
50,29,30.44,0,1.19
49,31,30.44,0,1.21
48,34,30.44,0,1.2
47,38,30.44,0,1.24
44,48,30.44,0,1.2
44,81,30.44,0,1.2
44,80,30.44,0,1.19
45,83,30.44,0,1.22
45,68,30.44,0,1.22
45,64,30.44,0,1.19
45,70,30.45,0,1.21
45,81,30.44,0,1.17
45,91,30.44,0,1.18
45,95,30.44,0,1.22
45,95,30.44,0,1.21
45,96,30.44,0,1.2
44,96,30.44,0,1.19
44,97,30.44,0,1.21
45,97,30.44,0,1.2
45,96,30.45,0,1.24
45,95,30.45,0,1.22
46,94,30.45,0,1.22
47,91,30.44,0,1.2
46,90,30.44,0,1.2
46,77,30.44,0,1.22
46,88,30.44,0,1.2
46,94,30.45,0,1.21
46,95,30.45,0,1.17
46,94,30.44,0,1.23
46,93,30.44,0,1.21
46,95,30.44,0,1.23
46,95,30.45,0,1.17
46,94,30.44,0,1.2
46,92,30.44,0,1.23
46,90,30.44,0,1.23
47,87,30.44,0,1.18
47,81,30.44,0,1.23
47,83,30.44,0,1.2
48,80,30.44,0,1.2
48,78,30.44,0,1.23
48,66,30.44,0,1.19
47,84,30.44,0,1.18
48,84,30.44,0,1.21
49,78,30.44,0,1.23
50,68,30.43,0,1.18
53,57,30.44,0,1.25
54,25,30.44,0,1.26
54,23,30.43,0,1.24
54,23,30.43,0,1.27
54,23,30.43,0,1.25
55,23,30.43,0,1.23
55,23,30.43,0,1.24
55,22,30.43,0,1.25
55,21,30.43,0,1.23
55,22,30.42,0,1.24
55,22,30.42,0,1.22
55,22,30.42,0,1.23
55,21,30.42,0,1.22
56,22,30.42,0,1.25
56,21,30.42,0,1.87
56,21,30.41,0,3.3
56,21,30.42,0,5.29
57,21,30.41,0,7.34
57,21,30.41,0,9.5
58,21,30.41,0,11.62
58,20,30.41,0,24.68
59,21,30.42,0,31.75
59,21,30.42,0,45.77
60,21,30.41,0,64.77
61,21,30.41,0,85.46
61,21,30.42,0,107.5
61,20,30.41,0,132.17
62,18,30.41,0,158.34
62,18,30.41,0,184.88
62,19,30.41,0,212.42
62,20,30.41,0,240.49
63,19,30.41,0,267.22
63,19,30.41,0,294.41
63,19,30.41,0,320.33
63,18,30.41,0,343.47
64,18,30.42,0,363.48
64,17,30.41,0,383.21
64,16,30.41,0,403.49
64,17,30.41,0,422.37
64,16,30.41,0,442.04
64,18,30.41,0,460.6
64,18,30.41,0,480.01
64,18,30.41,0,498.85
64,19,30.41,0,516.77
64,18,30.41,0,535.73
64,21,30.41,0,552.52
64,18,30.41,0,570.44
65,17,30.41,0,588.26
65,18,30.41,0,604.55
65,19,30.41,0,620.89
66,17,30.41,0,636.96
65,17,30.41,0,652.1
66,15,30.41,0,669.05
66,15,30.41,0,684.66
66,15,30.41,0,699.15
67,13,30.41,0,713.03
67,15,30.41,0,727.13
67,15,30.41,0,738.77
67,16,30.41,0,751.57
67,16,30.41,0,762.64
66,16,30.41,0,773.21
67,16,30.42,0,787.87
67,15,30.41,0,797.89
66,16,30.42,0,809.93
66,15,30.42,0,817.9
66,16,30.42,0,828.01
66,15,30.42,0,837.22
66,16,30.42,0,845.54
66,14,30.42,0,854.83
66,18,30.42,0,861.19
66,16,30.43,0,867.81
66,18,30.43,0,875.69
65,17,30.43,0,882.81
66,16,30.44,0,887.92
65,18,30.44,0,892.67
64,29,30.44,0,895.05
64,32,30.44,0,899.17
64,29,30.44,0,899.99
64,30,30.45,0,904.44
64,27,30.45,0,907.84
64,23,30.45,0,912.34
64,28,30.45,0,911.87
64,28,30.45,0,911.08
64,30,30.46,0,913.29
63,23,30.46,0,909.61
63,38,30.46,0,908.24
63,39,30.46,0,903.33
63,42,30.46,0,905.3
63,45,30.47,0,900.92
62,36,30.47,0,901.75
62,40,30.47,0,894.37
62,36,30.47,0,892.93
63,33,30.47,0,891.58
64,29,30.47,0,888.22
65,17,30.48,0,883.17
65,15,30.47,0,878.28
64,17,30.48,0,871.72
65,14,30.48,0,865.13
65,15,30.48,0,857.46
65,14,30.48,0,850.27
64,15,30.48,0,842.55
64,16,30.48,0,834.83
64,15,30.48,0,826.03
64,15,30.48,0,816.26
64,15,30.49,0,805.81
64,14,30.49,0,796.12
64,16,30.49,0,784.81
64,16,30.49,0,772.89
63,17,30.49,0,761.36
63,17,30.48,0,749.0
63,16,30.49,0,734.37
62,18,30.49,0,721.58
62,18,30.49,0,708.03
61,18,30.49,0,693.27
61,20,30.49,0,679.03
61,19,30.49,0,664.09
61,21,30.49,0,649.27
61,19,30.49,0,633.14
61,20,30.48,0,617.84
61,18,30.48,0,601.78
61,17,30.48,0,585.71
61,16,30.48,0,568.44
61,16,30.48,0,552.01
60,15,30.48,0,534.59
60,14,30.48,0,517.13
60,15,30.48,0,499.1
60,14,30.47,0,480.79
59,15,30.47,0,462.5
59,15,30.47,0,443.73
58,16,30.47,0,424.2
58,15,30.47,0,405.39
57,17,30.47,0,385.54
56,16,30.47,0,366.01
55,18,30.47,0,344.83
54,18,30.47,0,320.4
53,18,30.47,0,295.33
52,19,30.47,0,264.36
52,19,30.47,0,24.09
52,18,30.47,0,22.07
51,19,30.47,0,21.46
51,19,30.47,0,20.84
51,19,30.47,0,20.16
50,18,30.47,0,19.39
50,19,30.46,0,18.52
50,20,30.46,0,17.52
49,20,30.46,0,16.37
49,20,30.46,0,15.07
49,20,30.46,0,13.53
49,21,30.46,0,11.86
49,20,30.46,0,9.93
49,21,30.45,0,7.87
49,20,30.45,0,5.77
49,20,30.45,0,3.66
49,20,30.45,0,2.03
49,21,30.45,0,1.2
49,21,30.44,0,1.23
49,21,30.44,0,1.18
49,21,30.44,0,1.22
49,21,30.44,0,1.22
50,20,30.44,0,1.23
50,20,30.44,0,1.22
50,20,30.44,0,1.23
49,20,30.44,0,1.25
49,20,30.44,0,1.23
49,20,30.44,0,1.24
49,20,30.44,0,1.22
49,21,30.44,0,1.22
49,21,30.44,0,1.23
49,21,30.44,0,1.23
49,21,30.44,0,1.24
48,23,30.44,0,1.25
48,23,30.44,0,1.21
48,22,30.44,0,1.24
48,22,30.44,0,1.21
49,22,30.44,0,1.22
49,21,30.44,0,1.23
49,22,30.43,0,1.2
49,20,30.43,0,1.19
49,21,30.43,0,1.23
49,21,30.43,0,1.22
49,20,30.43,0,1.21
49,19,30.43,0,1.2
49,20,30.43,0,1.21
49,21,30.43,0,1.22
48,22,30.43,0,1.23
48,22,30.43,0,1.18
48,22,30.43,0,1.17
48,23,30.43,0,1.2
48,24,30.44,0,1.21
48,23,30.44,0,1.22
48,24,30.44,0,1.22
48,23,30.44,0,1.25
48,24,30.44,0,1.26
48,24,30.44,0,1.18
48,24,30.44,0,1.2
48,24,30.44,0,1.25
47,24,30.44,0,1.26
47,25,30.44,0,1.21
47,25,30.44,0,1.22
46,25,30.45,0,1.23
46,26,30.45,0,1.21
46,27,30.45,0,1.23
46,27,30.45,0,1.19
46,28,30.45,0,1.21
46,28,30.45,0,1.2
46,28,30.45,0,1.21
46,28,30.45,0,1.2
46,28,30.46,0,1.24
46,28,30.45,0,1.22
47,28,30.46,0,1.21
47,28,30.46,0,1.23
47,27,30.46,0,1.2
46,28,30.46,0,1.22
46,29,30.46,0,1.22
46,30,30.46,0,1.21
47,30,30.46,0,1.24
47,30,30.47,0,1.21
47,30,30.47,0,1.25
47,29,30.47,0,1.22
47,29,30.46,0,1.23
47,28,30.47,0,1.24
47,29,30.47,0,1.23
48,29,30.47,0,1.24
48,27,30.47,0,1.2
48,29,30.47,0,1.23
48,29,30.47,0,1.23
48,28,30.47,0,1.22
48,29,30.47,0,1.26
48,29,30.47,0,1.2
48,30,30.47,0,1.16
48,30,30.47,0,1.19
48,30,30.48,0,1.23
48,30,30.48,0,1.23
48,30,30.48,0,1.21
48,29,30.48,0,1.19
48,29,30.48,0,1.23
48,30,30.48,0,1.22
48,30,30.48,0,1.23
48,31,30.48,0,1.24
48,31,30.48,0,1.22
48,30,30.48,0,1.2
48,30,30.48,0,1.24
48,31,30.48,0,1.19
48,30,30.48,0,1.25
48,30,30.48,0,1.21
48,31,30.48,0,1.2
48,32,30.48,0,1.24
48,32,30.48,0,1.15
48,32,30.48,0,1.22
48,32,30.48,0,1.21
48,32,30.48,0,1.21
48,32,30.48,0,1.22
48,33,30.48,0,1.23
48,33,30.48,0,1.2
48,33,30.48,0,1.21
48,34,30.48,0,1.24
48,34,30.48,0,1.19
48,36,30.48,0,1.18
48,36,30.48,0,1.22
48,38,30.48,0,1.25
48,37,30.48,0,1.18
48,37,30.48,0,1.2
48,40,30.48,0,1.2
48,39,30.48,0,1.22
49,39,30.48,0,1.24
49,37,30.48,0,1.22
49,35,30.48,0,1.23
49,33,30.48,0,1.21
49,34,30.48,0,1.22
49,34,30.48,0,1.23
49,34,30.48,0,1.22
49,37,30.47,0,1.24
50,37,30.47,0,1.2
50,36,30.47,0,1.24
50,35,30.47,0,1.18
50,34,30.47,0,1.22
50,35,30.47,0,1.2
50,39,30.47,0,1.22
50,45,30.47,0,1.19
49,48,30.46,0,1.24
50,51,30.47,0,1.22
50,53,30.46,0,1.25
50,45,30.46,0,1.22
49,52,30.46,0,1.22
49,54,30.46,0,1.19
49,59,30.46,0,1.24
48,64,30.46,0,1.21
48,70,30.46,0,1.19
49,84,30.46,0,1.21
49,84,30.46,0,1.21
50,77,30.46,0,1.22
50,75,30.46,0,1.23
50,78,30.45,0,1.2
50,79,30.45,0,1.2
50,91,30.45,0,1.26
50,92,30.45,0,1.23
50,94,30.45,0,1.25
50,95,30.45,0,1.22
50,95,30.45,0,1.24
51,95,30.45,0,1.22
51,95,30.45,0,1.19
51,95,30.45,0,1.78
51,96,30.45,0,3.05
52,95,30.45,0,5.2
52,95,30.45,0,7.22
52,95,30.45,0,18.92
53,95,30.45,0,19.45
53,94,30.44,0,37.15
53,92,30.44,0,32.21
54,93,30.44,0,48.03
54,94,30.44,0,63.59
54,95,30.44,0,84.57
54,96,30.44,0,105.35
54,96,30.44,0,44.68
54,97,30.44,0,173.82
54,96,30.44,0,213.93
55,96,30.44,0,386.01
54,95,30.44,0,93.51
54,95,30.44,0,178.83
55,94,30.44,0,275.19
56,93,30.44,0,261.44
56,90,30.44,0,371.56
57,89,30.44,0,511.34
58,85,30.44,0,490.58
58,84,30.44,0,521.0
58,84,30.44,0,422.38
58,85,30.44,0,474.65
58,85,30.44,0,517.74
57,88,30.44,0,522.21
56,90,30.44,0,600.76
56,91,30.44,0,524.55
56,92,30.44,0,174.84
56,94,30.44,0,244.05
56,92,30.44,0,311.69
57,92,30.44,0,312.55
58,88,30.44,0,675.87
58,85,30.44,0,596.49
58,84,30.44,0,635.75
58,86,30.44,0,786.84
58,81,30.44,0,804.04
58,79,30.44,0,687.42
57,81,30.44,0,699.47
57,84,30.44,0,708.35
56,86,30.44,0,721.77
56,87,30.44,0,735.96
56,90,30.44,0,785.68
56,89,30.44,0,894.42
56,89,30.44,0,704.46
55,90,30.44,0,816.16
56,90,30.44,0,690.05
56,87,30.44,0,667.36
57,84,30.44,0,795.58
57,83,30.44,0,877.35
57,83,30.44,0,906.32
57,83,30.45,0,836.67
58,84,30.45,0,857.42
57,78,30.45,0,1008.91
57,80,30.45,0,855.98
56,83,30.45,0,866.45
55,82,30.45,0,863.92
54,92,30.45,0,861.51
54,98,30.45,0,885.92
54,100,30.45,0,865.68
54,100,30.45,0,1189.26
54,99,30.45,0,593.06
55,100,30.46,0,578.31
54,99,30.45,0,947.58
54,99,30.46,0,733.78
54,98,30.46,0,449.94
55,97,30.46,0,581.54
55,97,30.46,0,332.91
55,97,30.46,0,455.02
54,96,30.46,0,723.35
54,95,30.46,0,712.43
54,96,30.47,0,368.73
55,96,30.47,0,239.56
55,98,30.47,0,860.42
55,99,30.47,0,750.09
55,99,30.47,0,403.62
55,99,30.47,0,723.31
54,99,30.48,0,661.81
54,99,30.48,0,736.17
54,99,30.48,0,407.69
54,99,30.48,0,494.62
54,99,30.48,0,586.2
54,99,30.48,0,699.08
54,98,30.49,0,738.96
54,98,30.48,0,388.14
54,98,30.49,0,498.79
54,97,30.49,0,463.39
54,96,30.49,0,428.82
54,96,30.49,0,442.22
53,96,30.49,0,428.86
53,96,30.49,0,659.05
53,96,30.49,0,440.41
53,94,30.5,0,334.72
53,94,30.5,0,442.75
52,94,30.5,0,641.59
53,94,30.49,0,278.26
53,93,30.49,0,422.0
52,93,30.49,0,492.28
53,91,30.49,0,297.89
53,88,30.49,0,336.46
54,85,30.49,0,314.46
53,82,30.49,0,528.97
53,81,30.49,0,612.83
53,79,30.48,0,629.82
53,75,30.48,0,586.53
52,74,30.48,0,562.58
52,72,30.47,0,544.85
52,70,30.48,0,528.35
51,71,30.48,0,510.36
51,69,30.47,0,494.04
51,67,30.47,0,476.43
51,70,30.47,0,457.2
51,59,30.47,0,439.72
51,54,30.47,0,421.54
51,52,30.47,0,402.68
51,52,30.47,0,382.78
51,51,30.47,0,363.26
50,51,30.47,0,343.48
49,50,30.47,0,319.86
48,50,30.47,0,294.61
47,51,30.46,0,267.77
47,53,30.46,0,24.57
46,54,30.46,0,22.09
46,55,30.46,0,21.5
46,55,30.46,0,20.91
45,54,30.46,0,20.22
45,52,30.46,0,19.5
45,50,30.45,0,18.63
45,49,30.45,0,17.68
44,49,30.45,0,16.6
44,50,30.45,0,15.25
44,50,30.44,0,13.74
44,51,30.44,0,12.03
44,52,30.44,0,10.09
44,52,30.44,0,7.99
44,51,30.44,0,5.86
44,53,30.44,0,3.68
44,52,30.44,0,2.14
44,53,30.44,0,1.21
44,54,30.44,0,1.2
44,55,30.44,0,1.21
44,55,30.44,0,1.2
44,54,30.44,0,1.2
44,54,30.44,0,1.21
44,54,30.44,0,1.19
44,55,30.43,0,1.19
45,55,30.43,0,1.18
45,53,30.43,0,1.19
45,52,30.43,0,1.18
45,53,30.43,0,1.22
45,54,30.42,0,1.23
45,55,30.42,0,1.19
45,53,30.42,0,1.19
45,53,30.42,0,1.21
45,54,30.42,0,1.24
44,55,30.42,0,1.21
45,57,30.42,0,1.21
45,56,30.42,0,1.2
44,55,30.42,0,1.23
44,56,30.42,0,1.23
44,57,30.43,0,1.23
44,56,30.42,0,1.22
44,57,30.43,0,1.22
44,58,30.43,0,1.2
44,58,30.43,0,1.21
44,60,30.43,0,1.22
44,60,30.43,0,1.21
44,62,30.43,0,1.21
44,63,30.43,0,1.18
44,64,30.43,0,1.21
44,67,30.43,0,1.18
44,68,30.43,0,1.22
44,70,30.43,0,1.22
44,70,30.43,0,1.2
45,70,30.43,0,1.22
45,70,30.43,0,1.22
45,71,30.43,0,1.19
45,71,30.43,0,1.22
44,73,30.43,0,1.23
44,75,30.43,0,1.22
44,78,30.43,0,1.19
44,79,30.43,0,1.2
44,78,30.44,0,1.19
44,79,30.44,0,1.21
44,79,30.44,0,1.23
44,78,30.44,0,1.22
45,79,30.44,0,1.2
45,78,30.44,0,1.2
45,78,30.44,0,1.2
45,79,30.44,0,1.2
44,79,30.44,0,1.2
45,79,30.44,0,1.21
45,79,30.44,0,1.21
44,80,30.44,0,1.21
44,80,30.44,0,1.2
44,79,30.44,0,1.21
44,79,30.45,0,1.2
44,79,30.45,0,1.22
44,79,30.45,0,1.22
44,79,30.45,0,1.21
44,79,30.45,0,1.24
44,78,30.45,0,1.19
44,77,30.45,0,1.19
44,78,30.46,0,1.22
44,78,30.46,0,1.19
44,78,30.46,0,1.22
44,78,30.46,0,1.22
44,79,30.46,0,1.19
45,79,30.46,0,1.21
45,79,30.46,0,1.2
45,80,30.46,0,1.19
45,79,30.46,0,1.2
45,79,30.46,0,1.17
45,80,30.46,0,1.22
45,80,30.46,0,1.2
46,80,30.46,0,1.21
46,79,30.46,0,1.22
46,81,30.46,0,1.2
46,81,30.46,0,1.2
46,82,30.47,0,1.21
46,83,30.47,0,1.18
46,84,30.47,0,1.23
45,86,30.47,0,1.18
45,89,30.47,0,1.18
45,92,30.47,0,1.2
45,98,30.47,0,1.22
46,101,30.47,0,1.23
46,102,30.47,0,1.25
47,102,30.47,0,1.23
47,102,30.47,0,1.2
47,102,30.47,0,1.2
47,102,30.48,0,1.23
48,102,30.48,0,1.21
48,102,30.48,0,1.19
48,102,30.48,0,1.22
48,102,30.48,0,1.22
48,102,30.48,0,1.22
48,102,30.48,0,1.28
48,102,30.48,0,1.2
48,102,30.48,0,1.23
48,102,30.48,0,1.24
48,102,30.48,0,1.22
48,102,30.48,0,1.2
48,102,30.48,0,1.26
48,102,30.48,0,1.2
48,102,30.48,0,1.23
48,102,30.48,0,1.23
48,102,30.47,0,1.23
49,102,30.47,0,1.22
49,102,30.47,0,1.26
49,102,30.48,0,1.24
49,102,30.47,0,1.2
49,102,30.48,0,1.22
49,102,30.48,0,1.23
49,102,30.48,0,1.2
49,102,30.48,0,1.23
49,102,30.47,0,1.21
49,102,30.48,0,1.2
49,102,30.48,0,1.2
49,102,30.47,0,1.21
49,102,30.47,0,1.25
49,101,30.48,0,1.22
49,101,30.48,0,1.21
50,101,30.48,0,1.22
50,101,30.48,0,1.25
50,101,30.47,0,1.2
50,101,30.47,0,1.2
50,101,30.47,0,1.23
50,101,30.47,0,1.22
50,101,30.47,0,1.22
50,101,30.47,0,1.21
50,101,30.47,0,1.21
50,101,30.47,0,1.24
50,101,30.47,0,1.22
50,101,30.47,0,1.2
50,101,30.47,0,1.24
51,101,30.46,0,1.23
51,101,30.46,0,1.23
51,101,30.46,0,1.22
51,101,30.46,0,1.23
51,101,30.46,0,1.23
51,101,30.46,0,1.24
51,100,30.46,0,1.22
51,100,30.45,0,1.24
51,100,30.45,0,1.21
51,100,30.45,0,1.27
51,100,30.45,0,1.25
51,100,30.45,0,1.9
51,100,30.45,0,3.02
51,99,30.45,0,5.43
51,99,30.45,0,9.74
52,99,30.45,0,14.83
52,98,30.44,0,62.56
52,98,30.44,0,109.93
52,100,30.44,0,139.61
52,100,30.44,0,157.9
52,101,30.44,0,161.85
52,101,30.44,0,236.46
51,101,30.44,0,174.29
51,101,30.44,0,153.94
51,101,30.44,0,139.58
51,101,30.44,0,148.29
51,100,30.44,0,116.23
51,100,30.44,0,94.08
52,100,30.44,0,129.61
52,100,30.44,0,41.76
52,100,30.43,0,56.3
52,100,30.43,0,361.43
53,100,30.43,0,105.53
52,100,30.43,0,142.49
53,100,30.43,0,117.63
53,100,30.43,0,267.98
53,99,30.43,0,416.2
53,99,30.43,0,78.74
53,99,30.43,0,141.74
54,99,30.43,0,273.62
53,99,30.43,0,577.37
53,99,30.43,0,550.49
53,98,30.43,0,107.62
53,98,30.43,0,292.06
53,99,30.43,0,247.21
53,99,30.43,0,312.24
53,99,30.43,0,320.48
53,99,30.43,0,511.48
54,99,30.43,0,495.13
54,99,30.43,0,354.5
54,98,30.43,0,446.47
55,98,30.43,0,195.17
55,98,30.43,0,368.07
54,98,30.43,0,1056.02
54,99,30.43,0,787.65
54,98,30.43,0,355.42
55,99,30.43,0,335.62
54,98,30.43,0,765.11
55,98,30.43,0,526.75
55,98,30.43,0,801.28
55,98,30.43,0,920.52
55,98,30.43,0,527.52
55,97,30.43,0,418.47
55,95,30.44,0,523.08
56,94,30.44,0,265.69
57,90,30.44,0,419.46
56,92,30.44,0,974.54
55,96,30.44,0,910.45
55,96,30.44,0,719.08
54,96,30.44,0,784.24
55,95,30.44,0,392.42
56,93,30.44,0,333.54
56,93,30.44,0,1009.73
57,93,30.45,0,474.19
57,88,30.45,0,1144.62
56,87,30.45,0,937.33
56,88,30.45,0,988.87
56,86,30.46,0,300.97
56,86,30.46,0,1230.56
55,86,30.46,0,301.56
54,89,30.46,0,757.74
53,95,30.47,0,918.84
53,98,30.47,0,796.45
53,99,30.47,0,401.62
53,98,30.47,0,619.13
54,97,30.47,0,468.78
55,97,30.47,0,457.82
54,96,30.47,0,445.3
54,98,30.47,0,1000.66
54,98,30.47,0,548.04
54,98,30.47,0,452.57
54,97,30.47,0,885.66
55,97,30.48,0,400.38
55,97,30.48,0,439.87
54,96,30.48,0,1098.63
54,98,30.48,0,477.36
53,98,30.49,0,794.41
53,98,30.49,0,795.96
53,97,30.49,0,562.84
53,97,30.49,0,794.51
54,97,30.49,0,461.31
53,98,30.49,0,530.34
53,98,30.49,0,316.07
53,98,30.49,0,347.24
53,99,30.49,0,433.58
53,99,30.49,0,542.99
52,99,30.49,0,525.43
52,99,30.49,0,314.94
52,99,30.49,0,443.71
52,99,30.49,0,391.71
52,98,30.49,0,421.38
52,98,30.49,0,273.04
52,97,30.49,0,315.46
52,97,30.49,0,279.35
52,96,30.49,0,309.67
52,95,30.49,0,276.49
52,93,30.49,0,282.02
53,92,30.49,0,302.64
53,90,30.49,0,315.15
53,87,30.49,0,280.34
53,85,30.48,0,288.19
53,84,30.48,0,325.66
53,81,30.48,0,246.58
53,80,30.48,0,248.37
53,79,30.48,0,239.47
53,77,30.48,0,297.28
53,74,30.48,0,453.84
53,74,30.48,0,377.11
52,73,30.48,0,365.87
51,75,30.47,0,339.54
51,73,30.47,0,253.83
49,63,30.47,0,245.23
48,64,30.47,0,269.65
48,66,30.47,0,25.27
48,63,30.47,0,22.38
47,65,30.47,0,21.75
47,68,30.46,0,21.01
47,69,30.46,0,20.32
47,65,30.46,0,19.51
47,61,30.46,0,18.59
47,55,30.46,0,17.61
47,48,30.46,0,16.5
46,50,30.46,0,15.22
46,52,30.45,0,13.75
46,53,30.45,0,12.09
46,53,30.45,0,10.17
45,53,30.45,0,8.25
46,53,30.45,0,6.05
46,53,30.45,0,3.93
46,45,30.45,0,2.26
46,42,30.45,0,1.27
46,39,30.45,0,1.19
46,38,30.44,0,1.18
45,41,30.44,0,1.19
45,45,30.44,0,1.17
45,45,30.44,0,1.18
45,52,30.44,0,1.18
45,52,30.44,0,1.21
45,52,30.44,0,1.24
45,54,30.43,0,1.18
45,55,30.44,0,1.22
45,54,30.44,0,1.23
45,52,30.44,0,1.2
45,49,30.43,0,1.19
45,47,30.44,0,1.22
45,45,30.44,0,1.23
45,44,30.43,0,1.19
45,42,30.43,0,1.17
45,42,30.44,0,1.2
45,39,30.43,0,1.22
44,37,30.44,0,1.19
44,34,30.44,0,1.2
44,33,30.44,0,1.21
44,32,30.44,0,1.17
44,31,30.44,0,1.19
44,30,30.44,0,1.24
45,29,30.44,0,1.21
45,29,30.44,0,1.2
45,27,30.44,0,1.21
45,27,30.44,0,1.23
45,27,30.44,0,1.21
45,27,30.44,0,1.19
45,26,30.44,0,1.19
45,26,30.44,0,1.19
45,26,30.44,0,1.15
45,26,30.44,0,1.19
45,26,30.44,0,1.18
45,27,30.44,0,1.21
45,27,30.44,0,1.19
45,27,30.44,0,1.15
45,28,30.44,0,1.2
45,28,30.44,0,1.19
45,27,30.45,0,1.24
45,27,30.45,0,1.2
45,27,30.44,0,1.2
45,27,30.45,0,1.2
45,27,30.45,0,1.21
45,27,30.44,0,1.2
45,28,30.45,0,1.21
45,28,30.45,0,1.2
46,28,30.45,0,1.22
46,29,30.45,0,1.19
46,29,30.45,0,1.2
46,29,30.45,0,1.19
46,29,30.45,0,1.21
45,29,30.46,0,1.21
45,28,30.46,0,1.21
45,28,30.46,0,1.22
46,27,30.46,0,1.19
46,26,30.46,0,1.2
46,26,30.46,0,1.21
46,25,30.46,0,1.21
46,25,30.46,0,1.19
46,25,30.46,0,1.22
46,25,30.46,0,1.22
46,25,30.46,0,1.2
46,26,30.46,0,1.2
46,26,30.46,0,1.22
46,27,30.46,0,1.19
46,28,30.46,0,1.19
46,27,30.46,0,1.2
46,29,30.46,0,1.19
46,31,30.46,0,1.21
46,33,30.46,0,1.22
46,32,30.47,0,1.2
46,34,30.47,0,1.19
46,39,30.47,0,1.18
46,44,30.47,0,1.17
46,48,30.47,0,1.21
46,53,30.47,0,1.19
46,57,30.47,0,1.21
46,64,30.47,0,1.18
46,68,30.47,0,1.21
45,72,30.47,0,1.19
45,76,30.47,0,1.21
45,79,30.47,0,1.21
45,81,30.47,0,1.22
45,82,30.47,0,1.21
45,83,30.47,0,1.2
45,84,30.47,0,1.19
45,84,30.48,0,1.19
45,84,30.48,0,1.22
45,84,30.47,0,1.2
45,84,30.47,0,1.24
45,84,30.47,0,1.2
45,84,30.47,0,1.2
45,84,30.47,0,1.19
45,84,30.47,0,1.18
45,84,30.47,0,1.19
45,85,30.47,0,1.17
45,86,30.47,0,1.21
44,87,30.47,0,1.19
44,87,30.47,0,1.17
44,87,30.47,0,1.16
44,87,30.47,0,1.21
45,87,30.47,0,1.18
45,87,30.47,0,1.19
45,87,30.47,0,1.21
45,88,30.47,0,1.21
45,88,30.47,0,1.21
45,88,30.47,0,1.21
45,88,30.47,0,1.22
45,89,30.47,0,1.2
45,89,30.47,0,1.25
45,90,30.47,0,1.2
45,90,30.47,0,1.19
45,90,30.47,0,1.24
45,91,30.47,0,1.21
45,92,30.47,0,1.21
45,94,30.47,0,1.22
45,97,30.47,0,1.19
45,99,30.47,0,1.21
45,99,30.47,0,1.19
45,99,30.47,0,1.17
46,100,30.47,0,1.22
46,100,30.46,0,1.22
46,100,30.47,0,1.21
47,100,30.47,0,1.23
47,99,30.46,0,1.23
47,99,30.46,0,1.21
47,99,30.46,0,1.21
47,99,30.46,0,1.22
47,99,30.46,0,1.19
47,99,30.45,0,1.2
48,99,30.45,0,1.2
48,98,30.45,0,1.23
48,98,30.45,0,1.21
48,98,30.44,0,1.2
48,98,30.44,0,1.23
48,98,30.44,0,1.19
48,98,30.44,0,1.2
48,97,30.44,0,1.23
48,96,30.44,0,1.21
48,96,30.44,0,1.21
48,95,30.44,0,1.21
48,95,30.43,0,1.22
48,94,30.43,0,1.24
48,93,30.43,0,1.2
48,92,30.43,0,1.89
49,92,30.43,0,3.16
49,93,30.43,0,5.34
49,91,30.43,0,7.41
49,91,30.43,0,10.81
49,91,30.43,0,40.76
50,89,30.42,0,26.98
50,87,30.42,0,32.94
51,86,30.42,0,46.44
51,85,30.42,0,65.86
51,83,30.42,0,84.78
52,82,30.42,0,106.35
52,83,30.42,0,130.7
52,82,30.42,0,156.17
52,83,30.42,0,182.05
53,81,30.42,0,211.05
53,76,30.42,0,237.12
53,79,30.42,0,262.15
53,78,30.42,0,288.51
54,80,30.42,0,311.77
54,77,30.41,0,335.11
54,77,30.41,0,355.28
54,77,30.41,0,374.76
55,76,30.41,0,395.29
55,74,30.41,0,413.58
55,76,30.41,0,431.09
55,70,30.42,0,452.09
55,71,30.41,0,470.23
56,73,30.41,0,487.35
56,71,30.42,0,506.01
56,70,30.41,0,524.2
56,63,30.42,0,541.65
56,67,30.42,0,558.53
56,65,30.42,0,576.68
57,69,30.42,0,591.96
57,63,30.42,0,607.69
57,65,30.42,0,626.56
57,69,30.42,0,641.18
57,64,30.42,0,656.77
58,65,30.42,0,672.59
58,65,30.42,0,687.23
58,64,30.42,0,703.4
58,65,30.41,0,715.47
58,62,30.42,0,730.21
58,64,30.42,0,742.57
58,65,30.42,0,753.89
58,63,30.42,0,766.72
58,65,30.42,0,777.65
58,68,30.42,0,787.82
57,68,30.42,0,797.49
57,68,30.42,0,809.85
58,67,30.43,0,818.28
58,68,30.43,0,826.77
57,64,30.43,0,837.95
58,62,30.43,0,843.32
58,63,30.43,0,854.41
58,65,30.43,0,859.3
58,65,30.44,0,864.93
58,65,30.43,0,873.87
58,65,30.44,0,880.11
58,65,30.44,0,885.42
59,63,30.44,0,891.26
59,61,30.44,0,895.0
59,60,30.45,0,899.16
59,59,30.45,0,902.1
59,58,30.45,0,905.63
59,59,30.46,0,904.91
59,59,30.45,0,908.7
59,54,30.46,0,909.22
59,56,30.46,0,908.91
59,59,30.46,0,911.27
59,60,30.46,0,910.08
59,56,30.46,0,908.54
59,57,30.46,0,908.99
59,53,30.46,0,905.46
59,53,30.46,0,904.35
59,54,30.47,0,901.84
59,51,30.47,0,893.82
58,52,30.47,0,891.55
58,51,30.47,0,887.35
58,54,30.47,0,884.03
58,54,30.47,0,878.52
58,54,30.47,0,870.45
58,51,30.47,0,865.92
58,51,30.47,0,857.81
58,52,30.48,0,848.71
58,51,30.48,0,841.14
58,50,30.48,0,832.64
58,48,30.48,0,825.51
57,48,30.48,0,815.51
57,44,30.48,0,806.25
57,43,30.48,0,797.76
57,43,30.48,0,786.06
57,40,30.48,0,774.66
57,41,30.48,0,762.48
57,42,30.48,0,748.4
57,41,30.48,0,737.3
57,40,30.48,0,725.84
57,41,30.48,0,710.82
57,40,30.48,0,696.84
56,39,30.48,0,682.81
56,40,30.48,0,668.92
56,39,30.48,0,652.66
56,40,30.48,0,637.66
56,40,30.48,0,621.88
55,41,30.48,0,606.38
55,42,30.48,0,589.75
55,45,30.48,0,572.87
55,47,30.48,0,556.28
55,51,30.48,0,537.83
54,50,30.47,0,521.4
54,53,30.47,0,502.62
53,54,30.47,0,483.86
53,55,30.47,0,465.1
53,57,30.47,0,446.44
53,59,30.47,0,427.97
53,58,30.47,0,408.7
52,58,30.47,0,389.61
52,60,30.47,0,369.61
51,61,30.46,0,348.89
50,63,30.46,0,326.42
49,63,30.46,0,301.14
48,64,30.46,0,274.43
48,64,30.46,0,24.57
47,62,30.46,0,21.62
47,57,30.46,0,21.05
47,44,30.46,0,20.46
46,43,30.46,0,19.8
45,46,30.46,0,19.12
45,47,30.46,0,18.36
44,47,30.46,0,17.46
44,52,30.46,0,16.41
44,63,30.46,0,15.23
44,55,30.46,0,13.88
44,57,30.45,0,12.27
44,60,30.45,0,10.43
44,59,30.45,0,8.4
44,61,30.45,0,6.4
44,61,30.45,0,4.3
44,60,30.45,0,2.44
44,58,30.45,0,1.38
44,59,30.45,0,1.18
44,60,30.44,0,1.24
44,57,30.44,0,1.22
44,57,30.44,0,1.2
44,59,30.44,0,1.21
45,56,30.44,0,1.18
45,59,30.44,0,1.19
44,55,30.44,0,1.17
44,55,30.44,0,1.19
44,60,30.44,0,1.19
44,60,30.44,0,1.18
44,62,30.44,0,1.21
44,65,30.44,0,1.17
44,65,30.44,0,1.21
44,65,30.44,0,1.2
44,63,30.44,0,1.19
45,63,30.44,0,1.18
45,63,30.44,0,1.2
45,62,30.44,0,1.2
45,61,30.44,0,1.19
45,59,30.44,0,1.21
44,61,30.44,0,1.25
44,63,30.44,0,1.21
45,62,30.43,0,1.2
44,63,30.43,0,1.19
44,63,30.43,0,1.21
44,68,30.43,0,1.22
44,70,30.43,0,1.22
44,69,30.44,0,1.2
45,67,30.44,0,1.19
45,67,30.44,0,1.2
45,67,30.44,0,1.24
46,67,30.44,0,1.22
46,67,30.44,0,1.23
46,66,30.44,0,1.2
46,65,30.44,0,1.2
46,63,30.44,0,1.24
46,64,30.44,0,1.2
46,63,30.44,0,1.22
46,62,30.44,0,1.22
46,61,30.44,0,1.23
46,62,30.44,0,1.21
46,61,30.44,0,1.16
46,60,30.44,0,1.19
46,57,30.44,0,1.23
45,57,30.44,0,1.19
45,57,30.44,0,1.24
45,56,30.44,0,1.19
45,57,30.44,0,1.23
45,59,30.44,0,1.19
45,61,30.45,0,1.2
45,64,30.45,0,1.21
46,65,30.45,0,1.18
46,66,30.45,0,1.25
46,66,30.45,0,1.19
46,67,30.45,0,1.2
46,66,30.45,0,1.2
46,64,30.46,0,1.21
46,61,30.46,0,1.19
46,60,30.46,0,1.21
46,58,30.46,0,1.22
46,58,30.46,0,1.21
46,56,30.46,0,1.2
46,51,30.46,0,1.21
47,51,30.47,0,1.21
47,48,30.47,0,1.16
47,46,30.47,0,1.23
47,46,30.47,0,1.19
47,44,30.47,0,1.19
47,44,30.47,0,1.24
46,44,30.47,0,1.21
47,45,30.47,0,1.2
47,45,30.47,0,1.2
47,46,30.47,0,1.23
47,46,30.47,0,1.23
47,46,30.48,0,1.2
47,46,30.48,0,1.24
47,47,30.48,0,1.19
47,47,30.48,0,1.2
47,48,30.48,0,1.2
47,48,30.48,0,1.19
47,50,30.48,0,1.2
47,51,30.48,0,1.21
47,52,30.48,0,1.24
47,52,30.48,0,1.2
47,52,30.48,0,1.18
47,50,30.48,0,1.22
47,49,30.48,0,1.2
47,48,30.48,0,1.21
47,49,30.49,0,1.23
47,49,30.49,0,1.17
47,49,30.49,0,1.22
47,49,30.49,0,1.23
47,49,30.49,0,1.26
47,51,30.49,0,1.22
47,52,30.49,0,1.25
47,53,30.49,0,1.23
47,54,30.49,0,1.22
48,55,30.49,0,1.18
48,55,30.49,0,1.23
48,55,30.49,0,1.18
48,56,30.49,0,1.22
48,57,30.49,0,1.21
48,58,30.49,0,1.2
48,57,30.49,0,1.23
48,57,30.49,0,1.24
48,58,30.49,0,1.21
48,56,30.49,0,1.2
48,55,30.49,0,1.21
48,56,30.49,0,1.23
48,58,30.49,0,1.19
48,58,30.49,0,1.21
48,61,30.49,0,1.25
48,57,30.49,0,1.21
49,56,30.49,0,1.22
49,56,30.49,0,1.2
49,54,30.49,0,1.21
49,52,30.48,0,1.22
49,52,30.48,0,1.22
50,54,30.48,0,1.21
50,53,30.48,0,1.26
50,54,30.48,0,1.23
50,56,30.48,0,1.23
50,57,30.48,0,1.25
50,58,30.48,0,1.21
51,57,30.48,0,1.24
51,59,30.48,0,1.22
51,63,30.47,0,1.24
51,65,30.47,0,1.23
51,63,30.47,0,1.21
51,66,30.47,0,1.2
50,66,30.47,0,1.26
51,67,30.47,0,1.24
51,62,30.47,0,1.24
51,57,30.46,0,1.19
51,56,30.46,0,1.22
52,59,30.46,0,1.23
52,60,30.46,0,1.24
52,56,30.46,0,1.22
53,59,30.46,0,1.23
53,63,30.46,0,1.26
53,62,30.46,0,1.26
54,61,30.46,0,1.23
54,54,30.46,0,1.24
54,52,30.45,0,1.22
54,55,30.45,0,1.24
54,60,30.45,0,1.23
54,69,30.45,0,1.58
54,67,30.45,0,2.83
54,71,30.45,0,4.78
55,83,30.45,0,7.66
55,81,30.45,0,10.58
55,77,30.45,0,15.84
55,76,30.44,0,20.51
55,80,30.44,0,30.42
55,80,30.44,0,39.74
55,84,30.44,0,32.79
55,82,30.44,0,37.59
55,85,30.44,0,54.61
56,88,30.44,0,53.65
56,88,30.44,0,40.48
56,88,30.44,0,56.92
56,88,30.44,0,53.41
56,88,30.44,0,152.97
57,88,30.44,0,160.69
57,87,30.44,0,273.29
57,86,30.44,0,102.94
58,83,30.43,0,168.05
58,83,30.43,0,200.12
58,83,30.43,0,125.2
58,83,30.43,0,319.09
58,83,30.43,0,196.54
58,82,30.43,0,312.98
58,81,30.43,0,154.97
59,81,30.43,0,309.63
59,80,30.43,0,315.98
59,80,30.43,0,412.3
59,79,30.43,0,283.88
60,77,30.43,0,542.94
59,75,30.43,0,386.8
60,74,30.43,0,606.72
60,74,30.43,0,149.22
60,73,30.43,0,404.31
61,71,30.43,0,638.43
60,69,30.43,0,641.16
60,68,30.43,0,653.78
60,68,30.44,0,614.68
61,67,30.44,0,667.32
61,64,30.44,0,691.04
60,64,30.44,0,708.52
61,63,30.44,0,716.33
61,60,30.44,0,733.76
61,60,30.44,0,745.38
61,59,30.44,0,757.73
61,57,30.44,0,768.06
61,57,30.44,0,782.59
61,57,30.44,0,790.89
61,55,30.45,0,804.31
62,55,30.45,0,810.28
62,55,30.45,0,825.85
61,55,30.45,0,828.15
62,52,30.45,0,839.57
62,55,30.45,0,844.06
62,52,30.45,0,855.84
62,50,30.45,0,861.46
62,53,30.46,0,868.11
62,51,30.46,0,871.92
62,50,30.46,0,881.08
62,51,30.46,0,884.83
62,51,30.46,0,890.44
61,52,30.47,0,889.59
62,52,30.47,0,895.75
62,52,30.47,0,895.55
62,51,30.47,0,898.76
62,49,30.47,0,903.21
62,51,30.47,0,903.76
62,49,30.47,0,902.83
62,48,30.47,0,902.39
62,48,30.48,0,903.65
62,46,30.48,0,901.07
62,47,30.48,0,899.18
62,47,30.48,0,899.49
62,47,30.48,0,894.95
63,46,30.48,0,893.04
62,47,30.48,0,888.38
62,47,30.49,0,883.45
62,48,30.49,0,880.84
62,47,30.49,0,874.3
62,47,30.49,0,869.48
62,47,30.49,0,862.78
61,47,30.49,0,855.99
61,48,30.49,0,847.28
61,48,30.49,0,841.02
61,49,30.49,0,832.8
61,49,30.5,0,824.05
61,50,30.5,0,816.37
61,50,30.5,0,807.33
61,50,30.5,0,795.98
60,49,30.5,0,787.85
61,50,30.5,0,775.95
61,49,30.5,0,766.03
60,49,30.5,0,753.63
60,50,30.5,0,740.77
60,48,30.5,0,728.89
60,48,30.5,0,713.91
60,51,30.5,0,701.66
60,50,30.5,0,686.92
60,51,30.5,0,672.89
59,53,30.5,0,659.43
59,53,30.5,0,644.69
59,54,30.5,0,628.88
59,54,30.5,0,614.01
59,55,30.5,0,597.74
58,53,30.5,0,581.85
58,55,30.49,0,566.4
58,57,30.49,0,547.62
58,56,30.49,0,531.38
58,60,30.49,0,513.7
57,60,30.49,0,496.19
57,62,30.49,0,478.13
56,64,30.49,0,459.68
56,65,30.49,0,441.23
56,66,30.49,0,422.75
55,66,30.49,0,403.81
55,67,30.49,0,384.38
55,67,30.48,0,364.87
55,67,30.48,0,344.47
54,67,30.48,0,321.9
52,67,30.48,0,297.94
51,68,30.48,0,272.68
50,67,30.48,0,24.87
49,68,30.48,0,22.19
48,68,30.48,0,21.6
48,69,30.48,0,21.14
47,69,30.48,0,20.59
47,70,30.47,0,19.98
47,70,30.47,0,19.23
46,70,30.47,0,18.34
46,71,30.47,0,17.31
46,72,30.47,0,16.12
46,72,30.47,0,14.69
45,73,30.47,0,13.02
45,73,30.47,0,11.03
45,74,30.47,0,8.92
45,74,30.47,0,6.78
45,75,30.47,0,4.49
44,75,30.46,0,2.57
44,77,30.47,0,1.44
44,77,30.46,0,1.19
44,77,30.46,0,1.19
44,77,30.46,0,1.17
44,77,30.46,0,1.2
44,77,30.46,0,1.19
44,78,30.46,0,1.2
44,78,30.46,0,1.19
43,79,30.46,0,1.22
43,79,30.46,0,1.21
43,80,30.46,0,1.19
43,80,30.46,0,1.18
43,81,30.46,0,1.19
43,82,30.46,0,1.21
43,82,30.46,0,1.2
43,83,30.46,0,1.19
43,83,30.46,0,1.2
43,83,30.46,0,1.2
43,83,30.46,0,1.18
43,83,30.46,0,1.2
43,83,30.46,0,1.19
44,83,30.46,0,1.2
44,83,30.46,0,1.2
44,82,30.46,0,1.22
44,82,30.46,0,1.21
44,82,30.46,0,1.21
44,82,30.46,0,1.23
44,81,30.46,0,1.2
44,81,30.46,0,1.2
44,81,30.46,0,1.21
44,82,30.46,0,1.22
44,82,30.46,0,1.2
44,82,30.46,0,1.2
45,81,30.46,0,1.21
45,81,30.46,0,1.22
45,81,30.46,0,1.19
45,82,30.46,0,1.17
45,82,30.46,0,1.21
45,82,30.46,0,1.21
45,82,30.46,0,1.23
45,80,30.47,0,1.21
45,79,30.47,0,1.21
46,78,30.47,0,1.2
46,77,30.47,0,1.23
46,79,30.47,0,1.22
46,81,30.47,0,1.21
46,77,30.47,0,1.2
46,73,30.47,0,1.21
46,73,30.47,0,1.19
46,75,30.47,0,1.15
47,76,30.47,0,1.21
47,76,30.47,0,1.2
47,77,30.47,0,1.2
48,77,30.47,0,1.23
48,78,30.47,0,1.25
48,78,30.47,0,1.24
48,78,30.48,0,1.23
48,79,30.48,0,1.23
48,79,30.48,0,1.2
48,79,30.48,0,1.22
48,78,30.48,0,1.21
48,78,30.48,0,1.21
49,78,30.48,0,1.23
49,78,30.48,0,1.24
49,78,30.48,0,1.23
49,78,30.48,0,1.22
49,78,30.48,0,1.2
49,78,30.48,0,1.2
49,78,30.48,0,1.22
49,78,30.48,0,1.19
49,78,30.48,0,1.21
49,78,30.48,0,1.26
49,78,30.48,0,1.19
49,77,30.48,0,1.23
49,77,30.48,0,1.22
49,77,30.48,0,1.22
49,77,30.48,0,1.26
49,76,30.49,0,1.2
49,76,30.49,0,1.25
49,76,30.49,0,1.26
50,75,30.49,0,1.21
50,75,30.49,0,1.21
50,75,30.49,0,1.21
50,74,30.49,0,1.23
50,74,30.49,0,1.22
50,73,30.49,0,1.23
50,73,30.49,0,1.23
50,73,30.49,0,1.24
50,73,30.49,0,1.23
50,73,30.49,0,1.22
50,74,30.49,0,1.25
50,74,30.49,0,1.25
50,75,30.49,0,1.22
50,75,30.49,0,1.2
51,74,30.49,0,1.22
51,74,30.49,0,1.23
51,74,30.49,0,1.24
51,74,30.49,0,1.22
51,74,30.49,0,1.19
51,74,30.49,0,1.24
51,75,30.49,0,1.22
51,75,30.49,0,1.22
51,75,30.49,0,1.21
51,75,30.49,0,1.21
51,75,30.49,0,1.23
51,75,30.5,0,1.24
51,74,30.49,0,1.23
51,74,30.5,0,1.2
51,73,30.5,0,1.2
51,72,30.49,0,1.2
51,71,30.5,0,1.23
51,70,30.49,0,1.22
51,69,30.49,0,1.27
52,68,30.49,0,1.26
52,65,30.49,0,1.23
52,62,30.49,0,1.21
52,60,30.49,0,1.21
52,57,30.49,0,1.25
53,56,30.49,0,1.26
53,55,30.49,0,1.24
53,56,30.49,0,1.25
53,56,30.49,0,1.22
53,60,30.49,0,1.22
53,61,30.49,0,1.23
53,65,30.49,0,1.24
53,66,30.49,0,1.24
53,64,30.49,0,1.24
53,59,30.49,0,1.24
54,62,30.48,0,1.22
54,59,30.48,0,1.23
54,62,30.48,0,1.25
54,60,30.48,0,1.24
54,61,30.48,0,1.26
54,57,30.48,0,1.23
54,56,30.48,0,1.25
54,51,30.48,0,1.25
54,58,30.48,0,1.24
54,55,30.48,0,1.23
54,60,30.47,0,1.23
54,60,30.47,0,1.24
54,61,30.47,0,1.25
54,64,30.47,0,1.26
54,67,30.47,0,1.25
55,67,30.47,0,1.21
55,63,30.47,0,1.23
55,69,30.46,0,1.23
56,70,30.46,0,1.25
56,67,30.46,0,1.26
56,63,30.46,0,2.03
56,56,30.46,0,3.12
56,58,30.46,0,5.81
57,58,30.46,0,8.76
57,57,30.46,0,11.97
57,59,30.46,0,15.65
57,61,30.46,0,26.25
58,62,30.46,0,33.31
58,60,30.46,0,47.18
58,60,30.46,0,63.92
59,59,30.46,0,80.76
59,57,30.45,0,99.84
59,54,30.45,0,121.67
60,49,30.45,0,145.87
60,49,30.45,0,170.01
60,52,30.45,0,194.55
60,55,30.45,0,221.72
60,56,30.45,0,245.17
61,54,30.45,0,269.82
61,53,30.45,0,296.45
61,52,30.45,0,317.31
62,52,30.45,0,338.96
61,54,30.45,0,358.73
61,53,30.45,0,382.74
61,52,30.45,0,398.5
61,51,30.45,0,415.46
61,51,30.45,0,434.66
62,57,30.45,0,456.0
62,56,30.45,0,471.69
62,55,30.45,0,493.24
62,48,30.45,0,513.63
62,54,30.45,0,522.46
62,53,30.45,0,548.56
62,55,30.45,0,559.07
63,51,30.45,0,579.02
62,48,30.45,0,593.23
62,57,30.45,0,609.44
63,58,30.45,0,624.21
63,55,30.45,0,638.16
63,53,30.45,0,655.64
63,54,30.45,0,660.69
63,54,30.45,0,683.28
63,53,30.45,0,696.68
63,51,30.45,0,709.85
63,52,30.46,0,719.54
63,47,30.45,0,740.14
64,40,30.46,0,753.29
64,40,30.46,0,767.42
64,38,30.46,0,776.95
64,38,30.46,0,787.03
64,39,30.46,0,797.57
64,40,30.46,0,809.52
64,41,30.46,0,817.7
64,45,30.47,0,822.03
63,48,30.46,0,833.12
63,43,30.47,0,840.16
63,46,30.47,0,849.25
64,46,30.47,0,846.66
63,44,30.47,0,859.69
63,45,30.48,0,864.85
63,48,30.48,0,867.94
63,49,30.48,0,870.88
63,51,30.48,0,874.25
62,50,30.48,0,875.9
63,51,30.49,0,882.71
63,45,30.49,0,891.36
64,45,30.49,0,888.22
64,42,30.49,0,898.72
64,40,30.49,0,892.96
64,39,30.5,0,895.54
64,36,30.5,0,897.64
64,36,30.5,0,895.59
64,35,30.5,0,896.89
64,32,30.5,0,893.86
64,30,30.5,0,889.81
64,29,30.5,0,889.87
64,27,30.51,0,886.7
64,28,30.51,0,885.6
64,27,30.51,0,880.39
64,29,30.51,0,874.13
63,28,30.51,0,867.61
63,26,30.51,0,860.8
63,23,30.52,0,857.95
63,26,30.52,0,850.78
63,24,30.52,0,841.69
63,25,30.52,0,836.11
63,25,30.52,0,826.05
63,23,30.52,0,820.6
62,24,30.52,0,812.31
62,26,30.52,0,801.32
62,30,30.52,0,793.37
62,30,30.52,0,783.11
62,25,30.52,0,770.52
62,26,30.52,0,758.98
62,27,30.52,0,747.61
62,23,30.53,0,737.16
62,26,30.52,0,722.73
62,22,30.52,0,710.72
62,27,30.53,0,694.59
62,28,30.52,0,682.04
62,25,30.52,0,668.88
61,24,30.52,0,652.87
61,25,30.52,0,638.58
61,25,30.52,0,623.18
61,21,30.52,0,608.37
61,24,30.52,0,593.57
60,24,30.52,0,576.71
60,26,30.52,0,559.98
60,24,30.52,0,542.46
60,34,30.52,0,525.67
60,34,30.52,0,508.14
59,30,30.51,0,491.18
59,37,30.51,0,470.53
59,41,30.51,0,452.25
59,41,30.51,0,433.53
59,40,30.51,0,414.9
58,36,30.51,0,395.44
58,31,30.51,0,377.38
58,27,30.51,0,358.26
56,28,30.5,0,338.5
55,28,30.5,0,316.98
53,29,30.5,0,293.22
51,33,30.5,0,268.23
50,35,30.49,0,31.55
49,37,30.49,0,24.12
49,38,30.49,0,22.83
49,38,30.49,0,22.25
48,38,30.49,0,21.54
48,39,30.49,0,20.77
48,39,30.49,0,19.93
47,38,30.49,0,18.89
47,39,30.48,0,17.83
46,40,30.48,0,16.52
46,40,30.48,0,15.01
46,40,30.48,0,13.31
47,39,30.48,0,11.34
47,38,30.48,0,9.17
47,38,30.48,0,6.51
47,37,30.48,0,4.04
47,35,30.48,0,2.5
47,34,30.47,0,1.41
47,34,30.47,0,1.19
47,34,30.47,0,1.22
47,34,30.47,0,1.24
46,36,30.47,0,1.23
46,38,30.46,0,1.21
46,40,30.46,0,1.22
46,42,30.46,0,1.21
46,44,30.46,0,1.2
46,46,30.46,0,1.22
46,48,30.46,0,1.21
46,49,30.45,0,1.21
46,50,30.46,0,1.21
46,51,30.46,0,1.22
46,51,30.46,0,1.23
47,51,30.46,0,1.2
47,52,30.46,0,1.21
47,51,30.46,0,1.2
47,52,30.46,0,1.2
47,53,30.46,0,1.23
47,52,30.46,0,1.24
47,53,30.46,0,1.23
48,53,30.45,0,1.23
48,53,30.45,0,1.24
48,55,30.45,0,1.19
48,57,30.45,0,1.24
48,58,30.46,0,1.23
47,60,30.46,0,1.21
47,61,30.46,0,1.25
48,62,30.46,0,1.22
47,62,30.46,0,1.25
48,63,30.46,0,1.22
48,62,30.46,0,1.29
47,62,30.46,0,1.23
48,62,30.46,0,1.25
48,61,30.46,0,1.23
48,60,30.46,0,1.23
48,59,30.46,0,1.22
48,59,30.46,0,1.23
48,59,30.46,0,1.18
48,59,30.46,0,1.23
48,59,30.46,0,1.19
47,59,30.46,0,1.19
47,59,30.46,0,1.23
47,61,30.46,0,1.23
47,62,30.46,0,1.22
47,62,30.46,0,1.21
47,62,30.46,0,1.22
47,62,30.46,0,1.22
47,62,30.46,0,1.23
46,61,30.46,0,1.2
46,59,30.46,0,1.23
47,57,30.46,0,1.23
47,53,30.46,0,1.22
47,50,30.46,0,1.21
47,52,30.47,0,1.2
47,45,30.47,0,1.24
47,45,30.47,0,1.25
48,42,30.47,0,1.19
48,43,30.47,0,1.21
49,43,30.47,0,1.25
49,38,30.47,0,1.22
49,38,30.47,0,1.23
48,46,30.47,0,1.22
47,36,30.47,0,1.24
47,38,30.47,0,1.23
48,37,30.47,0,1.25
48,39,30.47,0,1.23
47,41,30.47,0,1.23
47,43,30.47,0,1.21
47,43,30.47,0,1.2
46,44,30.48,0,1.22
46,45,30.48,0,1.2
46,44,30.48,0,1.21
47,44,30.48,0,1.23
47,46,30.48,0,1.21
48,54,30.48,0,1.24
48,53,30.48,0,1.23
49,50,30.49,0,1.22
48,47,30.49,0,1.24
48,34,30.49,0,1.23
48,36,30.49,0,1.2
48,34,30.49,0,1.19
48,35,30.49,0,1.26
48,36,30.49,0,1.24
48,38,30.49,0,1.23
48,40,30.49,0,1.24
48,44,30.49,0,1.21
48,48,30.49,0,1.2
48,50,30.49,0,1.2
48,52,30.49,0,1.25
48,54,30.49,0,1.2
48,56,30.49,0,1.22
47,59,30.5,0,1.23
47,61,30.5,0,1.27
47,63,30.5,0,1.2
47,64,30.5,0,1.21
47,65,30.5,0,1.25
47,67,30.5,0,1.23
47,67,30.5,0,1.2
47,67,30.5,0,1.22
48,69,30.5,0,1.21
48,70,30.5,0,1.21
48,70,30.5,0,1.25
48,72,30.5,0,1.24
48,75,30.5,0,1.21
48,78,30.5,0,1.19
48,78,30.49,0,1.29
48,79,30.49,0,1.24
48,80,30.5,0,1.2
49,87,30.49,0,1.22
49,90,30.5,0,1.23
50,89,30.5,0,1.23
51,88,30.49,0,1.23
51,85,30.5,0,1.24
51,82,30.49,0,1.25
51,76,30.49,0,1.25
51,71,30.49,0,1.22
51,71,30.49,0,1.24
51,71,30.49,0,1.23
52,70,30.49,0,1.23
52,70,30.49,0,1.21
52,71,30.48,0,1.23
52,72,30.48,0,1.28
52,73,30.48,0,1.22
52,73,30.48,0,1.23
51,72,30.48,0,1.26
51,73,30.48,0,1.24
51,73,30.48,0,1.24
51,73,30.48,0,1.19
51,74,30.48,0,1.23
51,75,30.48,0,1.24
51,76,30.47,0,1.23
51,77,30.47,0,1.25
51,80,30.47,0,1.24
52,81,30.47,0,1.23
52,85,30.47,0,1.25
52,87,30.47,0,1.23
52,84,30.47,0,1.22
52,84,30.46,0,1.24
52,83,30.46,0,1.26
52,84,30.46,0,1.2
53,87,30.46,0,1.21
53,84,30.46,0,1.23
53,85,30.46,0,1.25
54,87,30.46,0,1.23
54,89,30.46,0,1.26
54,90,30.46,0,1.22
54,91,30.46,0,2.03
54,92,30.46,0,3.56
55,92,30.45,0,5.71
55,91,30.45,0,8.98
55,89,30.45,0,13.91
55,87,30.45,0,19.38
55,86,30.45,0,27.75
55,85,30.45,0,34.23
55,87,30.44,0,36.56
55,87,30.44,0,34.05
55,88,30.44,0,32.3
55,88,30.44,0,31.96
55,89,30.44,0,33.55
56,89,30.44,0,36.9
56,88,30.44,0,47.08
56,90,30.44,0,48.97
56,89,30.44,0,85.26
56,88,30.44,0,59.29
56,88,30.44,0,71.38
57,88,30.44,0,68.75
57,88,30.44,0,56.58
57,88,30.44,0,79.36
57,87,30.44,0,100.67
57,87,30.44,0,106.28
57,88,30.44,0,94.29
57,88,30.43,0,102.18
57,88,30.43,0,121.43
57,88,30.43,0,204.3
57,88,30.43,0,147.52
57,87,30.43,0,161.23
57,88,30.43,0,93.09
58,87,30.43,0,160.32
58,86,30.43,0,173.29
58,85,30.43,0,153.43
58,83,30.43,0,131.86
58,82,30.43,0,123.89
59,82,30.43,0,129.74
59,80,30.43,0,217.2
59,81,30.43,0,205.55
60,80,30.43,0,239.87
60,76,30.43,0,153.53
60,77,30.43,0,262.08
60,77,30.43,0,213.7
60,76,30.43,0,881.41
61,72,30.43,0,378.08
61,72,30.44,0,273.53
62,71,30.44,0,195.54
63,65,30.44,0,791.81
62,58,30.44,0,885.68
61,61,30.43,0,848.47
60,71,30.43,0,248.7
60,71,30.44,0,189.69
62,72,30.44,0,319.13
62,66,30.44,0,323.69
63,63,30.44,0,252.39
63,66,30.44,0,961.94
63,61,30.44,0,929.85
63,57,30.44,0,929.56
62,65,30.44,0,890.22
62,66,30.45,0,953.59
63,66,30.45,0,710.51
63,58,30.45,0,575.74
63,65,30.45,0,912.97
62,64,30.45,0,938.67
63,65,30.45,0,946.11
64,64,30.45,0,898.42
64,58,30.46,0,899.08
65,58,30.46,0,899.23
64,39,30.46,0,893.78
63,44,30.46,0,895.28
63,44,30.46,0,892.11
63,38,30.46,0,895.02
65,43,30.47,0,895.63
64,21,30.47,0,902.74
64,21,30.47,0,897.88
63,19,30.47,0,898.84
64,19,30.47,0,893.72
64,17,30.47,0,890.52
64,17,30.47,0,885.69
64,17,30.47,0,882.58
64,16,30.47,0,875.77
64,16,30.48,0,873.18
64,17,30.48,0,865.94
64,16,30.48,0,857.51
64,16,30.48,0,851.34
63,16,30.48,0,842.96
63,14,30.48,0,834.7
63,15,30.48,0,826.71
63,15,30.48,0,817.53
63,15,30.48,0,807.65
63,14,30.48,0,798.01
62,14,30.48,0,787.43
62,13,30.48,0,776.6
62,13,30.48,0,767.46
62,13,30.48,0,754.7
62,13,30.48,0,741.4
61,13,30.48,0,729.87
62,13,30.49,0,715.71
62,12,30.48,0,702.96
62,12,30.48,0,688.01
61,12,30.48,0,674.21
62,12,30.48,0,659.96
61,12,30.48,0,645.2
61,13,30.48,0,629.46
61,14,30.47,0,612.65
60,13,30.47,0,596.66
60,13,30.47,0,580.37
60,13,30.47,0,563.37
60,14,30.47,0,547.22
60,12,30.47,0,529.8
59,12,30.47,0,512.44
59,13,30.47,0,494.41
59,13,30.46,0,475.7
58,13,30.46,0,457.36
58,14,30.46,0,438.8
58,14,30.46,0,420.27
57,15,30.46,0,401.3
57,15,30.46,0,382.23
56,15,30.45,0,362.65
56,17,30.45,0,342.8
54,18,30.45,0,321.34
52,22,30.45,0,297.68
50,25,30.45,0,272.42
49,25,30.45,0,35.05
49,26,30.44,0,23.97
49,25,30.44,0,22.27
48,25,30.44,0,21.67
48,27,30.44,0,21.05
48,27,30.44,0,20.34
47,27,30.44,0,19.58
48,27,30.44,0,18.58
47,26,30.44,0,17.48
47,26,30.44,0,16.27
47,26,30.44,0,14.82
47,27,30.43,0,13.14
46,27,30.43,0,11.29
46,27,30.43,0,9.16
46,27,30.43,0,7.06
46,28,30.43,0,4.86
46,28,30.43,0,2.97
46,28,30.43,0,1.69
46,28,30.42,0,1.22
46,27,30.42,0,1.23
46,28,30.42,0,1.27
46,27,30.42,0,1.23
46,28,30.42,0,1.25
46,27,30.42,0,1.18
47,27,30.42,0,1.21
47,26,30.42,0,1.19
47,26,30.42,0,1.22
47,24,30.42,0,1.25
48,25,30.42,0,1.21
47,25,30.42,0,1.25
47,27,30.41,0,1.21
47,27,30.41,0,1.22
47,27,30.41,0,1.18
47,27,30.41,0,1.22
47,27,30.41,0,1.22
47,27,30.41,0,1.25
47,27,30.41,0,1.17
48,27,30.41,0,1.22
48,27,30.41,0,1.21
49,25,30.41,0,1.23
49,24,30.41,0,1.21
49,25,30.41,0,1.21
49,24,30.41,0,1.22
50,23,30.41,0,1.23
49,22,30.41,0,1.27
50,23,30.41,0,1.25
50,23,30.41,0,1.23
50,20,30.41,0,1.24
50,21,30.41,0,1.21
49,22,30.41,0,1.24
49,22,30.41,0,1.23
48,25,30.41,0,1.24
47,24,30.41,0,1.2
47,25,30.41,0,1.23
48,26,30.41,0,1.21
48,24,30.41,0,1.22
49,24,30.41,0,1.23
49,22,30.42,0,1.2
49,22,30.42,0,1.22
49,21,30.42,0,1.25
50,21,30.42,0,1.2
50,21,30.42,0,1.21
50,21,30.42,0,1.25
50,21,30.42,0,1.21
50,22,30.42,0,1.23
50,22,30.42,0,1.22
50,22,30.42,0,1.24
50,23,30.42,0,1.24
50,24,30.42,0,1.25
49,23,30.43,0,1.21
48,25,30.43,0,1.21
48,26,30.43,0,1.2
47,26,30.43,0,1.22
47,28,30.43,0,1.21
47,27,30.43,0,1.21
46,28,30.43,0,1.22
47,30,30.44,0,1.24
47,30,30.43,0,1.22
47,28,30.44,0,1.24
47,30,30.44,0,1.19
47,30,30.44,0,1.24
47,29,30.44,0,1.21
47,30,30.44,0,1.24
47,30,30.44,0,1.15
47,29,30.44,0,1.23
47,29,30.44,0,1.19
48,30,30.44,0,1.21
48,29,30.44,0,1.19
48,30,30.44,0,1.21
48,28,30.45,0,1.27
48,29,30.45,0,1.22
48,29,30.45,0,1.2
48,29,30.45,0,1.25
48,31,30.45,0,1.25
48,32,30.45,0,1.26
48,32,30.45,0,1.24
48,35,30.45,0,1.23
49,34,30.45,0,1.21
49,33,30.45,0,1.23
49,34,30.46,0,1.2
48,34,30.46,0,1.21
48,33,30.46,0,1.21
48,35,30.46,0,1.26
47,35,30.46,0,1.21
47,36,30.46,0,1.22
47,38,30.46,0,1.22
46,39,30.46,0,1.22
47,41,30.46,0,1.23
48,41,30.46,0,1.22
48,41,30.46,0,1.21
49,40,30.46,0,1.24
49,39,30.46,0,1.22
50,38,30.46,0,1.2
50,38,30.46,0,1.2
50,38,30.46,0,1.23
51,37,30.46,0,1.25
51,37,30.46,0,1.22
50,39,30.46,0,1.25
50,40,30.46,0,1.24
50,40,30.47,0,1.23
51,40,30.47,0,1.23
51,41,30.47,0,1.23
51,43,30.47,0,1.22
51,49,30.47,0,1.24
51,44,30.47,0,1.23
51,46,30.46,0,1.23
51,49,30.46,0,1.21
51,51,30.46,0,1.21
52,56,30.46,0,1.27
52,54,30.47,0,1.23
53,47,30.46,0,1.23
52,47,30.46,0,1.23
52,48,30.46,0,1.25
52,51,30.46,0,1.24
52,57,30.46,0,1.27
51,61,30.46,0,1.24
50,67,30.46,0,1.23
50,91,30.46,0,1.23
49,96,30.46,0,1.25
50,99,30.46,0,1.24
50,99,30.46,0,1.23
50,99,30.46,0,1.23
50,99,30.46,0,1.24
50,99,30.46,0,1.21
51,100,30.45,0,1.21
51,99,30.45,0,1.25
51,99,30.46,0,1.21
51,99,30.46,0,1.2
51,99,30.46,0,1.22
51,99,30.45,0,1.23
51,98,30.45,0,1.24
51,98,30.45,0,1.25
51,98,30.45,0,1.21
51,97,30.45,0,1.24
52,97,30.45,0,1.21
52,96,30.45,0,1.23
52,96,30.44,0,1.23
52,95,30.44,0,1.25
52,94,30.44,0,1.25
53,93,30.44,0,1.25
53,92,30.44,0,1.22
53,91,30.44,0,1.23
53,90,30.43,0,1.21
54,89,30.43,0,1.29
54,87,30.43,0,1.45
54,87,30.43,0,2.57
54,86,30.43,0,5.0
54,86,30.43,0,7.49
55,85,30.43,0,10.18
55,82,30.43,0,15.16
56,79,30.43,0,20.86
56,78,30.43,0,31.41
57,75,30.43,0,40.64
57,74,30.43,0,54.4
58,72,30.43,0,69.49
58,72,30.43,0,87.17
58,71,30.43,0,109.66
58,76,30.42,0,130.98
58,73,30.42,0,153.97
58,75,30.42,0,175.65
59,75,30.42,0,204.43
59,74,30.42,0,224.69
59,73,30.42,0,240.97
59,70,30.42,0,275.32
59,71,30.42,0,290.22
59,70,30.42,0,310.16
60,69,30.42,0,334.69
61,66,30.42,0,346.96
60,68,30.41,0,379.42
60,72,30.41,0,425.48
61,69,30.42,0,214.8
61,68,30.41,0,428.68
62,68,30.41,0,489.22
62,62,30.41,0,464.05
61,63,30.41,0,517.09
61,67,30.41,0,520.86
62,64,30.41,0,539.29
62,62,30.41,0,563.92
62,62,30.41,0,583.12
63,62,30.41,0,579.16
63,60,30.41,0,610.76
63,61,30.41,0,533.19
64,60,30.41,0,486.85
63,62,30.41,0,766.43
63,71,30.42,0,831.11
63,72,30.42,0,788.13
62,65,30.41,0,783.65
62,59,30.42,0,761.9
62,67,30.41,0,856.63
63,71,30.41,0,823.39
63,70,30.41,0,378.4
64,67,30.42,0,851.17
65,49,30.42,0,811.85
65,50,30.42,0,829.94
64,50,30.42,0,833.18
64,48,30.42,0,829.51
63,50,30.42,0,842.23
64,46,30.42,0,842.85
64,48,30.43,0,835.6
63,44,30.43,0,843.06
64,44,30.43,0,844.55
63,45,30.43,0,849.5
64,44,30.43,0,855.8
64,45,30.43,0,862.7
64,45,30.43,0,847.18
63,45,30.43,0,854.96
63,45,30.44,0,867.34
64,44,30.44,0,874.68
63,43,30.44,0,880.85
63,42,30.44,0,878.49
63,42,30.44,0,880.94
63,42,30.44,0,881.74
63,41,30.45,0,887.26
63,40,30.45,0,884.64
63,41,30.45,0,885.07
63,39,30.45,0,891.89
63,39,30.45,0,892.35
62,39,30.46,0,884.17
63,38,30.46,0,880.96
63,38,30.46,0,883.29
63,37,30.46,0,877.76
63,37,30.46,0,883.03
63,37,30.46,0,881.87
62,38,30.46,0,882.4
62,37,30.46,0,873.25
62,37,30.46,0,864.93
62,37,30.46,0,863.54
62,37,30.46,0,858.85
62,37,30.46,0,849.88
62,36,30.47,0,839.78
62,37,30.47,0,831.71
61,38,30.47,0,824.89
61,38,30.47,0,821.44
61,38,30.47,0,811.03
61,39,30.47,0,798.83
61,39,30.47,0,792.93
61,41,30.47,0,784.88
61,40,30.47,0,777.55
60,41,30.47,0,765.7
60,41,30.47,0,754.09
60,43,30.47,0,741.78
59,42,30.47,0,728.64
59,43,30.47,0,716.28
59,43,30.47,0,701.61
59,44,30.47,0,691.2
59,44,30.47,0,675.86
58,44,30.47,0,661.08
58,44,30.47,0,643.58
58,45,30.47,0,627.32
57,45,30.47,0,612.0
57,47,30.46,0,600.94
56,49,30.46,0,582.27
56,48,30.46,0,562.64
55,50,30.46,0,542.45
54,51,30.46,0,524.18
54,51,30.46,0,507.33
54,51,30.46,0,484.33
54,52,30.46,0,459.4
54,52,30.45,0,443.8
54,53,30.45,0,427.93
54,54,30.45,0,405.37
53,56,30.45,0,386.37
53,54,30.45,0,372.66
53,56,30.45,0,354.01
51,55,30.45,0,334.14
50,57,30.45,0,310.96
49,58,30.44,0,290.22
48,59,30.44,0,264.29
47,59,30.44,0,57.33
47,58,30.44,0,32.0
47,58,30.44,0,29.31
46,60,30.44,0,28.27
46,60,30.44,0,27.16
46,60,30.44,0,25.93
45,58,30.44,0,24.41
45,57,30.43,0,22.95
45,56,30.43,0,21.22
45,57,30.43,0,19.19
45,64,30.43,0,17.0
45,63,30.43,0,14.65
44,63,30.43,0,12.12
44,65,30.43,0,9.26
45,61,30.43,0,6.19
45,58,30.43,0,4.56
45,57,30.43,0,3.91
45,59,30.42,0,2.18
45,61,30.42,0,1.23
45,60,30.42,0,1.18
44,58,30.42,0,1.2
44,59,30.42,0,1.19
44,62,30.41,0,1.22
44,67,30.41,0,1.24
44,69,30.41,0,1.22
44,68,30.41,0,1.2
44,69,30.41,0,1.21
44,68,30.41,0,1.2
44,68,30.4,0,1.2
44,66,30.4,0,1.21
44,65,30.4,0,1.23
44,64,30.4,0,1.23
44,64,30.4,0,1.21
44,63,30.4,0,1.2
44,65,30.4,0,1.23
45,66,30.4,0,1.21
45,70,30.4,0,1.19
44,70,30.4,0,1.19
44,70,30.4,0,1.23
44,70,30.4,0,1.2
45,70,30.4,0,1.18
45,71,30.4,0,1.19
45,69,30.4,0,1.26
45,71,30.4,0,1.22
44,70,30.4,0,1.23
44,69,30.4,0,1.23
44,68,30.4,0,1.2
44,69,30.4,0,1.22
44,71,30.4,0,1.19
44,71,30.4,0,1.21
44,73,30.4,0,1.22
44,76,30.4,0,1.21
44,78,30.4,0,1.19
44,78,30.4,0,1.2
44,77,30.4,0,1.22
44,76,30.4,0,1.18
45,74,30.4,0,1.22
45,73,30.4,0,1.18
45,75,30.4,0,1.24
45,74,30.4,0,1.21
45,77,30.4,0,1.23
45,77,30.41,0,1.23
45,78,30.41,0,1.25
45,77,30.41,0,1.21
45,78,30.41,0,1.23
45,80,30.41,0,1.24
45,82,30.41,0,1.22
45,80,30.41,0,1.21
45,81,30.41,0,1.22
45,80,30.42,0,1.22
45,81,30.41,0,1.23
45,81,30.42,0,1.22
45,81,30.42,0,1.22
45,81,30.42,0,1.22
45,81,30.42,0,1.18
45,82,30.42,0,1.23
45,84,30.42,0,1.19
45,84,30.42,0,1.23
45,85,30.42,0,1.22
45,87,30.43,0,1.19
45,87,30.43,0,1.21
46,87,30.43,0,1.24
46,87,30.43,0,1.23
46,88,30.43,0,1.21
46,88,30.43,0,1.2
46,88,30.43,0,1.24
46,89,30.43,0,1.23
46,89,30.43,0,1.2
46,90,30.44,0,1.24
46,90,30.44,0,1.22
46,90,30.44,0,1.21
46,89,30.44,0,1.22
46,87,30.44,0,1.22
46,87,30.44,0,1.22
47,88,30.44,0,1.22
47,87,30.44,0,1.23
47,88,30.44,0,1.23
47,89,30.44,0,1.21
47,90,30.44,0,1.24
47,91,30.44,0,1.2
47,92,30.44,0,1.22
47,92,30.44,0,1.23
47,92,30.44,0,1.23
47,92,30.45,0,1.26
47,93,30.45,0,1.23
47,94,30.45,0,1.23
47,96,30.45,0,1.25
47,97,30.45,0,1.22
47,97,30.45,0,1.16
47,97,30.45,0,1.21
47,97,30.45,0,1.19
47,97,30.45,0,1.24
47,97,30.46,0,1.28
47,97,30.46,0,1.21
47,98,30.46,0,1.22
48,98,30.46,0,1.23
48,99,30.46,0,1.24
48,99,30.46,0,1.22
48,99,30.46,0,1.22
48,99,30.46,0,1.2
48,99,30.46,0,1.23
48,99,30.46,0,1.21
48,98,30.46,0,1.22
47,97,30.46,0,1.22
48,97,30.46,0,1.2
48,97,30.46,0,1.22
48,98,30.46,0,1.21
48,98,30.46,0,1.22
48,99,30.46,0,1.21
49,99,30.46,0,1.24
49,100,30.46,0,1.25
49,100,30.46,0,1.21
49,100,30.46,0,1.23
49,100,30.46,0,1.25
49,99,30.46,0,1.2
48,99,30.46,0,1.23
48,99,30.46,0,1.25
48,98,30.46,0,1.22
48,98,30.46,0,1.22
48,97,30.46,0,1.23
48,96,30.45,0,1.22
48,94,30.45,0,1.22
48,86,30.45,0,1.22
48,86,30.45,0,1.25
48,86,30.45,0,1.2
48,86,30.44,0,1.23
49,88,30.44,0,1.24
48,89,30.44,0,1.22
48,89,30.44,0,1.24
48,89,30.44,0,1.21
48,87,30.44,0,1.21
49,86,30.44,0,1.26
49,86,30.43,0,1.24
49,87,30.43,0,1.22
49,88,30.43,0,1.24
49,90,30.43,0,1.2
49,91,30.43,0,1.22
49,93,30.43,0,1.21
50,94,30.43,0,1.21
50,96,30.42,0,1.2
51,96,30.42,0,1.24
51,97,30.42,0,1.24
52,98,30.42,0,1.23
52,98,30.42,0,1.21
52,98,30.41,0,1.2
52,98,30.41,0,1.53
52,98,30.41,0,3.19
53,99,30.41,0,5.65
53,99,30.41,0,8.46
53,99,30.41,0,12.85
53,99,30.41,0,18.1
53,99,30.41,0,23.27
53,99,30.41,0,27.84
53,99,30.41,0,33.39
53,99,30.41,0,36.77
53,99,30.41,0,37.0
53,99,30.41,0,33.34
53,99,30.4,0,30.62
53,99,30.4,0,38.96
53,99,30.4,0,44.09
53,99,30.4,0,35.83
54,98,30.4,0,25.57
54,98,30.4,0,30.3
54,97,30.4,0,48.89
54,97,30.4,0,22.71
54,96,30.4,0,27.92
54,95,30.4,0,43.33
54,96,30.39,0,34.77
54,95,30.39,0,37.67
54,95,30.39,0,38.19
55,94,30.39,0,35.59
55,93,30.39,0,43.71
55,92,30.39,0,39.76
56,91,30.39,0,59.47
56,90,30.39,0,88.39
56,90,30.39,0,116.7
56,90,30.39,0,100.29
56,88,30.39,0,102.25
56,88,30.39,0,143.19
56,88,30.39,0,188.38
56,88,30.39,0,218.02
57,87,30.39,0,198.68
57,88,30.39,0,234.38
56,87,30.39,0,203.28
57,87,30.39,0,159.88
57,86,30.39,0,123.7
57,85,30.39,0,128.61
57,87,30.39,0,148.92
57,85,30.39,0,176.56
57,86,30.39,0,145.57
57,86,30.39,0,164.42
58,86,30.39,0,284.83
57,87,30.39,0,275.46
57,86,30.39,0,221.22
57,86,30.39,0,184.43
58,85,30.39,0,231.15
58,85,30.39,0,171.99
59,83,30.4,0,155.55
59,83,30.4,0,229.61
59,82,30.4,0,332.57
59,82,30.4,0,488.45
59,81,30.4,0,469.07
59,81,30.4,0,1058.99
60,82,30.41,0,271.45
59,81,30.41,0,1008.43
59,78,30.41,0,309.53
59,80,30.41,0,279.96
60,78,30.41,0,311.98
60,75,30.41,0,304.63
62,72,30.41,0,303.5
63,64,30.41,0,254.99
62,63,30.41,0,901.69
62,60,30.42,0,921.88
63,63,30.42,0,882.77
62,57,30.42,0,881.36
63,62,30.42,0,890.51
62,59,30.42,0,898.74
62,59,30.42,0,892.33
63,58,30.43,0,881.2
63,54,30.42,0,875.68
62,58,30.43,0,894.66
62,56,30.43,0,865.53
61,56,30.43,0,879.57
60,58,30.43,0,872.46
60,59,30.43,0,877.06
60,59,30.43,0,878.11
60,62,30.43,0,864.44
60,60,30.44,0,858.47
60,60,30.44,0,847.64
60,61,30.44,0,833.46
59,63,30.44,0,803.12
59,62,30.44,0,762.26
59,60,30.44,0,803.14
59,61,30.44,0,784.52
59,61,30.44,0,783.63
60,58,30.45,0,787.87
59,55,30.44,0,799.48
59,54,30.44,0,780.53
59,54,30.45,0,752.33
58,50,30.45,0,747.62
58,52,30.45,0,744.41
58,54,30.45,0,744.17
57,59,30.45,0,724.35
57,63,30.45,0,711.79
57,65,30.45,0,696.62
57,65,30.45,0,680.46
57,71,30.45,0,668.9
57,72,30.45,0,650.09
57,64,30.45,0,590.36
58,60,30.45,0,622.4
57,47,30.45,0,588.73
57,53,30.45,0,581.21
58,51,30.44,0,565.37
58,61,30.44,0,552.81
58,54,30.44,0,533.46
58,50,30.44,0,519.03
58,42,30.44,0,504.36
57,31,30.44,0,480.47
57,29,30.44,0,465.83
57,30,30.44,0,452.38
56,31,30.44,0,429.72
55,32,30.44,0,406.74
53,33,30.43,0,368.96
52,35,30.43,0,354.88
51,34,30.43,0,334.9
50,34,30.43,0,314.0
49,33,30.44,0,286.68
48,32,30.43,0,271.72
48,34,30.43,0,153.7
47,35,30.43,0,47.8
47,36,30.43,0,42.67
47,35,30.43,0,40.69
47,36,30.42,0,38.56
46,35,30.42,0,35.97
46,34,30.42,0,33.64
45,34,30.42,0,31.48
45,36,30.42,0,29.04
45,37,30.42,0,26.34
45,38,30.42,0,23.39
44,38,30.42,0,20.24
44,40,30.42,0,16.95
44,41,30.41,0,12.95
44,40,30.41,0,8.41
44,40,30.41,0,5.07
44,39,30.41,0,3.22
45,39,30.41,0,1.67
45,39,30.41,0,1.22
45,39,30.41,0,1.23
44,40,30.41,0,1.22
44,41,30.41,0,1.19
44,41,30.41,0,1.22
44,41,30.4,0,1.2
44,41,30.4,0,1.19
44,41,30.4,0,1.25
44,43,30.4,0,1.24
44,45,30.4,0,1.18
44,46,30.4,0,1.23
44,46,30.4,0,1.2
43,47,30.4,0,1.22
43,45,30.4,0,1.23
44,44,30.4,0,1.22
44,43,30.4,0,1.19
44,43,30.4,0,1.2
44,42,30.39,0,1.2
44,42,30.39,0,1.22
44,42,30.39,0,1.19
44,42,30.39,0,1.2
44,42,30.39,0,1.21
44,42,30.39,0,1.23
44,42,30.39,0,1.24
44,42,30.39,0,1.2
44,43,30.39,0,1.2
44,42,30.39,0,1.23
44,43,30.39,0,1.21
44,42,30.39,0,1.21
44,42,30.4,0,1.21
43,45,30.39,0,1.21
44,46,30.39,0,1.19
44,52,30.4,0,1.2
45,53,30.4,0,1.25
45,58,30.4,0,1.23
45,51,30.4,0,1.22
45,45,30.39,0,1.18
44,45,30.39,0,1.2
44,46,30.39,0,1.18
44,49,30.39,0,1.22
45,54,30.39,0,1.22
45,49,30.4,0,1.18
45,49,30.4,0,1.26
45,49,30.4,0,1.19
45,50,30.4,0,1.21
45,49,30.4,0,1.24
45,46,30.41,0,1.21
45,43,30.41,0,1.25
46,42,30.41,0,1.19
45,40,30.41,0,1.21
45,40,30.41,0,1.23
45,40,30.41,0,1.22
45,41,30.41,0,1.2
45,40,30.42,0,1.22
45,40,30.42,0,1.24
45,40,30.42,0,1.25
45,40,30.42,0,1.23
45,39,30.42,0,1.24
45,40,30.42,0,1.22
45,40,30.42,0,1.22
45,41,30.42,0,1.23
45,41,30.42,0,1.21
45,41,30.42,0,1.21
45,40,30.42,0,1.18
45,41,30.43,0,1.23
45,41,30.43,0,1.19
45,42,30.43,0,1.22
44,43,30.43,0,1.22
44,44,30.43,0,1.26
45,45,30.44,0,1.25
45,44,30.44,0,1.18
45,45,30.44,0,1.22
45,46,30.44,0,1.22
45,46,30.44,0,1.19
45,46,30.44,0,1.2
45,45,30.44,0,1.22
46,46,30.44,0,1.19
46,47,30.44,0,1.21
46,40,30.45,0,1.2
46,44,30.45,0,1.19
46,45,30.45,0,1.19
46,45,30.45,0,1.24
46,47,30.44,0,1.2
47,45,30.44,0,1.23
47,42,30.45,0,1.22
46,46,30.45,0,1.25
45,49,30.45,0,1.24
45,49,30.45,0,1.24
45,54,30.45,0,1.22
45,54,30.45,0,1.23
45,53,30.45,0,1.21
46,51,30.45,0,1.19
46,51,30.45,0,1.22
46,49,30.45,0,1.22
47,51,30.45,0,1.22
47,53,30.45,0,1.2
47,52,30.46,0,1.21
47,51,30.45,0,1.22
47,50,30.45,0,1.22
47,50,30.44,0,1.21
47,52,30.44,0,1.23
46,48,30.45,0,1.21
46,53,30.45,0,1.24
46,50,30.44,0,1.22
46,57,30.45,0,1.25
45,62,30.45,0,1.19
46,61,30.45,0,1.23
45,58,30.45,0,1.26
45,53,30.45,0,1.22
45,52,30.45,0,1.19
46,52,30.45,0,1.21
46,51,30.46,0,1.22
46,51,30.46,0,1.22
46,51,30.46,0,1.2
46,51,30.45,0,1.26
47,51,30.45,0,1.22
47,53,30.45,0,1.23
47,53,30.45,0,1.25
48,53,30.45,0,1.21
48,52,30.45,0,1.22
49,53,30.44,0,1.22
50,56,30.44,0,1.19
50,74,30.43,0,1.22
49,68,30.43,0,1.21
50,71,30.43,0,1.22
50,72,30.43,0,1.21
49,73,30.42,0,1.24
48,73,30.42,0,1.24
48,75,30.42,0,1.21
48,75,30.42,0,1.23
48,74,30.42,0,1.23
48,71,30.42,0,1.22
48,75,30.42,0,1.25
49,85,30.42,0,1.24
50,84,30.42,0,1.24
50,85,30.43,0,1.24
50,85,30.43,0,1.26
50,86,30.43,0,1.18
51,86,30.43,0,1.2
51,87,30.42,0,1.2
51,88,30.42,0,1.24
51,89,30.42,0,1.23
51,88,30.42,0,1.2
51,88,30.42,0,1.26
52,88,30.42,0,1.24
52,88,30.42,0,1.26
52,87,30.41,0,1.25
52,87,30.42,0,1.66
52,87,30.42,0,2.35
52,86,30.42,0,3.64
53,86,30.41,0,7.01
53,86,30.41,0,12.14
53,84,30.41,0,19.5
54,82,30.41,0,31.65
55,78,30.42,0,44.11
56,73,30.41,0,50.32
57,69,30.4,0,58.19
57,68,30.4,0,64.92
58,65,30.4,0,66.9
58,63,30.4,0,78.68
58,64,30.4,0,147.3
58,64,30.4,0,128.49
59,62,30.4,0,87.64
59,62,30.4,0,171.34
59,62,30.41,0,206.78
60,63,30.41,0,267.04
61,61,30.41,0,272.01
61,46,30.41,0,324.95
61,53,30.41,0,365.38
61,57,30.41,0,418.7
61,56,30.4,0,422.06
61,58,30.4,0,461.92
61,58,30.4,0,456.12
61,55,30.4,0,201.58
62,54,30.4,0,257.41
61,57,30.4,0,513.17
61,57,30.4,0,557.28
62,55,30.41,0,520.74
62,53,30.41,0,564.73
62,53,30.41,0,469.28
62,53,30.41,0,595.32
62,53,30.41,0,617.53
62,47,30.41,0,617.0
62,53,30.41,0,640.27
63,51,30.41,0,664.83
63,39,30.41,0,691.94
62,40,30.41,0,639.26
63,50,30.41,0,719.01
63,39,30.41,0,727.78
62,41,30.41,0,745.11
61,50,30.41,0,748.87
60,47,30.41,0,760.16
61,47,30.41,0,765.09
61,48,30.41,0,791.27
61,49,30.42,0,525.7
62,51,30.42,0,766.03
62,49,30.42,0,820.06
63,46,30.42,0,828.37
64,44,30.42,0,843.1
64,42,30.42,0,865.56
63,41,30.42,0,861.88
63,44,30.42,0,867.74
63,38,30.42,0,725.55
64,37,30.42,0,552.82
64,37,30.43,0,451.19
64,38,30.43,0,623.44
63,36,30.43,0,800.86
63,37,30.43,0,959.62
63,37,30.43,0,858.21
64,38,30.44,0,914.22
64,38,30.44,0,921.0
63,38,30.44,0,921.53
64,32,30.44,0,916.63
63,35,30.44,0,923.16
63,35,30.44,0,927.79
63,33,30.44,0,931.81
64,34,30.44,0,934.39
64,30,30.44,0,932.38
64,33,30.44,0,928.33
64,33,30.45,0,921.61
64,33,30.45,0,919.28
64,29,30.45,0,930.74
64,16,30.45,0,928.36
64,21,30.46,0,928.36
64,14,30.46,0,924.82
64,15,30.47,0,912.99
64,16,30.47,0,897.2
65,15,30.47,0,903.43
64,16,30.47,0,908.95
64,16,30.47,0,901.32
64,17,30.47,0,896.77
64,15,30.47,0,881.22
64,16,30.47,0,876.11
64,14,30.47,0,868.35
63,15,30.47,0,866.58
62,15,30.47,0,843.22
63,14,30.47,0,841.21
63,13,30.48,0,834.72
63,13,30.47,0,822.53
64,14,30.48,0,794.17
63,13,30.48,0,809.06
63,13,30.48,0,786.19
63,13,30.48,0,770.67
62,13,30.48,0,752.47
62,14,30.48,0,745.64
62,13,30.48,0,730.6
62,14,30.47,0,714.93
62,13,30.47,0,696.33
62,12,30.47,0,679.36
62,12,30.47,0,669.42
62,12,30.47,0,655.15
62,12,30.47,0,642.76
62,13,30.47,0,624.85
61,14,30.47,0,608.83
61,14,30.47,0,589.93
61,14,30.46,0,573.48
61,14,30.46,0,554.97
62,13,30.46,0,542.07
61,11,30.46,0,528.67
61,13,30.46,0,505.64
60,14,30.46,0,493.1
59,14,30.46,0,472.63
58,15,30.46,0,453.68
58,15,30.46,0,431.3
57,15,30.46,0,407.91
57,15,30.46,0,351.05
56,16,30.46,0,354.12
55,16,30.46,0,330.8
53,17,30.46,0,304.23
49,19,30.45,0,275.06
48,21,30.45,0,243.99
48,21,30.45,0,40.1
48,21,30.45,0,36.59
47,21,30.45,0,35.9
47,23,30.45,0,35.48
47,23,30.45,0,34.66
47,24,30.45,0,33.55
46,24,30.45,0,32.13
46,25,30.45,0,30.95
46,25,30.45,0,29.52
46,26,30.45,0,27.64
46,26,30.45,0,24.6
46,25,30.44,0,20.49
46,25,30.44,0,14.57
47,24,30.45,0,8.67
48,23,30.45,0,5.59
48,23,30.44,0,2.38
48,22,30.45,0,2.0
48,23,30.44,0,1.24
47,23,30.44,0,1.23
46,25,30.44,0,1.25
47,25,30.44,0,1.23
47,25,30.44,0,1.22
47,24,30.44,0,1.25
47,24,30.43,0,1.18
47,24,30.43,0,1.25
48,24,30.43,0,1.24
48,24,30.43,0,1.22
48,24,30.43,0,1.21
48,24,30.43,0,1.21
48,24,30.43,0,1.23
48,24,30.43,0,1.23
48,24,30.42,0,1.23
47,25,30.42,0,1.25
46,25,30.42,0,1.23
46,25,30.42,0,1.24
46,26,30.42,0,1.19
47,25,30.42,0,1.24
47,25,30.42,0,1.21
49,25,30.43,0,1.25
50,23,30.43,0,1.22
50,22,30.43,0,1.27
50,22,30.43,0,1.22
48,24,30.43,0,1.24
48,25,30.43,0,1.24
49,25,30.42,0,1.23
50,24,30.42,0,1.23
50,24,30.42,0,1.21
49,25,30.42,0,1.24
48,26,30.42,0,1.24
47,27,30.42,0,1.24
47,27,30.41,0,1.26
47,27,30.41,0,1.23
47,28,30.42,0,1.21
47,28,30.42,0,1.2
47,29,30.43,0,1.24
47,29,30.43,0,1.22
47,29,30.43,0,1.23
47,29,30.43,0,1.21
47,28,30.43,0,1.23
48,28,30.43,0,1.28
47,27,30.43,0,1.24
47,28,30.43,0,1.19
47,28,30.43,0,1.22
48,28,30.43,0,1.23
48,29,30.43,0,1.2
48,28,30.43,0,1.25
48,28,30.43,0,1.27
48,29,30.43,0,1.24
48,30,30.43,0,1.24
48,31,30.44,0,1.21
48,30,30.44,0,1.24
48,31,30.44,0,1.22
48,32,30.44,0,1.24
48,32,30.44,0,1.25
48,32,30.44,0,1.25
48,31,30.44,0,1.25
48,31,30.44,0,1.24
48,30,30.44,0,1.23
48,30,30.44,0,1.24
48,30,30.44,0,1.24
48,29,30.44,0,1.23
48,30,30.45,0,1.23
48,29,30.45,0,1.25
49,28,30.45,0,1.25
49,28,30.46,0,1.24
49,26,30.46,0,1.23
50,28,30.46,0,1.23
50,27,30.46,0,1.22
49,27,30.46,0,1.24
49,28,30.46,0,1.21
49,28,30.46,0,1.25
50,28,30.46,0,1.22
50,28,30.47,0,1.23
50,27,30.47,0,1.23
51,27,30.47,0,1.23
51,26,30.47,0,1.24
51,26,30.47,0,1.25
51,25,30.47,0,1.26
50,25,30.47,0,1.24
50,29,30.47,0,1.21
50,28,30.47,0,1.23
50,27,30.47,0,1.26
51,27,30.47,0,1.25
51,26,30.47,0,1.24
51,27,30.47,0,1.26
51,25,30.47,0,1.23
51,24,30.47,0,1.21
52,25,30.47,0,1.27
52,24,30.47,0,1.25
53,23,30.48,0,1.24
53,23,30.48,0,1.21
53,22,30.48,0,1.25
52,25,30.48,0,1.21
52,25,30.48,0,1.25
52,25,30.48,0,1.22
52,25,30.48,0,1.26
52,25,30.48,0,1.29
52,26,30.48,0,1.24
52,26,30.48,0,1.25
52,26,30.48,0,1.24
53,26,30.48,0,1.24
53,25,30.48,0,1.26
54,25,30.49,0,1.25
54,23,30.49,0,1.24
54,23,30.48,0,1.25
54,23,30.48,0,1.26
55,23,30.49,0,1.27
55,23,30.49,0,1.25
55,24,30.48,0,1.24
55,23,30.48,0,1.22
55,24,30.48,0,1.27
55,25,30.48,0,1.28
54,27,30.48,0,1.25
54,28,30.48,0,1.24
53,27,30.48,0,1.29
53,29,30.48,0,1.24
53,30,30.48,0,1.24
54,28,30.48,0,1.23
54,29,30.48,0,1.29
55,27,30.48,0,1.27
55,27,30.48,0,1.24
55,27,30.48,0,1.26
55,30,30.48,0,1.25
55,31,30.48,0,1.28
56,33,30.48,0,1.27
56,36,30.47,0,1.25
56,39,30.47,0,1.25
56,42,30.47,0,1.27
55,51,30.47,0,1.22
55,62,30.47,0,1.25
54,69,30.47,0,1.28
54,84,30.47,0,1.25
54,86,30.46,0,1.24
54,81,30.46,0,1.24
54,83,30.47,0,1.27
55,85,30.47,0,1.26
55,88,30.47,0,1.26
56,86,30.46,0,1.25
57,81,30.46,0,1.29
57,51,30.45,0,1.29
57,65,30.45,0,1.26
57,77,30.45,0,1.26
57,79,30.45,0,1.25
57,58,30.45,0,2.3
57,64,30.45,0,4.01
57,79,30.45,0,5.08
57,80,30.45,0,7.02
57,81,30.45,0,10.25
57,82,30.45,0,13.93
57,81,30.45,0,18.94
58,79,30.45,0,28.09
58,77,30.45,0,27.87
59,77,30.45,0,23.52
59,77,30.45,0,30.58
60,76,30.44,0,42.37
60,76,30.44,0,66.77
60,75,30.44,0,98.07
60,74,30.44,0,91.19
60,73,30.44,0,70.77
60,74,30.44,0,76.21
60,75,30.44,0,84.48
60,74,30.44,0,89.0
60,72,30.44,0,78.97
60,69,30.44,0,109.57
61,69,30.44,0,57.47
61,69,30.44,0,57.43
61,70,30.44,0,57.03
61,67,30.44,0,73.33
62,70,30.43,0,84.6
62,69,30.44,0,70.42
63,67,30.44,0,75.17
64,67,30.44,0,200.59
64,67,30.43,0,478.47
65,65,30.44,0,505.55
64,63,30.43,0,524.18
65,65,30.44,0,536.83
65,61,30.43,0,553.39
64,61,30.43,0,564.25
64,61,30.44,0,585.11
64,62,30.44,0,598.43
65,61,30.44,0,613.13
64,59,30.44,0,634.56
65,58,30.44,0,644.03
65,58,30.44,0,661.28
65,59,30.44,0,675.84
65,59,30.44,0,693.26
64,56,30.44,0,708.09
64,60,30.44,0,718.84
64,56,30.44,0,728.08
65,58,30.44,0,743.61
65,56,30.44,0,759.52
65,52,30.45,0,769.15
66,50,30.45,0,778.88
66,52,30.45,0,794.18
66,51,30.45,0,803.85
66,43,30.45,0,820.77
66,46,30.45,0,829.56
66,48,30.45,0,843.63
66,44,30.45,0,857.34
66,45,30.45,0,863.91
66,43,30.45,0,876.28
66,42,30.45,0,885.63
66,40,30.46,0,891.28
66,37,30.46,0,899.09
67,36,30.46,0,907.9
67,31,30.46,0,916.01
67,30,30.46,0,920.97
67,28,30.46,0,924.6
67,28,30.47,0,930.2
67,27,30.47,0,935.95
66,26,30.47,0,936.9
66,25,30.47,0,939.17
67,25,30.47,0,940.12
67,23,30.48,0,943.21
66,22,30.48,0,942.36
66,24,30.48,0,941.19
66,25,30.48,0,939.47
66,24,30.48,0,936.49
66,24,30.48,0,935.39
65,25,30.48,0,934.95
65,25,30.48,0,930.1
65,26,30.49,0,927.34
65,26,30.49,0,923.64
65,25,30.49,0,920.23
65,26,30.49,0,912.36
64,25,30.49,0,906.0
64,24,30.49,0,900.68
65,24,30.49,0,892.65
65,23,30.49,0,886.36
65,22,30.49,0,879.38
65,21,30.49,0,871.74
65,21,30.5,0,863.93
65,21,30.49,0,854.62
65,20,30.5,0,846.02
65,20,30.49,0,836.06
65,20,30.49,0,826.35
64,20,30.5,0,816.33
64,19,30.5,0,804.76
64,19,30.5,0,791.61
64,19,30.5,0,780.17
64,18,30.5,0,766.78
63,18,30.5,0,755.1
63,18,30.5,0,741.22
63,19,30.5,0,726.78
63,19,30.5,0,713.3
63,18,30.5,0,698.69
63,19,30.5,0,682.92
63,18,30.5,0,666.78
62,18,30.5,0,652.3
63,17,30.49,0,636.45
63,17,30.5,0,619.11
62,18,30.49,0,602.23
62,17,30.49,0,585.09
62,17,30.49,0,567.64
61,17,30.48,0,549.17
61,17,30.48,0,531.08
61,17,30.48,0,512.11
60,17,30.48,0,493.8
60,17,30.48,0,474.67
60,18,30.48,0,455.53
59,19,30.48,0,436.96
59,19,30.48,0,416.46
58,20,30.48,0,396.03
57,20,30.48,0,375.91
56,22,30.48,0,353.74
55,22,30.48,0,331.69
53,23,30.48,0,306.58
52,24,30.47,0,279.17
51,25,30.47,0,24.65
51,25,30.47,0,21.85
50,24,30.47,0,21.34
49,25,30.47,0,20.7
48,27,30.47,0,20.14
48,28,30.47,0,19.29
47,28,30.47,0,18.56
48,28,30.46,0,17.62
48,27,30.46,0,16.49
48,26,30.46,0,15.25
48,26,30.46,0,13.8
47,26,30.46,0,12.08
47,26,30.46,0,10.14
47,28,30.46,0,8.1
47,28,30.46,0,6.03
47,28,30.46,0,3.89
47,28,30.46,0,2.2
47,28,30.45,0,1.27
47,28,30.45,0,1.23
47,28,30.45,0,1.19
47,28,30.45,0,1.22
47,28,30.45,0,1.22
47,28,30.45,0,1.24
47,28,30.45,0,1.23
47,28,30.44,0,1.22
47,28,30.44,0,1.23
46,29,30.44,0,1.22
46,29,30.44,0,1.24
46,28,30.44,0,1.22
46,27,30.45,0,1.23
46,28,30.45,0,1.21
46,26,30.45,0,1.22
46,28,30.45,0,1.19
45,28,30.45,0,1.19
45,27,30.45,0,1.21
45,27,30.45,0,1.21
45,27,30.45,0,1.21
45,27,30.45,0,1.18
45,27,30.45,0,1.21
45,27,30.45,0,1.21
46,27,30.45,0,1.22
46,27,30.45,0,1.2
46,27,30.45,0,1.21
46,27,30.45,0,1.21
46,26,30.45,0,1.23
46,26,30.45,0,1.21
46,27,30.45,0,1.19
46,28,30.45,0,1.23
46,27,30.45,0,1.22
46,27,30.45,0,1.21
46,27,30.45,0,1.23
47,26,30.45,0,1.21
46,25,30.45,0,1.19
46,26,30.46,0,1.25
46,26,30.46,0,1.23
46,27,30.46,0,1.23
46,27,30.46,0,1.2
46,27,30.46,0,1.21
46,27,30.46,0,1.22
46,27,30.46,0,1.21
46,27,30.46,0,1.2
46,27,30.46,0,1.21
46,27,30.46,0,1.19
46,27,30.46,0,1.2
46,27,30.46,0,1.23
47,27,30.47,0,1.22
47,28,30.47,0,1.23
47,27,30.47,0,1.21
47,27,30.47,0,1.2
47,26,30.47,0,1.25
47,26,30.47,0,1.24
47,26,30.47,0,1.21
47,27,30.47,0,1.24
47,26,30.48,0,1.21
47,26,30.48,0,1.26
47,27,30.48,0,1.23
48,27,30.48,0,1.24
48,27,30.48,0,1.18
48,26,30.48,0,1.18
48,27,30.48,0,1.22
48,27,30.48,0,1.22
48,27,30.48,0,1.21
48,27,30.48,0,1.23
47,27,30.48,0,1.24
47,27,30.48,0,1.2
47,27,30.49,0,1.21
47,27,30.49,0,1.2
47,28,30.49,0,1.24
48,27,30.49,0,1.24
48,27,30.49,0,1.21
48,27,30.49,0,1.21
48,26,30.49,0,1.28
48,27,30.49,0,1.25
48,27,30.49,0,1.22
48,27,30.5,0,1.23
48,26,30.5,0,1.24
48,26,30.5,0,1.26
48,27,30.5,0,1.26
48,27,30.5,0,1.19
48,27,30.5,0,1.19
48,27,30.5,0,1.19
48,27,30.5,0,1.24
48,27,30.5,0,1.22
48,28,30.5,0,1.21
48,28,30.5,0,1.24
48,28,30.5,0,1.22
49,29,30.5,0,1.21
49,29,30.5,0,1.22
49,29,30.5,0,1.21
49,30,30.5,0,1.22
49,30,30.5,0,1.22
49,30,30.5,0,1.22
49,30,30.5,0,1.23
49,30,30.5,0,1.2
49,31,30.5,0,1.24
49,31,30.5,0,1.21
49,31,30.5,0,1.22
49,30,30.5,0,1.24
50,30,30.5,0,1.24
50,30,30.5,0,1.19
50,30,30.5,0,1.21
50,30,30.5,0,1.22
50,30,30.5,0,1.24
50,30,30.5,0,1.26
50,30,30.5,0,1.21
50,31,30.5,0,1.18
50,31,30.5,0,1.24
50,30,30.5,0,1.21
50,30,30.5,0,1.22
50,30,30.5,0,1.22
50,30,30.5,0,1.27
51,29,30.5,0,1.23
51,29,30.5,0,1.24
51,29,30.5,0,1.23
51,29,30.5,0,1.22
51,29,30.49,0,1.25
52,28,30.49,0,1.23
52,28,30.49,0,1.25
52,28,30.49,0,1.25
52,28,30.49,0,1.25
52,28,30.49,0,1.23
52,28,30.48,0,1.21
52,29,30.48,0,1.26
52,29,30.48,0,1.26
52,27,30.48,0,1.19
52,27,30.48,0,1.2
53,27,30.48,0,1.22
53,27,30.48,0,1.26
53,27,30.48,0,1.24
53,27,30.47,0,1.27
53,27,30.47,0,1.24
53,27,30.47,0,1.22
53,26,30.47,0,1.24
53,27,30.47,0,1.24
53,26,30.47,0,1.23
53,26,30.47,0,1.23
53,27,30.46,0,1.25
53,27,30.46,0,1.23
54,26,30.46,0,1.27
54,26,30.46,0,1.24
54,26,30.46,0,1.28
54,26,30.46,0,1.25
55,26,30.46,0,1.23
55,25,30.46,0,1.51
55,24,30.46,0,2.69
56,24,30.46,0,4.6
56,26,30.46,0,6.64
56,29,30.45,0,8.78
57,32,30.45,0,11.0
57,34,30.45,0,21.86
57,34,30.45,0,27.92
57,34,30.45,0,39.55
58,35,30.45,0,57.61
58,36,30.45,0,77.66
58,36,30.45,0,99.75
59,37,30.44,0,123.7
59,37,30.44,0,149.57
59,36,30.44,0,176.51
59,38,30.44,0,204.52
60,37,30.44,0,231.95
60,38,30.44,0,259.83
60,39,30.43,0,285.99
60,36,30.43,0,313.05
61,37,30.44,0,335.6
61,37,30.43,0,355.23
61,39,30.43,0,376.98
61,40,30.43,0,396.2
61,43,30.43,0,416.25
61,47,30.43,0,435.05
61,54,30.43,0,453.03
61,59,30.43,0,470.82
61,61,30.43,0,489.09
61,59,30.43,0,508.41
62,53,30.43,0,530.76
63,51,30.44,0,547.96
64,48,30.43,0,566.56
64,48,30.43,0,583.99
64,42,30.43,0,603.05
64,45,30.43,0,619.29
65,42,30.43,0,637.51
65,40,30.44,0,652.16
65,35,30.44,0,667.7
65,32,30.44,0,682.8
65,27,30.44,0,698.02
66,26,30.44,0,712.47
66,26,30.43,0,728.75
65,26,30.43,0,739.49
65,25,30.44,0,754.74
65,25,30.44,0,770.17
65,26,30.44,0,783.09
65,26,30.44,0,794.39
65,27,30.44,0,802.28
64,26,30.45,0,815.45
64,29,30.45,0,825.12
64,27,30.45,0,834.92
63,30,30.45,0,845.1
63,31,30.45,0,856.78
63,35,30.46,0,861.26
63,37,30.45,0,873.74
63,35,30.46,0,878.69
64,33,30.46,0,887.75
64,32,30.46,0,895.78
64,32,30.46,0,903.64
64,30,30.46,0,909.16
65,28,30.46,0,917.47
66,25,30.46,0,921.64
65,24,30.46,0,925.95
66,23,30.47,0,930.89
65,24,30.47,0,934.5
65,25,30.47,0,939.25
64,27,30.47,0,938.14
64,30,30.47,0,939.18
64,32,30.47,0,939.72
65,23,30.48,0,942.27
65,22,30.48,0,942.71
64,22,30.48,0,941.25
64,22,30.48,0,939.42
64,22,30.48,0,937.32
64,23,30.49,0,936.39
64,24,30.49,0,931.42
64,24,30.49,0,929.62
64,25,30.49,0,925.24
64,24,30.49,0,922.4
64,25,30.49,0,918.29
63,27,30.49,0,911.36
63,28,30.49,0,907.12
63,28,30.5,0,899.36
62,28,30.5,0,894.01
63,27,30.5,0,885.31
62,29,30.5,0,876.65
62,29,30.5,0,870.86
62,30,30.5,0,862.06
62,29,30.5,0,852.27
62,27,30.5,0,843.23
62,26,30.5,0,832.11
62,24,30.5,0,823.88
62,25,30.5,0,813.85
62,26,30.51,0,801.85
62,29,30.5,0,789.71
61,30,30.5,0,776.09
61,30,30.51,0,763.62
61,31,30.51,0,750.51
60,31,30.51,0,737.97
60,31,30.51,0,721.52
60,35,30.51,0,709.06
60,32,30.51,0,694.3
59,34,30.51,0,678.74
59,37,30.51,0,663.45
59,38,30.51,0,646.95
60,30,30.51,0,632.48
60,30,30.51,0,613.6
60,21,30.5,0,598.77
61,21,30.5,0,582.16
60,21,30.5,0,564.66
60,23,30.5,0,546.54
60,23,30.5,0,528.08
59,23,30.5,0,509.84
59,23,30.5,0,490.84
59,23,30.5,0,471.76
58,23,30.5,0,453.01
58,23,30.5,0,432.62
57,24,30.5,0,412.85
56,24,30.5,0,393.15
55,25,30.5,0,373.26
54,27,30.5,0,353.2
53,28,30.49,0,330.48
51,31,30.49,0,305.91
50,32,30.49,0,278.98
50,33,30.49,0,25.48
49,33,30.49,0,23.1
49,33,30.49,0,22.11
49,33,30.49,0,21.47
48,33,30.49,0,20.67
48,34,30.49,0,19.96
48,35,30.49,0,19.07
47,35,30.48,0,18.09
47,36,30.48,0,16.99
47,36,30.48,0,15.69
46,37,30.48,0,14.22
46,37,30.48,0,12.47
47,37,30.48,0,10.54
47,36,30.48,0,8.45
47,35,30.48,0,6.35
47,35,30.48,0,4.14
47,35,30.48,0,2.38
47,35,30.48,0,1.35
47,35,30.48,0,1.22
47,35,30.47,0,1.21
47,35,30.47,0,1.23
47,35,30.47,0,1.21
47,35,30.47,0,1.23
47,35,30.47,0,1.24
47,35,30.47,0,1.22
47,35,30.47,0,1.25
47,35,30.47,0,1.24
47,36,30.47,0,1.24
46,36,30.47,0,1.21
47,38,30.47,0,1.24
47,37,30.46,0,1.22
47,36,30.46,0,1.23
47,36,30.46,0,1.21
47,36,30.46,0,1.2
47,37,30.46,0,1.17
47,37,30.46,0,1.25
47,37,30.46,0,1.16
47,37,30.46,0,1.2
46,37,30.46,0,1.23
47,38,30.46,0,1.2
47,37,30.46,0,1.19
47,37,30.46,0,1.19
47,37,30.46,0,1.22
47,36,30.46,0,1.2
47,36,30.45,0,1.22
48,35,30.45,0,1.22
48,34,30.45,0,1.24
47,34,30.45,0,1.24
47,34,30.45,0,1.22
47,34,30.45,0,1.24
47,34,30.46,0,1.18
47,34,30.45,0,1.19
47,34,30.45,0,1.21
47,33,30.45,0,1.25
47,33,30.45,0,1.24
47,33,30.45,0,1.22
47,33,30.45,0,1.19
47,33,30.45,0,1.2
47,33,30.45,0,1.2
47,34,30.45,0,1.2
47,35,30.45,0,1.21
47,34,30.45,0,1.21
47,34,30.46,0,1.21
47,33,30.46,0,1.21
47,34,30.46,0,1.22
47,34,30.46,0,1.21
47,33,30.46,0,1.21
47,34,30.46,0,1.22
47,34,30.46,0,1.24
47,33,30.46,0,1.22
47,33,30.46,0,1.19
47,33,30.47,0,1.25
47,33,30.47,0,1.25
47,32,30.47,0,1.15
48,32,30.47,0,1.23
48,32,30.47,0,1.19
48,32,30.47,0,1.24
48,32,30.47,0,1.17
48,32,30.47,0,1.21
47,32,30.47,0,1.19
47,32,30.47,0,1.2
47,33,30.47,0,1.23
47,33,30.48,0,1.25
47,33,30.48,0,1.21
47,33,30.48,0,1.22
47,33,30.48,0,1.24
47,32,30.48,0,1.24
47,32,30.48,0,1.22
47,32,30.49,0,1.24
47,33,30.49,0,1.2
47,33,30.49,0,1.22
47,33,30.49,0,1.2
47,33,30.49,0,1.21
47,33,30.49,0,1.16
47,34,30.49,0,1.24
47,35,30.49,0,1.23
47,34,30.5,0,1.18
48,35,30.5,0,1.19
48,35,30.5,0,1.22
48,35,30.5,0,1.22
48,36,30.5,0,1.21
48,36,30.5,0,1.22
48,37,30.5,0,1.22
48,38,30.5,0,1.23
48,39,30.5,0,1.22
48,38,30.5,0,1.21
48,39,30.5,0,1.22
48,39,30.5,0,1.21
48,39,30.5,0,1.24
48,39,30.49,0,1.23
48,39,30.49,0,1.22
48,38,30.49,0,1.22
48,38,30.49,0,1.2
48,38,30.49,0,1.23
49,38,30.49,0,1.26
49,37,30.49,0,1.2
49,37,30.49,0,1.21
49,37,30.49,0,1.21
49,36,30.49,0,1.2
49,35,30.5,0,1.24
49,35,30.5,0,1.23
49,34,30.49,0,1.22
49,34,30.49,0,1.25
49,34,30.5,0,1.18
49,33,30.5,0,1.23
49,33,30.5,0,1.21
49,34,30.5,0,1.2
49,34,30.5,0,1.19
49,33,30.49,0,1.24
49,34,30.49,0,1.24
50,34,30.49,0,1.22
50,34,30.49,0,1.21
50,34,30.49,0,1.23
49,35,30.49,0,1.2
49,38,30.48,0,1.22
50,38,30.48,0,1.22
50,39,30.48,0,1.18
50,37,30.48,0,1.24
51,39,30.48,0,1.24
51,39,30.48,0,1.21
51,39,30.48,0,1.22
51,39,30.48,0,1.21
51,38,30.47,0,1.21
51,38,30.47,0,1.22
51,39,30.47,0,1.19
51,39,30.47,0,1.2
52,39,30.47,0,1.21
52,38,30.47,0,1.22
52,37,30.47,0,1.19
53,35,30.47,0,1.18
53,33,30.46,0,1.25
53,32,30.46,0,1.24
53,39,30.46,0,1.23
53,39,30.46,0,1.2
53,40,30.45,0,1.22
53,40,30.46,0,1.21
53,40,30.45,0,1.2
54,37,30.45,0,1.25
54,34,30.45,0,1.23
55,33,30.45,0,1.22
56,36,30.45,0,1.23
56,36,30.45,0,1.26
57,35,30.45,0,1.54
57,36,30.44,0,2.73
58,36,30.44,0,4.56
58,37,30.44,0,6.74
59,35,30.44,0,8.92
59,36,30.44,0,11.01
59,35,30.44,0,24.42
59,38,30.43,0,28.84
59,43,30.43,0,41.48
59,44,30.43,0,59.22
59,45,30.43,0,79.41
58,45,30.43,0,101.07
58,57,30.43,0,124.59
59,71,30.43,0,150.59
61,66,30.43,0,177.52
62,50,30.43,0,206.07
61,38,30.42,0,234.62
60,51,30.42,0,261.65
61,66,30.42,0,288.04
62,63,30.42,0,314.11
62,48,30.42,0,337.85
61,49,30.42,0,359.32
61,60,30.42,0,378.48
61,59,30.42,0,400.27
61,58,30.41,0,418.81
62,63,30.42,0,438.55
63,46,30.42,0,458.27
62,42,30.41,0,479.44
62,51,30.41,0,497.82
61,54,30.41,0,516.64
60,64,30.41,0,536.05
59,71,30.41,0,552.28
59,70,30.41,0,570.28
60,69,30.42,0,587.86
60,67,30.42,0,603.95
61,65,30.42,0,621.07
62,62,30.42,0,637.45
62,58,30.42,0,652.93
64,50,30.42,0,670.64
65,43,30.42,0,686.26
65,36,30.42,0,704.01
65,36,30.42,0,718.59
65,37,30.42,0,732.78
65,40,30.42,0,744.7
65,37,30.42,0,758.03
65,39,30.42,0,773.92
64,37,30.42,0,780.45
64,37,30.43,0,798.7
64,44,30.42,0,809.85
63,43,30.43,0,820.87
63,46,30.43,0,831.52
63,47,30.43,0,839.7
64,46,30.43,0,849.35
65,41,30.43,0,858.45
65,35,30.43,0,868.71
65,35,30.43,0,878.69
65,32,30.43,0,887.32
65,32,30.43,0,892.56
65,34,30.43,0,900.92
64,35,30.44,0,905.5
64,36,30.44,0,911.19
64,32,30.44,0,917.45
64,32,30.44,0,923.69
64,37,30.45,0,926.48
64,41,30.45,0,929.45
64,45,30.44,0,933.24
64,45,30.45,0,937.23
64,39,30.44,0,940.37
64,38,30.45,0,939.21
64,38,30.45,0,940.92
64,40,30.45,0,941.88
64,40,30.45,0,942.42
65,42,30.45,0,943.99
65,34,30.45,0,940.78
64,28,30.45,0,939.15
64,32,30.46,0,935.83
64,34,30.46,0,934.34
64,38,30.46,0,930.17
64,36,30.46,0,927.67
65,36,30.47,0,922.57
65,26,30.46,0,920.48
65,31,30.46,0,913.1
65,28,30.46,0,908.28
64,29,30.46,0,901.41
64,37,30.47,0,895.08
64,34,30.47,0,888.02
64,28,30.46,0,880.09
64,31,30.47,0,872.81
64,34,30.47,0,863.25
64,30,30.47,0,853.57
63,36,30.47,0,844.33
63,35,30.47,0,833.32
63,33,30.47,0,825.05
64,35,30.47,0,812.58
64,32,30.47,0,802.7
65,26,30.47,0,789.64
65,22,30.47,0,778.25
65,23,30.47,0,766.56
65,22,30.47,0,754.0
65,22,30.47,0,738.77
65,22,30.47,0,725.96
64,23,30.47,0,710.31
63,25,30.47,0,696.05
61,29,30.47,0,680.31
60,32,30.47,0,664.19
60,30,30.47,0,647.21
59,30,30.47,0,633.02
59,32,30.47,0,615.65
60,31,30.47,0,599.44
61,28,30.47,0,581.9
62,22,30.47,0,564.54
61,24,30.47,0,546.51
60,29,30.47,0,528.27
59,31,30.46,0,510.41
59,29,30.46,0,492.35
60,30,30.47,0,472.51
60,20,30.47,0,453.47
59,22,30.47,0,434.19
57,23,30.46,0,414.61
56,25,30.47,0,393.73
55,25,30.47,0,373.91
54,25,30.46,0,353.37
54,25,30.46,0,331.77
53,26,30.46,0,307.89
51,26,30.46,0,280.69
51,29,30.46,0,25.57
50,29,30.46,0,23.51
50,31,30.45,0,22.01
50,32,30.45,0,21.5
49,32,30.45,0,20.81
49,33,30.45,0,20.11
49,31,30.45,0,19.2
49,31,30.45,0,18.26
48,33,30.45,0,17.09
48,34,30.44,0,15.85
48,36,30.44,0,14.36
47,36,30.44,0,12.65
47,37,30.43,0,10.73
47,37,30.43,0,8.6
46,36,30.43,0,6.49
46,37,30.43,0,4.23
46,38,30.44,0,2.46
46,37,30.43,0,1.36
46,35,30.43,0,1.19
46,34,30.44,0,1.24
45,34,30.43,0,1.23
45,37,30.43,0,1.19
45,37,30.44,0,1.23
46,37,30.43,0,1.23
46,37,30.43,0,1.19
46,36,30.43,0,1.2
46,36,30.43,0,1.23
46,35,30.43,0,1.19
46,35,30.43,0,1.24
46,35,30.43,0,1.21
45,34,30.43,0,1.17
45,33,30.42,0,1.2
45,33,30.42,0,1.2
45,30,30.42,0,1.22
45,29,30.42,0,1.19
45,29,30.42,0,1.2
44,30,30.43,0,1.21
44,30,30.43,0,1.23
44,31,30.43,0,1.21
44,32,30.43,0,1.18
44,33,30.43,0,1.22
44,34,30.43,0,1.22
44,35,30.42,0,1.19
44,36,30.42,0,1.19
44,37,30.42,0,1.22
44,38,30.42,0,1.18
44,38,30.43,0,1.23
43,40,30.43,0,1.19
43,40,30.43,0,1.19
43,43,30.43,0,1.2
44,43,30.43,0,1.19
44,43,30.43,0,1.23
44,42,30.43,0,1.22
44,41,30.43,0,1.23
44,41,30.43,0,1.2
44,40,30.43,0,1.21
44,40,30.43,0,1.22
44,41,30.43,0,1.23
44,42,30.43,0,1.23
43,44,30.44,0,1.19
43,46,30.44,0,1.21
43,47,30.44,0,1.2
43,49,30.44,0,1.23
44,53,30.44,0,1.19
44,53,30.44,0,1.21
44,54,30.44,0,1.2
44,53,30.44,0,1.18
44,49,30.44,0,1.22
44,45,30.44,0,1.19
43,43,30.44,0,1.24
43,47,30.44,0,1.2
43,58,30.44,0,1.21
43,75,30.44,0,1.21
44,84,30.44,0,1.19
44,83,30.44,0,1.24
44,68,30.44,0,1.18
43,49,30.44,0,1.2
43,53,30.44,0,1.18
43,63,30.44,0,1.23
43,74,30.44,0,1.23
44,68,30.45,0,1.2
44,60,30.45,0,1.22
44,60,30.45,0,1.2
44,59,30.45,0,1.2
45,56,30.45,0,1.18
45,52,30.45,0,1.21
46,40,30.45,0,1.21
46,35,30.45,0,1.22
46,35,30.45,0,1.19
46,36,30.45,0,1.23
46,36,30.45,0,1.23
46,35,30.46,0,1.2
46,36,30.46,0,1.19
45,35,30.46,0,1.2
45,36,30.46,0,1.19
45,37,30.46,0,1.19
45,38,30.46,0,1.2
45,38,30.46,0,1.2
45,38,30.46,0,1.22
45,39,30.46,0,1.19
46,39,30.46,0,1.22
46,39,30.47,0,1.23
47,38,30.47,0,1.23
47,38,30.47,0,1.21
47,37,30.47,0,1.18
47,37,30.47,0,1.24
48,37,30.47,0,1.24
48,37,30.47,0,1.21
48,38,30.47,0,1.29
48,37,30.46,0,1.2
48,36,30.46,0,1.21
48,38,30.46,0,1.21
49,38,30.46,0,1.21
49,37,30.46,0,1.21
49,37,30.46,0,1.21
49,37,30.46,0,1.23
49,37,30.46,0,1.19
49,37,30.46,0,1.23
49,37,30.46,0,1.2
49,38,30.46,0,1.19
49,37,30.46,0,1.2
50,36,30.46,0,1.21
50,36,30.46,0,1.23
50,35,30.46,0,1.22
50,34,30.46,0,1.2
50,35,30.46,0,1.22
49,36,30.46,0,1.25
49,36,30.46,0,1.2
49,36,30.46,0,1.21
50,34,30.46,0,1.22
50,36,30.46,0,1.21
50,37,30.46,0,1.24
50,36,30.45,0,1.24
50,37,30.45,0,1.25
50,36,30.45,0,1.21
50,41,30.45,0,1.25
50,40,30.45,0,1.29
50,39,30.45,0,1.19
50,38,30.45,0,1.22
50,39,30.44,0,1.23
51,38,30.44,0,1.23
51,35,30.44,0,1.2
51,32,30.44,0,1.21
51,31,30.44,0,1.24
52,31,30.44,0,1.23
52,31,30.44,0,1.2
52,30,30.44,0,1.24
52,35,30.44,0,1.21
53,36,30.43,0,1.26
53,35,30.43,0,1.25
53,35,30.43,0,1.21
53,36,30.43,0,1.22
54,34,30.43,0,1.25
54,34,30.43,0,1.21
54,34,30.43,0,1.24
54,33,30.43,0,1.23
54,33,30.43,0,1.25
54,33,30.42,0,1.24
54,32,30.42,0,1.27
54,33,30.42,0,1.25
54,37,30.42,0,1.23
54,44,30.42,0,1.23
54,46,30.42,0,1.51
55,43,30.42,0,2.81
55,38,30.42,0,4.67
56,35,30.42,0,6.92
56,40,30.42,0,9.14
57,46,30.42,0,11.36
58,53,30.42,0,24.85
58,46,30.42,0,29.63
59,55,30.42,0,41.94
60,59,30.42,0,60.14
61,50,30.42,0,79.95
63,51,30.42,0,101.99
63,32,30.41,0,126.42
63,34,30.41,0,142.18
62,39,30.41,0,180.06
62,33,30.41,0,206.99
62,42,30.41,0,235.19
62,42,30.41,0,262.6
62,42,30.41,0,289.12
62,42,30.41,0,314.87
63,41,30.41,0,338.19
63,41,30.41,0,358.22
63,38,30.4,0,378.22
63,42,30.4,0,399.35
63,42,30.41,0,418.55
62,39,30.41,0,438.39
62,43,30.4,0,459.26
62,44,30.4,0,476.69
62,45,30.4,0,496.42
62,49,30.4,0,514.2
62,47,30.41,0,533.94
62,48,30.41,0,551.73
62,49,30.41,0,568.55
62,50,30.4,0,586.9
61,45,30.41,0,604.18
61,43,30.41,0,622.08
61,42,30.41,0,638.8
62,41,30.41,0,656.59
62,43,30.41,0,672.09
62,40,30.4,0,687.26
62,39,30.41,0,701.82
62,43,30.41,0,718.5
63,44,30.4,0,730.92
63,42,30.41,0,746.13
63,41,30.4,0,760.2
63,42,30.4,0,771.79
63,41,30.4,0,785.71
63,44,30.41,0,796.66
63,47,30.41,0,807.32
63,48,30.41,0,819.15
63,44,30.41,0,828.96
63,45,30.41,0,840.29
63,43,30.41,0,850.33
64,43,30.41,0,860.66
64,41,30.41,0,868.3
64,38,30.41,0,878.18
64,35,30.41,0,886.43
64,40,30.41,0,893.57
63,37,30.42,0,900.99
63,42,30.42,0,907.04
63,42,30.42,0,912.86
63,44,30.42,0,916.56
63,41,30.42,0,922.01
63,42,30.42,0,925.78
64,39,30.43,0,930.89
64,39,30.43,0,935.12
65,40,30.43,0,936.46
65,35,30.43,0,941.79
65,35,30.43,0,942.45
65,35,30.43,0,942.6
65,34,30.43,0,944.71
65,36,30.43,0,943.29
65,37,30.43,0,943.06
65,41,30.44,0,942.16
65,37,30.44,0,940.31
65,40,30.44,0,937.19
65,31,30.44,0,936.1
65,32,30.44,0,934.42
65,30,30.44,0,930.61
65,30,30.45,0,925.74
65,27,30.45,0,921.58
65,30,30.45,0,925.56
65,28,30.45,0,911.26
64,32,30.45,0,905.02
64,34,30.45,0,895.21
63,34,30.45,0,890.34
64,34,30.45,0,880.81
64,32,30.45,0,874.87
65,31,30.46,0,864.74
65,27,30.46,0,856.69
65,23,30.46,0,847.36
64,22,30.46,0,838.56
64,24,30.46,0,827.64
64,25,30.46,0,816.66
64,27,30.46,0,806.13
63,30,30.46,0,792.23
63,30,30.46,0,780.72
63,27,30.46,0,767.7
63,27,30.46,0,753.63
63,28,30.46,0,740.18
63,28,30.46,0,725.33
63,27,30.46,0,711.45
62,27,30.46,0,698.67
63,28,30.47,0,683.01
63,30,30.46,0,666.57
63,23,30.46,0,651.12
63,25,30.46,0,635.07
62,23,30.46,0,618.89
63,23,30.46,0,601.96
63,22,30.46,0,584.53
63,21,30.46,0,567.38
63,21,30.46,0,549.1
63,20,30.46,0,531.24
63,21,30.46,0,512.92
63,22,30.46,0,494.05
62,21,30.45,0,474.92
61,22,30.45,0,455.79
60,22,30.45,0,436.17
59,26,30.45,0,416.56
58,26,30.45,0,396.63
57,27,30.45,0,376.74
56,28,30.45,0,356.31
55,29,30.45,0,334.15
54,31,30.44,0,310.68
52,32,30.44,0,284.54
52,33,30.44,0,61.13
51,34,30.44,0,24.28
50,35,30.44,0,22.21
50,35,30.44,0,21.55
50,36,30.43,0,20.83
49,35,30.43,0,20.08
49,36,30.44,0,19.28
49,36,30.43,0,18.3
48,37,30.43,0,17.23
48,37,30.43,0,15.91
48,38,30.43,0,14.47
47,37,30.43,0,12.82
47,38,30.43,0,10.93
47,37,30.43,0,8.8
46,37,30.42,0,6.64
46,37,30.42,0,4.38
46,38,30.42,0,2.6
45,38,30.42,0,1.42
46,38,30.42,0,1.21
46,37,30.42,0,1.2
46,36,30.42,0,1.22
46,36,30.42,0,1.21
46,36,30.42,0,1.22
46,36,30.42,0,1.22
45,37,30.42,0,1.19
45,37,30.42,0,1.19
45,38,30.42,0,1.21
45,38,30.41,0,1.22
45,37,30.42,0,1.19
45,37,30.42,0,1.2
46,37,30.42,0,1.2
46,37,30.41,0,1.19
45,37,30.41,0,1.23
45,37,30.41,0,1.2
45,38,30.41,0,1.19
45,38,30.41,0,1.2
45,38,30.41,0,1.2
45,37,30.41,0,1.2
45,38,30.41,0,1.21
45,37,30.41,0,1.19
45,38,30.41,0,1.22
45,37,30.41,0,1.2
46,37,30.41,0,1.18
46,37,30.42,0,1.17
45,37,30.42,0,1.17
45,37,30.41,0,1.19
44,37,30.42,0,1.23
44,38,30.42,0,1.2
45,37,30.42,0,1.17
45,37,30.42,0,1.21
45,36,30.42,0,1.23
44,37,30.42,0,1.18
43,38,30.42,0,1.23
43,38,30.42,0,1.18
43,38,30.42,0,1.21
44,39,30.42,0,1.18
44,38,30.42,0,1.18
44,38,30.42,0,1.18
44,37,30.43,0,1.21
44,38,30.43,0,1.21
44,37,30.43,0,1.18
44,37,30.43,0,1.18
44,37,30.43,0,1.19
44,38,30.43,0,1.2
44,38,30.43,0,1.21
44,38,30.43,0,1.16
45,37,30.43,0,1.2
44,37,30.43,0,1.2
45,37,30.44,0,1.22
45,37,30.44,0,1.19
45,37,30.44,0,1.18
45,38,30.44,0,1.19
45,39,30.44,0,1.23
45,38,30.44,0,1.22
45,39,30.44,0,1.18
45,38,30.44,0,1.17
45,39,30.44,0,1.2
45,38,30.44,0,1.2
45,38,30.44,0,1.2
45,37,30.45,0,1.22
46,37,30.45,0,1.19
46,37,30.45,0,1.21
46,36,30.45,0,1.22
46,36,30.45,0,1.2
46,36,30.45,0,1.19
46,36,30.45,0,1.23
46,35,30.45,0,1.19
46,36,30.45,0,1.2
46,36,30.45,0,1.22
46,36,30.45,0,1.22
46,36,30.45,0,1.22
46,37,30.45,0,1.19
46,36,30.46,0,1.2
46,37,30.46,0,1.2
46,35,30.46,0,1.21
46,35,30.46,0,1.2
46,36,30.46,0,1.18
46,36,30.46,0,1.22
46,38,30.46,0,1.2
46,36,30.46,0,1.21
46,37,30.46,0,1.19
46,36,30.46,0,1.21
46,37,30.46,0,1.22
46,37,30.46,0,1.22
46,37,30.46,0,1.22
46,37,30.46,0,1.22
46,37,30.46,0,1.23
46,38,30.46,0,1.22
46,38,30.46,0,1.17
46,38,30.46,0,1.23
46,38,30.46,0,1.21
46,37,30.46,0,1.2
46,37,30.46,0,1.22
46,38,30.47,0,1.21
46,36,30.47,0,1.22
46,37,30.47,0,1.23
46,37,30.47,0,1.19
46,37,30.47,0,1.21
46,36,30.47,0,1.2
47,37,30.46,0,1.24
47,36,30.46,0,1.24
47,36,30.46,0,1.18
47,36,30.46,0,1.24
47,36,30.46,0,1.22
48,35,30.46,0,1.23
47,35,30.46,0,1.24
48,36,30.46,0,1.23
48,35,30.47,0,1.24
47,35,30.46,0,1.21
48,35,30.46,0,1.23
48,34,30.46,0,1.16
47,34,30.46,0,1.19
47,35,30.46,0,1.22
47,34,30.46,0,1.25
47,34,30.46,0,1.23
48,33,30.46,0,1.2
48,33,30.46,0,1.22
48,31,30.46,0,1.22
48,31,30.46,0,1.21
48,31,30.46,0,1.19
48,30,30.46,0,1.21
49,30,30.46,0,1.2
49,30,30.45,0,1.22
49,29,30.45,0,1.22
49,30,30.45,0,1.22
49,30,30.45,0,1.22
49,28,30.45,0,1.21
49,30,30.45,0,1.21
50,30,30.45,0,1.25
50,29,30.44,0,1.25
50,29,30.44,0,1.24
50,30,30.44,0,1.24
50,30,30.44,0,1.28
50,29,30.44,0,1.18
50,30,30.44,0,1.19
51,29,30.44,0,1.22
51,27,30.44,0,1.21
52,27,30.44,0,1.21
52,27,30.44,0,1.16
52,26,30.44,0,1.23
53,26,30.44,0,1.22
53,25,30.44,0,1.22
53,26,30.43,0,1.61
54,25,30.43,0,2.94
54,23,30.43,0,4.86
55,24,30.43,0,7.05
55,24,30.43,0,9.35
56,24,30.43,0,11.5
56,23,30.43,0,25.31
57,22,30.43,0,30.93
57,21,30.43,0,44.31
58,22,30.43,0,62.81
58,24,30.43,0,83.39
58,24,30.43,0,105.58
58,27,30.43,0,130.59
58,33,30.43,0,155.9
59,40,30.43,0,182.88
59,35,30.43,0,210.92
60,28,30.43,0,239.18
60,24,30.42,0,267.32
60,23,30.42,0,294.38
60,23,30.42,0,320.58
61,22,30.42,0,343.75
60,21,30.42,0,364.1
61,20,30.42,0,385.5
61,22,30.42,0,405.83
61,24,30.42,0,425.32
61,20,30.41,0,445.3
61,21,30.42,0,465.91
61,22,30.42,0,485.42
61,20,30.42,0,504.54
61,23,30.42,0,523.48
60,24,30.42,0,541.17
61,21,30.42,0,560.35
61,22,30.42,0,578.93
61,18,30.42,0,597.39
61,22,30.42,0,614.69
62,19,30.42,0,631.67
62,22,30.42,0,649.36
62,22,30.42,0,667.18
61,24,30.42,0,683.01
62,23,30.42,0,700.47
62,27,30.42,0,713.16
62,23,30.42,0,729.74
62,23,30.42,0,743.74
62,23,30.42,0,758.09
62,21,30.42,0,770.65
62,25,30.42,0,786.6
63,24,30.41,0,798.72
63,25,30.41,0,811.47
63,24,30.42,0,821.37
63,25,30.42,0,833.47
63,25,30.42,0,843.42
63,27,30.42,0,854.85
63,25,30.42,0,866.94
63,22,30.42,0,878.05
63,24,30.42,0,885.73
63,27,30.42,0,891.52
63,24,30.43,0,899.95
63,21,30.43,0,909.76
63,21,30.43,0,916.3
63,21,30.43,0,923.37
63,21,30.43,0,930.04
63,23,30.43,0,935.21
63,22,30.43,0,937.09
63,20,30.43,0,944.23
63,19,30.43,0,948.13
62,22,30.44,0,951.54
62,22,30.44,0,952.67
63,24,30.44,0,956.14
63,22,30.44,0,958.31
63,23,30.45,0,960.25
63,23,30.45,0,958.13
63,17,30.45,0,961.79
63,23,30.45,0,959.86
63,20,30.45,0,960.04
63,19,30.45,0,958.03
63,20,30.45,0,954.58
63,19,30.46,0,953.34
64,21,30.46,0,950.64
64,20,30.46,0,944.46
63,18,30.46,0,942.51
63,19,30.46,0,937.36
63,19,30.47,0,933.34
63,18,30.47,0,927.68
63,18,30.47,0,921.38
63,16,30.47,0,914.0
63,16,30.47,0,906.1
63,17,30.48,0,898.56
63,17,30.48,0,889.6
63,17,30.48,0,881.14
63,15,30.48,0,873.16
63,15,30.48,0,863.11
63,14,30.48,0,853.42
63,14,30.48,0,843.41
62,18,30.48,0,831.24
62,18,30.48,0,818.35
63,14,30.48,0,808.35
63,16,30.48,0,795.54
63,15,30.48,0,782.77
62,14,30.48,0,770.03
62,15,30.48,0,755.83
62,12,30.48,0,742.83
62,13,30.48,0,727.97
63,15,30.48,0,712.82
63,15,30.48,0,696.85
63,14,30.48,0,681.69
63,14,30.48,0,665.95
63,13,30.48,0,649.75
63,15,30.48,0,633.09
63,15,30.48,0,615.95
63,16,30.48,0,597.11
62,18,30.47,0,580.8
62,18,30.47,0,562.82
61,18,30.47,0,543.49
60,19,30.47,0,525.47
59,21,30.47,0,506.24
58,22,30.47,0,487.25
57,23,30.47,0,467.64
55,23,30.47,0,447.36
53,26,30.47,0,427.69
52,29,30.47,0,407.26
51,31,30.47,0,386.68
49,34,30.47,0,366.13
48,36,30.47,0,343.87
47,38,30.47,0,319.67
46,40,30.47,0,292.95
45,40,30.47,0,130.18
45,41,30.46,0,25.01
45,41,30.46,0,22.56
44,40,30.46,0,21.99
44,41,30.46,0,21.44
44,40,30.46,0,20.7
44,39,30.46,0,19.91
43,39,30.46,0,18.95
43,40,30.46,0,17.86
42,43,30.45,0,16.54
42,44,30.45,0,15.04
42,45,30.45,0,13.4
42,46,30.45,0,11.4
42,46,30.45,0,9.21
42,46,30.45,0,6.8
42,47,30.45,0,3.73
43,46,30.45,0,1.94
43,44,30.44,0,1.25
43,44,30.44,0,1.24
43,44,30.44,0,1.22
43,44,30.44,0,1.26
42,47,30.43,0,1.24
42,48,30.43,0,1.22
42,49,30.43,0,1.25
42,51,30.43,0,1.21
41,53,30.43,0,1.23
41,58,30.43,0,1.25
41,62,30.43,0,1.22
41,65,30.43,0,1.21
40,71,30.43,0,1.25
40,84,30.43,0,1.21
40,97,30.43,0,1.23
41,98,30.44,0,1.25
41,98,30.43,0,1.26
41,98,30.44,0,1.24
41,98,30.44,0,1.2
41,98,30.44,0,1.27
41,97,30.44,0,1.22
41,97,30.44,0,1.22
41,96,30.44,0,1.22
41,95,30.44,0,1.23
41,94,30.44,0,1.24
41,92,30.44,0,1.23
41,85,30.43,0,1.23
41,80,30.44,0,1.22
41,73,30.44,0,1.21
42,63,30.44,0,1.23
42,60,30.44,0,1.23
42,49,30.44,0,1.22
42,45,30.44,0,1.27
42,43,30.44,0,1.23
42,42,30.44,0,1.23
42,42,30.44,0,1.24
42,42,30.44,0,1.24
42,41,30.44,0,1.26
42,42,30.44,0,1.18
42,41,30.44,0,1.18
43,42,30.44,0,1.21
43,41,30.44,0,1.29
42,41,30.44,0,1.28
42,41,30.44,0,1.24
43,43,30.44,0,1.23
42,42,30.44,0,1.18
42,42,30.44,0,1.2
43,42,30.44,0,1.28
43,42,30.45,0,1.2
43,42,30.45,0,1.21
43,42,30.45,0,1.25
43,42,30.45,0,1.22
43,43,30.45,0,1.23
43,42,30.45,0,1.25
43,42,30.45,0,1.21
43,41,30.45,0,1.25
43,42,30.45,0,1.22
43,43,30.46,0,1.21
43,43,30.46,0,1.24
43,42,30.46,0,1.25
43,43,30.46,0,1.23
43,42,30.46,0,1.25
43,44,30.47,0,1.23
43,43,30.47,0,1.23
43,43,30.47,0,1.25
43,42,30.47,0,1.22
43,43,30.47,0,1.25
43,44,30.47,0,1.23
43,44,30.47,0,1.24
44,43,30.47,0,1.23
44,42,30.47,0,1.25
44,42,30.48,0,1.26
44,41,30.48,0,1.23
44,42,30.48,0,1.25
44,43,30.48,0,1.27
44,43,30.48,0,1.24
44,43,30.48,0,1.25
45,43,30.48,0,1.24
45,42,30.49,0,1.25
45,42,30.49,0,1.2
45,41,30.49,0,1.25
45,42,30.49,0,1.23
45,41,30.49,0,1.24
44,43,30.49,0,1.23
44,43,30.49,0,1.19
44,44,30.49,0,1.26
44,44,30.49,0,1.21
44,45,30.49,0,1.24
44,47,30.49,0,1.25
44,47,30.49,0,1.24
44,49,30.49,0,1.26
44,48,30.49,0,1.24
44,48,30.49,0,1.24
44,49,30.49,0,1.23
44,49,30.49,0,1.24
44,51,30.49,0,1.27
44,53,30.49,0,1.24
44,53,30.49,0,1.27
44,54,30.49,0,1.23
44,53,30.49,0,1.28
44,54,30.49,0,1.23
44,56,30.49,0,1.21
44,57,30.49,0,1.25
44,57,30.49,0,1.2
44,56,30.49,0,1.25
44,57,30.49,0,1.24
45,53,30.49,0,1.23
45,49,30.49,0,1.25
45,47,30.49,0,1.2
45,48,30.49,0,1.28
45,47,30.49,0,1.24
45,49,30.49,0,1.22
45,50,30.49,0,1.25
45,49,30.48,0,1.24
45,47,30.48,0,1.25
45,48,30.48,0,1.25
45,49,30.48,0,1.25
45,49,30.48,0,1.26
45,49,30.48,0,1.25
45,49,30.48,0,1.25
45,50,30.48,0,1.23
46,50,30.48,0,1.23
46,49,30.48,0,1.25
47,47,30.48,0,1.22
47,46,30.48,0,1.23
47,44,30.48,0,1.29
47,43,30.48,0,1.22
47,43,30.47,0,1.25
47,44,30.47,0,1.24
47,45,30.47,0,1.22
48,47,30.47,0,1.26
48,45,30.46,0,1.25
48,44,30.46,0,1.25
49,45,30.46,0,1.22
49,44,30.46,0,1.25
49,42,30.46,0,1.25
49,40,30.46,0,1.27
50,39,30.46,0,1.28
50,39,30.46,0,1.25
49,41,30.46,0,1.28
50,42,30.46,0,1.24
50,41,30.46,0,1.22
50,42,30.46,0,1.23
50,41,30.46,0,1.27
51,42,30.46,0,1.27
51,42,30.45,0,1.77
52,40,30.45,0,4.82
52,39,30.45,0,8.03
53,38,30.45,0,10.1
53,38,30.46,0,13.17
54,39,30.46,0,18.27
54,39,30.46,0,35.18
55,38,30.45,0,49.65
55,38,30.45,0,84.55
54,37,30.45,0,86.76
54,37,30.45,0,124.48
53,45,30.45,0,159.66
53,68,30.45,0,168.94
53,68,30.45,0,76.84
54,60,30.45,0,100.99
54,61,30.44,0,118.2
54,62,30.44,0,148.48
54,58,30.44,0,423.74
55,61,30.44,0,206.75
55,57,30.44,0,151.81
56,51,30.44,0,155.78
56,50,30.44,0,133.57
56,47,30.44,0,131.41
57,54,30.44,0,142.56
57,51,30.44,0,467.34
57,48,30.44,0,484.87
57,41,30.44,0,539.66
57,43,30.44,0,380.04
57,43,30.44,0,480.6
57,49,30.44,0,587.05
58,51,30.44,0,402.35
58,42,30.44,0,591.04
58,39,30.44,0,584.49
58,38,30.44,0,600.28
58,38,30.44,0,620.35
58,41,30.44,0,638.61
58,39,30.44,0,676.95
58,45,30.44,0,717.29
57,44,30.44,0,785.8
57,44,30.44,0,235.77
57,45,30.44,0,590.16
57,41,30.44,0,311.43
58,43,30.45,0,228.02
58,39,30.45,0,824.28
58,39,30.45,0,847.57
57,36,30.44,0,953.29
57,39,30.44,0,451.73
57,37,30.44,0,618.3
58,41,30.44,0,324.53
58,40,30.44,0,348.04
58,36,30.44,0,378.76
59,38,30.45,0,368.1
59,38,30.45,0,317.2
59,36,30.45,0,795.55
59,38,30.45,0,405.86
58,36,30.46,0,333.21
58,43,30.45,0,458.26
57,45,30.45,0,1127.96
57,44,30.46,0,434.2
58,42,30.46,0,485.56
59,38,30.46,0,357.36
59,39,30.47,0,366.9
59,40,30.47,0,422.8
59,38,30.47,0,1038.7
59,38,30.47,0,1063.98
59,41,30.47,0,1052.08
58,44,30.47,0,624.13
58,46,30.47,0,475.6
57,44,30.47,0,1179.95
57,45,30.48,0,731.83
57,47,30.47,0,840.19
57,50,30.47,0,930.48
57,48,30.48,0,475.63
57,47,30.48,0,747.42
57,49,30.48,0,405.15
58,45,30.48,0,636.29
58,44,30.48,0,610.59
58,40,30.49,0,581.09
58,38,30.48,0,831.49
58,40,30.48,0,1069.03
57,41,30.48,0,515.37
57,41,30.48,0,431.56
57,38,30.49,0,662.2
57,39,30.49,0,607.96
58,40,30.49,0,501.28
59,34,30.49,0,378.91
59,32,30.5,0,618.34
59,38,30.5,0,1031.52
58,36,30.5,0,685.21
58,33,30.5,0,640.66
58,33,30.5,0,846.4
58,31,30.5,0,970.81
58,32,30.5,0,648.48
58,36,30.5,0,279.67
57,33,30.5,0,927.38
57,34,30.5,0,416.43
57,35,30.5,0,616.69
57,32,30.5,0,420.23
57,35,30.5,0,510.29
57,35,30.5,0,603.87
57,33,30.51,0,556.07
56,33,30.51,0,621.5
56,32,30.5,0,678.15
56,34,30.5,0,324.77
56,35,30.5,0,284.89
57,34,30.5,0,243.45
57,33,30.5,0,328.76
58,32,30.5,0,328.19
58,33,30.5,0,435.71
57,33,30.5,0,379.59
56,35,30.5,0,828.53
55,34,30.49,0,663.83
53,40,30.49,0,439.01
51,42,30.49,0,639.34
50,48,30.49,0,480.22
49,52,30.49,0,401.66
48,51,30.49,0,179.71
48,53,30.49,0,370.75
48,52,30.49,0,117.64
47,53,30.49,0,107.57
47,54,30.48,0,93.98
47,55,30.48,0,86.82
47,53,30.48,0,110.32
46,54,30.48,0,124.21
46,56,30.48,0,113.03
46,57,30.48,0,126.49
45,57,30.48,0,98.34
45,59,30.48,0,78.92
45,59,30.48,0,75.4
45,60,30.48,0,66.53
45,59,30.48,0,47.94
45,60,30.47,0,37.09
46,59,30.47,0,31.09
46,58,30.47,0,28.41
46,57,30.47,0,19.93
46,57,30.47,0,16.98
46,57,30.47,0,11.16
45,56,30.47,0,6.98
45,58,30.47,0,5.05
45,60,30.46,0,3.06
44,62,30.46,0,2.19
44,62,30.46,0,1.5
44,64,30.46,0,1.25
44,62,30.46,0,1.26
44,61,30.46,0,1.26
45,61,30.46,0,1.24
45,59,30.45,0,1.24
44,60,30.45,0,1.22
44,62,30.45,0,1.25
44,64,30.45,0,1.26
44,64,30.45,0,1.26
44,66,30.45,0,1.21
44,66,30.45,0,1.24
45,65,30.46,0,1.28
45,64,30.46,0,1.28
45,62,30.46,0,1.25
45,62,30.46,0,1.26
45,62,30.46,0,1.27
45,64,30.45,0,1.26
45,64,30.45,0,1.26
45,65,30.45,0,1.3
45,69,30.45,0,1.27
45,72,30.45,0,1.24
45,73,30.45,0,1.27
46,75,30.45,0,1.26
46,74,30.45,0,1.25
46,75,30.45,0,1.27
46,80,30.45,0,1.26
45,83,30.45,0,1.26
45,87,30.45,0,1.26
45,88,30.45,0,1.21
45,88,30.45,0,1.28
45,90,30.44,0,1.25
45,94,30.44,0,1.26
44,94,30.44,0,1.29
44,95,30.44,0,1.22
44,91,30.45,0,1.23
44,86,30.45,0,1.25
44,90,30.45,0,1.23
44,92,30.45,0,1.23
44,91,30.45,0,1.28
44,85,30.45,0,1.24
44,81,30.45,0,1.28
44,82,30.45,0,1.26
44,77,30.45,0,1.26
44,76,30.45,0,1.24
44,69,30.45,0,1.25
44,67,30.45,0,1.24
44,67,30.45,0,1.24
45,66,30.45,0,1.25
45,64,30.46,0,1.24
45,61,30.46,0,1.24
45,58,30.46,0,1.27
45,57,30.46,0,1.28
45,59,30.45,0,1.27
46,59,30.45,0,1.28
46,58,30.45,0,1.25
46,58,30.45,0,1.26
46,57,30.46,0,1.26
47,56,30.46,0,1.22
47,52,30.46,0,1.26
48,49,30.46,0,1.27
48,49,30.46,0,1.28
47,47,30.46,0,1.27
46,53,30.47,0,1.28
46,54,30.47,0,1.23
46,56,30.47,0,1.26
46,50,30.47,0,1.25
46,57,30.47,0,1.23
46,60,30.47,0,1.29
47,58,30.47,0,1.29
47,52,30.47,0,1.26
47,56,30.48,0,1.31
47,54,30.48,0,1.3
47,55,30.48,0,1.31
47,55,30.48,0,1.26
41,81,30.34,0,1.21
41,80,30.34,0,1.19
42,81,30.34,0,1.21
41,82,30.34,0,1.21
41,83,30.34,0,1.22
40,83,30.34,0,1.2
40,83,30.34,0,1.19
40,83,30.34,0,1.22
40,82,30.34,0,1.18
41,82,30.34,0,1.2
41,82,30.34,0,1.22
40,82,30.34,0,1.2
40,82,30.34,0,1.22
40,82,30.34,0,1.22
41,81,30.34,0,1.2
41,80,30.34,0,1.2
41,79,30.35,0,1.2
41,79,30.35,0,1.23
41,79,30.35,0,1.21
41,79,30.35,0,1.18
41,79,30.35,0,1.2
41,80,30.35,0,1.21
41,81,30.34,0,1.2
41,81,30.34,0,1.22
41,82,30.34,0,1.24
41,84,30.34,0,1.25
41,83,30.34,0,1.22
41,82,30.34,0,1.2
42,82,30.34,0,1.23
42,81,30.35,0,1.21
42,81,30.35,0,1.22
42,81,30.34,0,1.25
42,83,30.35,0,1.22
42,86,30.35,0,1.21
43,87,30.34,0,1.23
43,88,30.34,0,1.23
43,88,30.34,0,1.21
43,88,30.34,0,1.23
43,88,30.34,0,1.18
43,88,30.34,0,1.2
43,88,30.34,0,1.23
44,87,30.34,0,1.23
44,86,30.34,0,1.2
45,86,30.34,0,1.23
45,86,30.34,0,1.24
45,86,30.33,0,1.22
46,87,30.33,0,1.21
46,87,30.33,0,1.22
46,87,30.33,0,1.21
46,88,30.33,0,1.2
46,89,30.33,0,1.22
46,90,30.33,0,1.22
46,91,30.33,0,1.2
46,94,30.33,0,1.23
46,95,30.33,0,1.25
46,96,30.33,0,1.22
46,97,30.32,0,1.18
46,99,30.33,0,1.23
47,99,30.32,0,1.26
47,99,30.32,0,1.24
47,99,30.32,0,1.19
47,99,30.32,0,1.24
47,98,30.32,0,1.2
47,98,30.32,0,1.16
47,97,30.32,0,1.22
47,97,30.32,0,1.22
48,96,30.31,0,1.22
48,96,30.31,0,1.22
48,96,30.31,0,1.22
48,96,30.31,0,1.24
48,95,30.31,0,1.38
48,95,30.31,0,3.2
48,94,30.31,0,5.84
49,93,30.31,0,8.49
49,92,30.31,0,9.33
49,91,30.31,0,11.98
49,92,30.3,0,15.96
49,91,30.3,0,18.98
49,92,30.31,0,26.11
49,91,30.31,0,32.99
49,90,30.31,0,49.94
50,90,30.3,0,47.14
50,89,30.3,0,107.36
50,88,30.3,0,65.73
50,88,30.3,0,137.37
50,88,30.3,0,110.18
50,88,30.3,0,134.44
50,87,30.3,0,66.41
51,86,30.3,0,76.3
51,84,30.3,0,84.62
51,84,30.29,0,89.46
52,82,30.29,0,65.77
52,79,30.29,0,82.4
53,78,30.29,0,105.17
53,75,30.29,0,167.44
54,77,30.28,0,552.33
54,72,30.28,0,485.05
54,73,30.28,0,594.78
53,80,30.28,0,392.78
53,82,30.28,0,479.13
53,81,30.28,0,257.2
53,82,30.28,0,215.98
53,83,30.29,0,778.69
53,83,30.28,0,378.48
52,84,30.28,0,246.8
53,85,30.29,0,165.61
52,87,30.28,0,586.51
52,85,30.28,0,280.55
52,83,30.28,0,350.54
52,86,30.28,0,305.02
52,86,30.28,0,637.19
52,84,30.28,0,692.0
52,85,30.28,0,356.92
53,83,30.28,0,261.18
53,82,30.29,0,230.91
53,82,30.29,0,920.09
53,81,30.29,0,325.07
53,77,30.29,0,339.47
53,78,30.29,0,216.06
53,79,30.29,0,448.57
53,77,30.29,0,239.03
53,76,30.29,0,234.85
53,75,30.29,0,279.42
53,75,30.29,0,204.89
53,75,30.3,0,247.32
53,74,30.29,0,199.27
53,75,30.3,0,256.52
53,74,30.3,0,239.91
53,74,30.3,0,229.02
53,75,30.3,0,228.76
53,74,30.3,0,422.04
53,75,30.3,0,827.4
53,74,30.31,0,386.77
54,73,30.31,0,242.35
53,73,30.31,0,532.51
53,72,30.31,0,819.68
53,70,30.31,0,722.33
53,70,30.31,0,461.31
53,69,30.31,0,542.66
53,69,30.31,0,575.4
53,68,30.32,0,595.61
53,68,30.33,0,521.11
53,68,30.33,0,378.41
53,67,30.33,0,364.1
53,67,30.32,0,493.27
53,67,30.32,0,744.91
52,68,30.33,0,615.75
53,68,30.33,0,363.67
52,68,30.33,0,1026.34
52,69,30.33,0,365.6
52,71,30.33,0,600.11
52,74,30.33,0,349.41
52,74,30.33,0,392.47
52,77,30.33,0,333.66
51,77,30.34,0,763.69
51,78,30.34,0,540.71
51,79,30.34,0,423.32
51,80,30.34,0,372.75
51,80,30.34,0,258.96
50,79,30.34,0,473.09
50,81,30.34,0,402.17
50,80,30.35,0,614.07
50,81,30.35,0,299.46
50,81,30.34,0,443.82
50,82,30.35,0,340.05
50,83,30.34,0,455.93
49,83,30.35,0,708.54
50,83,30.34,0,368.6
49,83,30.34,0,413.89
49,84,30.34,0,377.6
50,84,30.34,0,411.52
49,86,30.34,0,425.14
49,87,30.34,0,626.78
48,87,30.34,0,621.48
48,88,30.34,0,502.69
48,88,30.34,0,300.77
48,86,30.33,0,562.05
47,85,30.34,0,481.72
47,84,30.33,0,271.4
46,84,30.34,0,466.49
46,84,30.34,0,195.6
45,84,30.33,0,311.72
45,84,30.33,0,132.99
45,84,30.33,0,252.41
45,84,30.33,0,218.23
45,84,30.33,0,181.73
45,83,30.32,0,123.67
45,84,30.32,0,224.35
44,86,30.32,0,163.52
43,87,30.32,0,116.14
43,86,30.31,0,111.12
43,86,30.31,0,44.3
43,86,30.31,0,39.3
42,85,30.31,0,39.51
42,84,30.31,0,52.87
43,83,30.31,0,32.09
43,81,30.3,0,30.12
43,80,30.3,0,25.24
43,80,30.3,0,28.98
43,79,30.3,0,21.28
42,78,30.3,0,18.32
42,79,30.3,0,9.84
41,80,30.3,0,5.94
42,80,30.31,0,3.55
42,79,30.3,0,2.93
42,78,30.3,0,1.66
42,79,30.3,0,1.21
42,78,30.29,0,1.2
42,78,30.29,0,1.19
43,78,30.29,0,1.21
43,77,30.29,0,1.2
43,77,30.29,0,1.21
43,77,30.29,0,1.18
43,77,30.29,0,1.21
44,77,30.29,0,1.22
44,77,30.29,0,1.21
45,75,30.29,0,1.19
44,77,30.29,0,1.19
43,79,30.29,0,1.2
43,79,30.29,0,1.22
43,79,30.28,0,1.15
43,82,30.29,0,1.23
43,80,30.28,0,1.22
43,79,30.29,0,1.25
42,76,30.29,0,1.24
42,81,30.29,0,1.21
42,84,30.28,0,1.21
42,84,30.28,0,1.21
43,83,30.28,0,1.23
43,82,30.28,0,1.18
43,83,30.28,0,1.19
42,84,30.28,0,1.21
42,86,30.28,0,1.2
42,87,30.28,0,1.19
41,87,30.28,0,1.19
41,88,30.28,0,1.22
41,88,30.28,0,1.2
41,87,30.29,0,1.16
42,87,30.28,0,1.21
42,86,30.28,0,1.21
42,85,30.28,0,1.2
43,85,30.28,0,1.2
43,84,30.28,0,1.2
42,85,30.29,0,1.19
42,87,30.28,0,1.17
42,88,30.28,0,1.2
42,89,30.28,0,1.21
41,89,30.29,0,1.21
41,90,30.29,0,1.22
41,90,30.29,0,1.23
41,90,30.29,0,1.23
41,90,30.29,0,1.21
41,90,30.29,0,1.2
42,89,30.3,0,1.24
42,89,30.29,0,1.21
42,89,30.29,0,1.21
42,89,30.3,0,1.23
42,89,30.3,0,1.22
42,89,30.3,0,1.16
42,89,30.31,0,1.23
43,89,30.3,0,1.23
43,88,30.3,0,1.21
43,88,30.31,0,1.21
43,87,30.31,0,1.21
44,86,30.31,0,1.22
45,84,30.31,0,1.23
45,83,30.31,0,1.22
45,81,30.31,0,1.23
45,79,30.31,0,1.19
45,78,30.31,0,1.21
45,78,30.31,0,1.22
45,76,30.31,0,1.24
44,77,30.31,0,1.21
44,81,30.31,0,1.23
44,81,30.32,0,1.22
44,83,30.32,0,1.22
43,84,30.31,0,1.19
43,87,30.32,0,1.23
42,90,30.31,0,1.22
42,91,30.32,0,1.2
42,91,30.31,0,1.19
43,90,30.32,0,1.21
43,90,30.32,0,1.23
44,89,30.32,0,1.23
44,89,30.32,0,1.22
44,91,30.32,0,1.22
44,92,30.33,0,1.23
44,92,30.33,0,1.21
44,93,30.33,0,1.2
44,93,30.33,0,1.21
45,95,30.33,0,1.22
45,95,30.33,0,1.22
45,96,30.33,0,1.22
45,97,30.33,0,1.22
45,98,30.33,0,1.23
45,99,30.34,0,1.21
44,100,30.33,0,1.23
44,100,30.33,0,1.2
44,101,30.34,0,1.21
44,101,30.34,0,1.21
44,101,30.34,0,1.2
44,101,30.34,0,1.2
44,101,30.34,0,1.21
44,101,30.34,0,1.21
44,101,30.34,0,1.19
44,101,30.34,0,1.22
44,101,30.34,0,1.22
44,101,30.34,0,1.24
44,101,30.34,0,1.19
44,101,30.34,0,1.21
44,102,30.35,0,1.2
44,101,30.35,0,1.2
44,102,30.35,0,1.21
45,102,30.35,0,1.24
45,101,30.35,0,1.19
45,101,30.35,0,1.24
45,101,30.35,0,1.18
45,101,30.34,0,1.21
45,101,30.34,0,1.23
45,101,30.34,0,1.23
45,101,30.34,0,1.23
45,101,30.34,0,1.18
45,101,30.34,0,1.24
45,101,30.34,0,1.2
45,101,30.34,0,1.21
45,101,30.34,0,1.22
45,101,30.34,0,1.2
45,101,30.34,0,1.21
45,101,30.34,0,1.22
45,101,30.34,0,1.2
45,101,30.34,0,1.21
45,101,30.34,0,1.21
45,101,30.34,0,1.22
45,100,30.34,0,1.23
45,100,30.33,0,1.22
45,100,30.33,0,1.22
45,100,30.33,0,1.21
45,99,30.33,0,1.22
45,99,30.32,0,1.22
45,98,30.32,0,1.19
45,97,30.32,0,1.2
46,95,30.32,0,1.17
47,87,30.32,0,1.22
47,79,30.31,0,1.2
46,81,30.31,0,1.23
46,84,30.31,0,1.2
45,87,30.3,0,1.22
45,90,30.31,0,1.2
44,90,30.31,0,1.18
44,90,30.31,0,1.23
44,90,30.31,0,1.25
44,89,30.31,0,1.2
44,87,30.32,0,1.23
44,87,30.33,0,1.18
45,86,30.33,0,1.23
45,86,30.33,0,1.21
46,83,30.33,0,1.25
48,83,30.33,0,1.27
48,95,30.32,0,1.23
48,96,30.31,0,1.22
48,97,30.31,0,1.63
48,97,30.31,0,2.78
48,97,30.31,0,5.76
48,97,30.31,0,8.8
48,97,30.31,0,13.8
48,97,30.31,0,22.92
48,97,30.31,0,13.19
48,97,30.3,0,8.48
48,97,30.3,0,21.2
48,97,30.3,0,26.42
48,97,30.3,0,27.2
49,97,30.3,0,32.27
49,97,30.3,0,25.43
49,96,30.3,0,33.49
49,96,30.3,0,37.42
49,95,30.29,0,31.83
49,94,30.3,0,66.59
49,95,30.3,0,32.44
49,94,30.3,0,38.35
49,94,30.29,0,53.84
50,90,30.29,0,40.73
49,86,30.3,0,26.36
49,86,30.29,0,62.69
49,87,30.29,0,88.63
49,87,30.29,0,61.64
50,85,30.29,0,66.36
50,84,30.29,0,42.97
50,84,30.29,0,73.72
50,82,30.29,0,48.2
50,80,30.29,0,75.46
50,82,30.29,0,149.98
50,81,30.28,0,90.35
50,80,30.29,0,107.26
50,80,30.28,0,121.19
50,79,30.28,0,97.2
50,78,30.28,0,92.92
50,77,30.29,0,113.99
50,77,30.28,0,167.49
50,78,30.29,0,97.21
50,76,30.29,0,187.33
50,75,30.29,0,157.83
51,75,30.28,0,166.26
51,75,30.28,0,225.81
51,76,30.28,0,315.93
51,76,30.29,0,301.35
51,77,30.29,0,301.3
51,78,30.29,0,392.38
51,78,30.29,0,321.86
51,76,30.29,0,382.86
51,75,30.29,0,303.48
50,76,30.29,0,386.49
50,75,30.29,0,320.75
50,76,30.29,0,405.0
50,74,30.29,0,439.43
50,75,30.29,0,397.79
50,74,30.3,0,407.04
50,74,30.3,0,427.74
50,73,30.3,0,382.06
50,74,30.3,0,336.41
50,74,30.31,0,320.16
50,71,30.31,0,313.87
50,71,30.31,0,344.07
50,71,30.31,0,344.56
50,70,30.32,0,376.16
50,68,30.32,0,378.1
50,71,30.32,0,365.03
50,70,30.32,0,350.45
50,69,30.32,0,361.77
50,69,30.32,0,380.01
50,68,30.33,0,352.16
50,68,30.33,0,342.86
50,70,30.33,0,317.92
50,70,30.33,0,313.99
50,69,30.33,0,317.38
50,69,30.33,0,325.35
50,70,30.33,0,329.33
50,66,30.33,0,335.0
50,68,30.33,0,323.33
50,66,30.33,0,326.84
49,67,30.33,0,323.84
49,67,30.34,0,334.32
49,66,30.34,0,347.96
49,68,30.34,0,362.46
49,63,30.34,0,298.35
49,74,30.34,0,347.59
49,67,30.34,0,316.62
49,72,30.34,0,355.18
50,72,30.34,0,321.69
50,69,30.34,0,338.46
50,70,30.34,0,372.22
50,57,30.34,0,370.33
50,49,30.34,0,330.66
50,50,30.34,0,300.25
50,45,30.34,0,303.28
49,53,30.34,0,315.15
49,51,30.34,0,300.89
49,56,30.34,0,278.13
49,52,30.34,0,278.58
48,52,30.33,0,271.85
48,51,30.34,0,264.27
47,52,30.33,0,263.29
47,54,30.33,0,261.7
46,52,30.33,0,216.69
46,52,30.33,0,200.7
45,52,30.33,0,172.14
45,55,30.33,0,175.1
45,58,30.33,0,172.39
44,56,30.33,0,156.54
44,62,30.32,0,121.65
44,61,30.32,0,100.13
43,62,30.32,0,99.44
43,63,30.32,0,106.34
42,64,30.32,0,101.36
41,70,30.32,0,84.65
41,78,30.32,0,74.85
41,75,30.31,0,68.04
41,75,30.32,0,70.46
41,74,30.32,0,58.53
41,74,30.32,0,47.73
41,71,30.31,0,45.16
41,68,30.31,0,38.49
40,70,30.31,0,34.65
40,71,30.31,0,25.74
40,69,30.3,0,19.06
40,71,30.31,0,15.72
40,69,30.31,0,10.96
40,69,30.31,0,7.24
40,70,30.31,0,5.85
40,70,30.3,0,2.98
40,70,30.3,0,1.88
40,70,30.3,0,1.35
40,72,30.31,0,1.18
40,72,30.3,0,1.2
40,73,30.3,0,1.18
40,74,30.3,0,1.19
40,75,30.3,0,1.19
40,76,30.3,0,1.19
40,76,30.3,0,1.2
40,77,30.3,0,1.19
40,76,30.3,0,1.2
41,77,30.3,0,1.21
41,76,30.3,0,1.18
41,76,30.3,0,1.22
41,75,30.3,0,1.22
41,75,30.3,0,1.21
41,75,30.3,0,1.18
41,74,30.3,0,1.22
41,73,30.3,0,1.2
41,74,30.29,0,1.19
41,74,30.29,0,1.18
41,75,30.29,0,1.2
41,73,30.29,0,1.17
41,72,30.29,0,1.21
41,70,30.29,0,1.19
41,72,30.29,0,1.2
41,74,30.29,0,1.19
41,76,30.29,0,1.21
40,77,30.29,0,1.19
40,80,30.29,0,1.22
40,82,30.29,0,1.2
41,81,30.29,0,1.2
41,80,30.29,0,1.2
41,80,30.29,0,1.17
41,81,30.28,0,1.18
41,82,30.28,0,1.21
41,84,30.28,0,1.23
41,84,30.28,0,1.24
41,83,30.28,0,1.22
41,85,30.28,0,1.23
41,85,30.27,0,1.17
41,85,30.27,0,1.22
41,85,30.28,0,1.22
41,87,30.27,0,1.23
41,88,30.27,0,1.2
41,88,30.27,0,1.15
41,88,30.28,0,1.23
41,87,30.28,0,1.24
41,87,30.28,0,1.24
41,87,30.29,0,1.19
41,88,30.29,0,1.23
41,87,30.29,0,1.26
41,87,30.29,0,1.17
41,87,30.29,0,1.23
41,88,30.29,0,1.22
41,88,30.29,0,1.21
41,88,30.29,0,1.2
41,88,30.3,0,1.23
41,88,30.29,0,1.23
41,88,30.3,0,1.21
41,87,30.3,0,1.22
41,87,30.3,0,1.21
41,88,30.3,0,1.2
41,88,30.31,0,1.21
41,88,30.31,0,1.18
41,87,30.31,0,1.22
41,87,30.31,0,1.22
41,88,30.31,0,1.2
41,88,30.3,0,1.16
41,89,30.31,0,1.22
41,89,30.31,0,1.23
41,91,30.31,0,1.21
42,91,30.31,0,1.22
42,91,30.31,0,1.19
42,92,30.31,0,1.16
42,92,30.31,0,1.23
41,92,30.31,0,1.22
41,93,30.31,0,1.21
41,93,30.32,0,1.21
41,93,30.32,0,1.2
41,93,30.32,0,1.22
40,92,30.32,0,1.22
40,91,30.32,0,1.24
40,90,30.32,0,1.22
40,89,30.32,0,1.2
40,90,30.32,0,1.2
40,90,30.32,0,1.23
40,90,30.32,0,1.16
40,90,30.32,0,1.23
40,89,30.32,0,1.22
40,88,30.32,0,1.19
41,88,30.32,0,1.24
41,87,30.32,0,1.2
41,88,30.32,0,1.21
41,88,30.32,0,1.2
41,89,30.32,0,1.2
41,89,30.32,0,1.21
41,89,30.32,0,1.22
41,89,30.32,0,1.21
41,89,30.32,0,1.21
41,88,30.32,0,1.21
41,88,30.32,0,1.18
41,88,30.32,0,1.22
41,85,30.32,0,1.2
41,86,30.32,0,1.21
41,89,30.33,0,1.22
42,86,30.33,0,1.22
42,88,30.33,0,1.22
42,87,30.33,0,1.2
42,88,30.33,0,1.18
43,92,30.33,0,1.21
43,95,30.33,0,1.21
43,98,30.32,0,1.2
43,99,30.32,0,1.19
43,99,30.32,0,1.2
43,100,30.32,0,1.21
43,100,30.32,0,1.23
43,101,30.32,0,1.22
43,101,30.32,0,1.2
43,101,30.31,0,1.21
43,101,30.31,0,1.21
43,101,30.31,0,1.22
43,101,30.31,0,1.23
43,101,30.31,0,1.21
43,101,30.31,0,1.19
43,101,30.31,0,1.19
43,101,30.31,0,1.19
44,101,30.31,0,1.2
44,101,30.32,0,1.2
44,102,30.31,0,1.19
44,102,30.31,0,1.23
44,102,30.31,0,1.22
45,102,30.31,0,1.23
45,102,30.31,0,1.23
45,102,30.31,0,1.21
45,102,30.31,0,1.22
45,102,30.31,0,1.2
44,102,30.31,0,1.24
44,101,30.31,0,1.22
44,101,30.31,0,1.19
45,101,30.3,0,1.2
45,101,30.31,0,1.17
45,101,30.31,0,1.21
45,101,30.31,0,1.2
45,101,30.3,0,1.2
45,101,30.31,0,1.2
45,101,30.3,0,1.21
45,101,30.3,0,1.24
45,101,30.3,0,1.22
46,101,30.3,0,1.24
46,101,30.3,0,1.23
46,101,30.3,0,1.23
46,101,30.3,0,1.22
46,101,30.29,0,1.25
46,101,30.29,0,1.2
46,102,30.29,0,1.2
46,102,30.29,0,1.72
46,102,30.29,0,2.45
46,102,30.29,0,5.56
46,102,30.29,0,9.21
46,102,30.29,0,12.38
46,102,30.29,0,16.49
47,102,30.29,0,21.47
47,102,30.29,0,26.86
47,102,30.29,0,34.45
47,102,30.29,0,44.47
47,102,30.29,0,53.98
47,102,30.29,0,61.44
47,102,30.29,0,65.07
47,102,30.28,0,78.79
47,102,30.28,0,96.05
47,102,30.28,0,89.24
47,102,30.28,0,93.17
47,102,30.29,0,98.19
48,102,30.28,0,93.88
48,102,30.28,0,105.3
48,102,30.28,0,104.86
48,102,30.28,0,131.91
48,102,30.28,0,155.5
48,102,30.28,0,127.28
48,102,30.28,0,183.06
48,102,30.28,0,218.88
48,102,30.28,0,208.75
49,102,30.28,0,182.81
48,102,30.28,0,249.49
49,102,30.28,0,198.5
49,102,30.28,0,292.01
48,102,30.28,0,311.18
48,102,30.28,0,257.05
48,102,30.28,0,241.55
48,102,30.28,0,252.02
48,102,30.28,0,293.18
49,102,30.28,0,277.06
48,102,30.28,0,280.08
48,102,30.28,0,330.03
48,102,30.29,0,282.29
49,102,30.29,0,248.29
48,102,30.29,0,330.24
48,102,30.29,0,377.95
49,102,30.29,0,332.68
49,102,30.29,0,284.63
49,102,30.29,0,279.06
49,102,30.29,0,244.82
49,102,30.3,0,321.91
49,102,30.29,0,279.13
49,102,30.3,0,389.06
49,102,30.3,0,397.0
48,102,30.3,0,360.45
48,102,30.3,0,433.43
48,102,30.3,0,261.13
48,102,30.3,0,389.88
49,102,30.3,0,337.29
49,102,30.31,0,311.55
49,102,30.31,0,428.82
49,102,30.31,0,513.93
49,102,30.31,0,495.37
49,102,30.31,0,598.76
49,102,30.32,0,510.71
49,102,30.32,0,431.67
49,102,30.32,0,417.73
49,102,30.33,0,450.88
48,102,30.33,0,506.53
48,102,30.33,0,446.56
48,102,30.33,0,498.51
48,102,30.33,0,448.85
49,102,30.34,0,398.16
48,102,30.34,0,696.3
48,102,30.34,0,508.27
49,102,30.34,0,367.2
48,102,30.34,0,469.94
48,101,30.34,0,554.59
48,101,30.35,0,504.81
48,101,30.35,0,535.46
48,101,30.35,0,426.45
48,101,30.35,0,386.18
48,101,30.35,0,363.05
48,101,30.36,0,393.38
48,101,30.36,0,496.58
48,101,30.36,0,482.05
48,101,30.36,0,457.4
48,101,30.36,0,638.36
48,101,30.36,0,473.65
48,100,30.36,0,508.97
48,100,30.37,0,430.6
49,100,30.37,0,221.77
49,100,30.37,0,278.02
49,100,30.37,0,284.79
49,100,30.36,0,287.1
49,99,30.37,0,336.66
49,99,30.37,0,463.43
50,98,30.37,0,439.55
50,98,30.37,0,349.75
50,99,30.37,0,382.21
50,99,30.37,0,577.1
49,99,30.37,0,345.24
50,100,30.37,0,541.78
49,101,30.37,0,395.43
49,101,30.37,0,333.3
49,101,30.37,0,307.74
49,102,30.37,0,380.04
49,102,30.37,0,347.43
49,102,30.37,0,356.06
48,102,30.37,0,409.92
48,102,30.37,0,443.4
47,102,30.37,0,260.6
47,102,30.37,0,204.42
47,102,30.37,0,158.24
47,102,30.36,0,216.78
46,102,30.36,0,156.65
46,102,30.36,0,115.47
46,102,30.36,0,141.48
46,102,30.36,0,144.98
46,102,30.36,0,121.81
45,102,30.36,0,119.71
45,102,30.36,0,117.75
45,101,30.36,0,79.24
44,101,30.36,0,88.46
44,101,30.36,0,68.69
44,101,30.36,0,42.44
44,101,30.35,0,39.47
44,101,30.35,0,30.68
44,101,30.35,0,27.86
44,101,30.35,0,21.88
43,101,30.35,0,15.5
43,101,30.35,0,12.98
43,101,30.35,0,8.57
43,101,30.35,0,5.52
42,100,30.34,0,3.66
42,100,30.34,0,3.52
42,100,30.34,0,4.09
41,100,30.34,0,1.2
41,99,30.34,0,1.23
41,99,30.34,0,1.22
41,99,30.34,0,1.2
41,99,30.34,0,1.17
40,98,30.34,0,1.19
40,98,30.34,0,1.15
40,97,30.34,0,1.19
40,97,30.34,0,1.22
39,96,30.34,0,1.18
39,95,30.34,0,1.19
39,95,30.34,0,1.21
38,92,30.34,0,1.19
38,90,30.34,0,1.2
38,84,30.34,0,1.2
38,82,30.34,0,1.19
38,77,30.34,0,1.22
37,71,30.34,0,1.17
37,67,30.34,0,1.18
37,61,30.34,0,1.19
37,56,30.34,0,1.19
36,51,30.34,0,1.19
36,48,30.34,0,1.21
36,48,30.34,0,1.18
36,45,30.34,0,1.18
36,45,30.34,0,1.15
36,45,30.34,0,1.15
36,45,30.34,0,1.15
36,46,30.34,0,1.18
37,44,30.34,0,1.2
36,43,30.34,0,1.18
36,47,30.34,0,1.19
36,48,30.34,0,1.17
36,47,30.34,0,1.18
36,50,30.34,0,1.18
36,50,30.34,0,1.17
36,50,30.34,0,1.19
37,50,30.34,0,1.16
37,50,30.34,0,1.19
37,49,30.34,0,1.22
37,51,30.34,0,1.18
37,49,30.34,0,1.21
37,48,30.34,0,1.18
37,48,30.34,0,1.17
37,53,30.34,0,1.15
37,53,30.35,0,1.19
37,54,30.35,0,1.11
37,54,30.35,0,1.15
37,55,30.35,0,1.2
37,57,30.35,0,1.21
37,57,30.35,0,1.21
37,56,30.35,0,1.2
37,56,30.35,0,1.19
37,56,30.35,0,1.18
37,58,30.35,0,1.19
37,54,30.35,0,1.2
37,55,30.36,0,1.18
37,53,30.36,0,1.19
37,53,30.36,0,1.2
37,55,30.36,0,1.2
37,54,30.36,0,1.17
37,53,30.36,0,1.17
37,54,30.36,0,1.13
37,55,30.36,0,1.18
38,56,30.36,0,1.15
38,56,30.36,0,1.19
38,57,30.36,0,1.19
38,60,30.36,0,1.2
38,60,30.36,0,1.19
38,60,30.36,0,1.22
38,60,30.36,0,1.17
38,60,30.35,0,1.2
38,61,30.35,0,1.17
37,62,30.35,0,1.19
37,64,30.35,0,1.17
37,65,30.35,0,1.16
38,64,30.36,0,1.16
38,64,30.36,0,1.21
38,66,30.36,0,1.21
38,68,30.36,0,1.2
39,69,30.36,0,1.2
39,71,30.36,0,1.18
40,76,30.36,0,1.18
40,81,30.36,0,1.17
40,86,30.36,0,1.18
40,91,30.36,0,1.19
40,97,30.36,0,1.18
40,98,30.37,0,1.18
41,99,30.36,0,1.18
41,100,30.36,0,1.21
41,100,30.37,0,1.19
42,100,30.37,0,1.16
42,100,30.37,0,1.22
42,100,30.37,0,1.18
42,100,30.37,0,1.23
41,100,30.37,0,1.14
41,100,30.37,0,1.2
41,99,30.37,0,1.2
41,99,30.38,0,1.2
41,99,30.37,0,1.22
41,99,30.37,0,1.2
41,98,30.37,0,1.18
41,98,30.38,0,1.18
40,96,30.38,0,1.21
40,96,30.38,0,1.17
40,95,30.37,0,1.19
40,93,30.38,0,1.21
40,91,30.38,0,1.16
40,89,30.38,0,1.16
40,85,30.38,0,1.22
40,81,30.38,0,1.19
40,75,30.38,0,1.19
40,68,30.38,0,1.2
39,71,30.38,0,1.16
40,76,30.38,0,1.19
40,73,30.38,0,1.18
40,76,30.38,0,1.19
40,77,30.38,0,1.19
40,75,30.38,0,1.17
40,74,30.38,0,1.19
40,79,30.38,0,1.23
40,83,30.38,0,1.22
41,87,30.38,0,1.19
41,88,30.38,0,1.18
41,89,30.38,0,1.19
41,91,30.37,0,1.19
41,96,30.37,0,1.2
41,101,30.37,0,1.2
41,101,30.37,0,1.16
42,101,30.37,0,1.2
42,102,30.37,0,1.19
43,102,30.37,0,1.2
43,102,30.37,0,1.18
43,102,30.37,0,1.18
43,102,30.37,0,1.2
43,102,30.37,0,1.22
42,101,30.36,0,1.2
42,101,30.36,0,1.19
43,101,30.36,0,1.18
43,101,30.36,0,1.19
43,101,30.36,0,1.19
43,101,30.36,0,1.19
43,101,30.36,0,1.17
44,101,30.36,0,1.23
44,101,30.36,0,1.21
44,101,30.36,0,1.2
44,101,30.36,0,1.19
44,101,30.36,0,1.21
44,101,30.35,0,1.21
45,101,30.35,0,1.2
45,101,30.35,0,1.21
45,101,30.36,0,1.61
45,101,30.36,0,2.61
45,101,30.35,0,3.73
45,101,30.35,0,5.73
46,101,30.35,0,7.94
46,100,30.35,0,11.06
46,100,30.35,0,16.54
46,100,30.35,0,25.26
47,100,30.35,0,31.29
47,100,30.34,0,43.77
47,100,30.34,0,46.08
47,100,30.34,0,66.71
47,99,30.34,0,90.33
48,99,30.34,0,90.52
48,98,30.34,0,87.21
48,98,30.34,0,84.23
48,97,30.34,0,115.38
49,96,30.34,0,142.14
49,94,30.34,0,169.86
48,96,30.34,0,203.63
48,95,30.34,0,248.71
48,96,30.34,0,267.15
47,99,30.34,0,243.14
47,101,30.35,0,338.89
47,100,30.35,0,406.29
47,100,30.35,0,277.99
47,100,30.35,0,267.59
47,100,30.35,0,267.6
48,100,30.35,0,141.25
48,100,30.35,0,287.88
48,99,30.35,0,363.51
49,100,30.35,0,248.81
49,99,30.35,0,230.32
49,99,30.35,0,194.64
50,99,30.35,0,266.4
50,98,30.35,0,368.24
50,98,30.35,0,369.07
50,98,30.35,0,397.05
51,98,30.35,0,736.56
51,98,30.34,0,387.79
50,98,30.34,0,657.28
50,98,30.34,0,628.36
50,98,30.34,0,379.6
51,97,30.34,0,416.83
51,96,30.35,0,293.76
51,96,30.35,0,477.94
51,95,30.35,0,313.71
51,94,30.35,0,653.32
51,97,30.35,0,318.03
51,98,30.35,0,579.66
51,96,30.35,0,401.46
51,95,30.35,0,501.5
51,94,30.35,0,433.53
51,96,30.36,0,610.04
51,96,30.36,0,472.19
52,95,30.36,0,358.92
52,95,30.36,0,470.89
51,92,30.36,0,1079.18
51,92,30.36,0,585.42
52,93,30.37,0,750.05
52,93,30.37,0,1157.27
52,90,30.37,0,466.04
52,88,30.37,0,593.25
52,90,30.37,0,604.99
52,89,30.38,0,621.32
52,89,30.38,0,482.24
52,89,30.38,0,1045.66
52,92,30.38,0,525.89
51,91,30.39,0,965.94
51,90,30.39,0,1050.63
50,94,30.39,0,958.83
50,97,30.39,0,637.62
50,98,30.39,0,626.94
50,97,30.39,0,626.45
51,96,30.4,0,575.39
51,96,30.4,0,422.33
52,95,30.4,0,873.65
52,93,30.4,0,597.6
51,92,30.41,0,809.52
51,91,30.41,0,636.19
50,92,30.41,0,638.58
49,98,30.41,0,879.92
49,98,30.41,0,544.39
48,99,30.41,0,651.16
48,99,30.41,0,242.21
49,99,30.41,0,450.88
50,99,30.41,0,280.56
50,100,30.41,0,876.37
50,99,30.41,0,708.04
50,99,30.41,0,852.62
50,99,30.41,0,454.16
50,98,30.42,0,641.69
50,98,30.42,0,599.33
50,98,30.42,0,512.76
50,97,30.42,0,526.68
50,97,30.42,0,383.52
50,96,30.42,0,550.96
50,96,30.42,0,553.69
50,95,30.42,0,364.53
50,96,30.42,0,545.3
49,96,30.42,0,552.31
49,96,30.42,0,545.2
49,96,30.42,0,309.46
49,95,30.42,0,276.53
49,94,30.43,0,201.64
49,94,30.43,0,293.96
49,95,30.42,0,322.97
49,96,30.42,0,414.06
48,97,30.42,0,617.89
48,96,30.42,0,254.03
48,95,30.42,0,196.12
47,94,30.42,0,242.69
48,93,30.42,0,180.73
48,91,30.42,0,257.53
48,96,30.42,0,253.41
47,99,30.42,0,354.0
46,100,30.42,0,297.68
46,100,30.42,0,238.6
45,100,30.42,0,166.02
45,100,30.42,0,177.78
45,99,30.42,0,83.9
45,99,30.41,0,72.06
45,99,30.41,0,74.78
44,99,30.41,0,49.51
44,98,30.41,0,51.46
44,98,30.41,0,42.02
44,97,30.41,0,38.58
44,96,30.41,0,39.54
44,95,30.41,0,28.77
43,93,30.4,0,23.7
43,91,30.4,0,20.24
43,88,30.4,0,17.9
43,86,30.4,0,9.86
43,82,30.4,0,7.47
42,79,30.4,0,4.96
42,75,30.4,0,3.04
42,73,30.4,0,1.88
41,70,30.4,0,1.2
41,69,30.4,0,1.17
41,70,30.4,0,1.24
41,69,30.39,0,1.2
41,66,30.39,0,1.19
41,67,30.39,0,1.19
40,69,30.39,0,1.2
41,68,30.39,0,1.18
41,64,30.39,0,1.16
41,62,30.39,0,1.21
40,67,30.39,0,1.17
41,69,30.39,0,1.21
41,69,30.39,0,1.18
41,67,30.39,0,1.21
41,70,30.39,0,1.19
41,73,30.39,0,1.2
41,76,30.39,0,1.21
41,79,30.39,0,1.16
42,81,30.39,0,1.23
42,87,30.39,0,1.2
42,90,30.39,0,1.21
42,96,30.39,0,1.19
42,98,30.39,0,1.2
43,99,30.39,0,1.21
43,99,30.39,0,1.19
44,99,30.39,0,1.19
44,99,30.39,0,1.18
44,99,30.39,0,1.21
44,99,30.39,0,1.19
44,99,30.39,0,1.19
44,99,30.39,0,1.21
44,99,30.39,0,1.18
44,99,30.39,0,1.22
44,99,30.39,0,1.21
44,98,30.39,0,1.22
44,98,30.39,0,1.22
44,98,30.39,0,1.2
44,98,30.39,0,1.2
44,98,30.39,0,1.19
44,97,30.39,0,1.21
44,97,30.39,0,1.22
44,96,30.39,0,1.21
44,95,30.39,0,1.2
44,94,30.4,0,1.22
44,93,30.4,0,1.19
44,92,30.4,0,1.21
43,90,30.4,0,1.21
43,85,30.4,0,1.23
43,80,30.4,0,1.2
43,73,30.4,0,1.19
43,64,30.4,0,1.19
43,57,30.41,0,1.22
43,43,30.41,0,1.21
42,34,30.41,0,1.21
42,34,30.41,0,1.2
42,34,30.41,0,1.19
42,35,30.41,0,1.17
42,35,30.41,0,1.16
42,35,30.42,0,1.17
43,34,30.42,0,1.21
43,33,30.42,0,1.22
43,33,30.42,0,1.2
43,32,30.42,0,1.16
43,32,30.42,0,1.19
43,31,30.42,0,1.2
43,31,30.42,0,1.21
44,31,30.43,0,1.23
44,31,30.43,0,1.22
43,30,30.43,0,1.22
43,30,30.43,0,1.21
43,30,30.43,0,1.2
43,31,30.43,0,1.2
43,31,30.43,0,1.2
43,31,30.43,0,1.22
44,31,30.43,0,1.18
44,32,30.43,0,1.19
44,31,30.43,0,1.2
44,31,30.44,0,1.19
44,32,30.44,0,1.21
44,31,30.44,0,1.19
44,31,30.44,0,1.21
44,31,30.44,0,1.21
44,31,30.44,0,1.22
44,31,30.45,0,1.22
44,32,30.44,0,1.2
44,32,30.45,0,1.22
44,33,30.45,0,1.19
44,32,30.45,0,1.2
44,32,30.45,0,1.18
44,33,30.45,0,1.19
44,33,30.45,0,1.19
44,33,30.45,0,1.18
44,32,30.45,0,1.21
44,32,30.45,0,1.2
44,32,30.45,0,1.22
44,32,30.45,0,1.21
44,31,30.45,0,1.24
44,30,30.45,0,1.19
44,29,30.45,0,1.22
44,29,30.45,0,1.2
44,28,30.45,0,1.22
44,28,30.45,0,1.23
44,28,30.45,0,1.22
44,28,30.45,0,1.21
44,28,30.45,0,1.2
44,28,30.45,0,1.22
44,27,30.45,0,1.19
44,27,30.45,0,1.19
43,27,30.45,0,1.23
43,27,30.45,0,1.21
43,27,30.45,0,1.23
43,26,30.45,0,1.22
43,26,30.45,0,1.22
43,26,30.46,0,1.18
43,26,30.45,0,1.21
44,25,30.45,0,1.2
44,24,30.46,0,1.22
44,24,30.46,0,1.2
44,23,30.46,0,1.21
44,24,30.46,0,1.19
44,26,30.45,0,1.19
44,26,30.45,0,1.2
44,28,30.46,0,1.2
44,31,30.46,0,1.19
44,30,30.45,0,1.22
45,29,30.45,0,1.2
45,29,30.45,0,1.19
46,26,30.45,0,1.21
46,26,30.45,0,1.21
46,25,30.45,0,1.18
47,25,30.45,0,1.2
47,24,30.45,0,1.23
47,22,30.44,0,1.22
47,25,30.44,0,1.22
48,24,30.44,0,1.23
48,24,30.44,0,1.25
48,25,30.44,0,1.23
48,22,30.44,0,1.21
48,25,30.43,0,1.21
48,26,30.43,0,1.26
48,26,30.43,0,1.21
48,26,30.43,0,1.22
48,25,30.43,0,1.21
48,26,30.43,0,1.21
49,26,30.43,0,1.2
49,26,30.42,0,1.24
49,26,30.43,0,1.22
49,27,30.43,0,1.21
49,28,30.42,0,1.23
50,26,30.42,0,1.21
50,25,30.42,0,1.2
50,26,30.42,0,1.61
50,26,30.42,0,4.86
51,26,30.42,0,6.64
51,26,30.42,0,9.5
51,25,30.42,0,12.53
52,24,30.42,0,16.47
52,24,30.42,0,19.57
53,24,30.42,0,32.69
53,24,30.41,0,44.14
54,23,30.41,0,59.74
55,23,30.41,0,79.19
55,23,30.41,0,103.1
56,22,30.41,0,136.22
56,21,30.41,0,171.63
56,21,30.41,0,203.04
56,21,30.4,0,239.09
56,22,30.4,0,270.97
56,21,30.4,0,310.39
56,21,30.4,0,216.61
57,22,30.4,0,242.33
57,20,30.4,0,415.25
57,20,30.4,0,436.09
56,20,30.4,0,436.29
56,21,30.4,0,452.2
56,21,30.4,0,227.89
56,21,30.4,0,272.95
56,22,30.4,0,294.52
57,21,30.4,0,243.41
57,21,30.39,0,361.26
57,22,30.39,0,598.94
57,20,30.39,0,587.35
58,22,30.39,0,600.19
57,21,30.39,0,597.99
57,27,30.39,0,612.39
57,26,30.39,0,657.43
57,24,30.39,0,493.01
58,25,30.39,0,504.94
57,28,30.39,0,597.21
57,26,30.39,0,672.98
57,27,30.39,0,503.89
58,30,30.39,0,384.78
58,32,30.39,0,792.57
58,31,30.39,0,773.46
58,31,30.39,0,657.59
58,25,30.39,0,548.6
58,30,30.39,0,628.0
58,27,30.39,0,760.47
58,27,30.39,0,761.18
58,27,30.39,0,768.37
58,29,30.39,0,776.36
59,26,30.4,0,784.72
58,25,30.4,0,794.77
58,26,30.4,0,803.23
58,25,30.4,0,809.85
58,23,30.4,0,816.98
58,23,30.4,0,825.48
58,22,30.41,0,831.47
58,21,30.41,0,837.26
58,23,30.41,0,842.03
59,22,30.41,0,848.9
59,21,30.41,0,853.37
59,20,30.41,0,856.97
59,22,30.41,0,859.57
59,22,30.41,0,862.73
59,22,30.42,0,864.31
59,20,30.42,0,867.57
59,19,30.42,0,869.6
59,20,30.42,0,869.49
59,20,30.43,0,870.52
59,20,30.43,0,869.51
59,20,30.43,0,869.68
59,20,30.44,0,867.27
59,20,30.44,0,865.17
59,20,30.44,0,863.85
59,22,30.44,0,860.6
59,21,30.44,0,857.14
60,22,30.45,0,853.01
59,21,30.45,0,849.89
59,18,30.45,0,845.72
59,19,30.45,0,840.36
59,19,30.45,0,834.5
59,19,30.45,0,827.29
59,17,30.46,0,820.87
60,19,30.46,0,812.75
60,18,30.46,0,806.78
60,19,30.46,0,798.78
59,18,30.46,0,790.83
59,18,30.46,0,782.18
59,19,30.46,0,771.54
58,20,30.46,0,761.68
58,20,30.46,0,750.76
58,20,30.46,0,739.34
58,20,30.47,0,728.36
58,20,30.47,0,715.45
58,20,30.47,0,703.01
58,20,30.47,0,690.39
58,20,30.47,0,676.76
58,20,30.46,0,663.72
58,19,30.47,0,650.52
58,19,30.47,0,635.77
58,19,30.46,0,620.59
57,19,30.47,0,604.96
57,20,30.47,0,591.1
57,20,30.47,0,574.33
57,20,30.47,0,559.39
56,20,30.47,0,543.26
56,20,30.47,0,525.72
56,21,30.47,0,508.97
55,20,30.47,0,491.9
55,20,30.46,0,479.51
54,21,30.47,0,449.2
54,21,30.47,0,409.18
53,21,30.46,0,365.16
53,23,30.46,0,408.04
52,24,30.46,0,400.94
52,24,30.46,0,375.56
51,25,30.46,0,348.94
50,25,30.46,0,295.44
50,26,30.46,0,280.17
49,28,30.46,0,264.37
48,29,30.46,0,245.46
48,29,30.46,0,75.91
48,30,30.45,0,69.53
47,30,30.45,0,58.31
47,30,30.45,0,55.21
47,31,30.45,0,60.15
47,32,30.45,0,51.7
46,32,30.45,0,46.9
46,32,30.44,0,46.9
46,33,30.44,0,43.82
46,33,30.44,0,30.48
46,32,30.44,0,21.48
46,31,30.44,0,14.41
46,31,30.44,0,10.02
46,30,30.44,0,5.97
47,30,30.44,0,3.45
46,30,30.43,0,4.59
46,31,30.43,0,1.26
46,30,30.43,0,1.2
47,30,30.43,0,1.16
47,29,30.43,0,1.23
47,29,30.42,0,1.18
46,30,30.42,0,1.2
46,30,30.42,0,1.23
46,30,30.42,0,1.23
46,30,30.42,0,1.2
46,31,30.42,0,1.21
46,31,30.42,0,1.22
46,30,30.41,0,1.23
46,30,30.41,0,1.22
46,30,30.41,0,1.23
46,30,30.41,0,1.22
46,30,30.41,0,1.22
46,30,30.41,0,1.22
46,30,30.41,0,1.23
46,31,30.41,0,1.21
46,30,30.41,0,1.22
46,31,30.41,0,1.22
46,30,30.41,0,1.22
46,31,30.4,0,1.22
46,31,30.4,0,1.22
46,31,30.4,0,1.22
45,32,30.4,0,1.21
46,32,30.4,0,1.18
46,32,30.4,0,1.23
46,31,30.4,0,1.2
45,32,30.4,0,1.21
45,33,30.4,0,1.19
45,33,30.4,0,1.22
45,34,30.4,0,1.24
45,35,30.4,0,1.22
45,36,30.4,0,1.2
45,36,30.4,0,1.23
45,36,30.41,0,1.23
45,36,30.41,0,1.2
45,37,30.41,0,1.18
46,36,30.41,0,1.23
46,37,30.41,0,1.24
46,37,30.41,0,1.2
46,37,30.42,0,1.23
46,38,30.41,0,1.2
45,40,30.42,0,1.21
45,42,30.42,0,1.24
44,44,30.42,0,1.21
44,48,30.42,0,1.2
44,52,30.42,0,1.2
43,54,30.42,0,1.24
42,69,30.42,0,1.22
42,92,30.43,0,1.21
43,94,30.43,0,1.2
43,92,30.43,0,1.24
43,93,30.43,0,1.24
43,90,30.43,0,1.19
43,91,30.43,0,1.21
43,92,30.43,0,1.21
43,92,30.43,0,1.21
43,93,30.44,0,1.23
43,91,30.44,0,1.22
43,89,30.44,0,1.19
42,84,30.44,0,1.17
41,86,30.44,0,1.2
40,87,30.44,0,1.19
40,91,30.44,0,1.24
40,91,30.44,0,1.2
41,89,30.44,0,1.2
41,83,30.45,0,1.23
41,81,30.44,0,1.2
41,75,30.45,0,1.19
41,61,30.44,0,1.24
42,62,30.45,0,1.2
42,65,30.44,0,1.24
43,49,30.45,0,1.22
44,41,30.45,0,1.19
45,33,30.45,0,1.21
44,34,30.45,0,1.21
44,35,30.45,0,1.23
44,36,30.45,0,1.22
44,37,30.45,0,1.23
44,41,30.45,0,1.19
44,42,30.45,0,1.2
44,41,30.45,0,1.19
43,44,30.45,0,1.21
42,55,30.46,0,1.18
41,73,30.46,0,1.19
41,83,30.46,0,1.17
40,90,30.46,0,1.21
41,97,30.46,0,1.21
41,97,30.46,0,1.22
41,96,30.47,0,1.17
42,95,30.47,0,1.2
42,94,30.47,0,1.2
42,93,30.47,0,1.19
43,90,30.47,0,1.21
43,81,30.47,0,1.2
44,73,30.47,0,1.23
44,62,30.47,0,1.24
45,57,30.47,0,1.22
45,51,30.47,0,1.19
45,55,30.47,0,1.2
45,50,30.47,0,1.22
45,65,30.47,0,1.21
46,48,30.47,0,1.22
46,41,30.47,0,1.2
46,36,30.47,0,1.23
46,37,30.47,0,1.22
46,38,30.47,0,1.22
47,36,30.47,0,1.25
47,34,30.48,0,1.2
48,30,30.47,0,1.19
48,30,30.47,0,1.22
48,31,30.47,0,1.21
48,31,30.47,0,1.22
48,30,30.47,0,1.22
48,31,30.47,0,1.22
48,30,30.47,0,1.21
48,31,30.47,0,1.22
49,30,30.47,0,1.22
49,29,30.47,0,1.2
49,28,30.47,0,1.21
49,28,30.47,0,1.22
49,28,30.47,0,1.21
49,28,30.47,0,1.22
49,28,30.46,0,1.22
49,28,30.46,0,1.24
49,28,30.46,0,1.22
49,28,30.46,0,1.24
48,28,30.46,0,1.24
48,29,30.46,0,1.25
48,29,30.46,0,1.23
48,28,30.46,0,1.22
48,28,30.46,0,1.21
48,28,30.46,0,1.26
49,28,30.46,0,1.24
49,28,30.46,0,1.22
49,27,30.46,0,1.22
49,27,30.46,0,1.23
49,27,30.46,0,1.23
49,28,30.46,0,1.25
49,28,30.46,0,1.22
49,28,30.46,0,1.23
49,28,30.45,0,1.23
49,27,30.45,0,1.19
49,29,30.45,0,1.24
50,28,30.45,0,1.24
50,28,30.45,0,1.24
50,28,30.45,0,1.23
50,28,30.45,0,1.23
50,28,30.45,0,1.24
50,29,30.45,0,1.23
51,28,30.45,0,1.51
51,29,30.45,0,2.27
51,28,30.45,0,3.39
51,28,30.45,0,5.88
52,28,30.45,0,10.79
52,28,30.44,0,14.91
52,28,30.44,0,21.49
52,31,30.44,0,33.14
52,32,30.44,0,44.73
53,32,30.44,0,49.84
53,32,30.44,0,65.04
54,32,30.44,0,70.13
55,26,30.44,0,51.76
56,26,30.43,0,81.08
56,25,30.43,0,93.93
56,27,30.43,0,242.39
56,28,30.43,0,323.34
56,26,30.43,0,189.6
57,26,30.42,0,159.35
57,25,30.43,0,254.71
58,26,30.43,0,205.1
57,29,30.42,0,452.13
57,28,30.43,0,437.94
57,25,30.43,0,322.98
58,26,30.43,0,432.49
58,27,30.42,0,337.74
58,29,30.42,0,412.86
57,28,30.42,0,614.88
57,30,30.42,0,419.84
57,30,30.42,0,266.21
57,28,30.42,0,577.4
57,30,30.42,0,343.58
57,29,30.42,0,277.35
57,28,30.42,0,297.32
57,28,30.42,0,454.74
58,27,30.42,0,487.35
58,29,30.42,0,488.84
58,29,30.42,0,537.26
57,32,30.42,0,733.4
57,34,30.42,0,680.97
57,32,30.42,0,355.93
57,31,30.42,0,318.38
57,33,30.42,0,450.88
57,32,30.42,0,707.84
57,31,30.43,0,495.84
57,32,30.43,0,647.82
57,32,30.43,0,372.29
57,37,30.42,0,673.2
57,35,30.43,0,613.11
57,36,30.43,0,451.96
57,36,30.44,0,625.06
56,41,30.44,0,515.69
57,38,30.44,0,437.64
57,38,30.44,0,561.47
57,40,30.44,0,466.95
57,43,30.44,0,788.9
57,42,30.44,0,933.38
58,38,30.45,0,908.41
58,37,30.45,0,607.85
58,35,30.45,0,582.11
58,33,30.45,0,814.85
59,33,30.45,0,586.82
59,37,30.45,0,696.1
58,40,30.45,0,927.74
58,35,30.45,0,874.98
58,39,30.46,0,755.94
58,36,30.46,0,611.2
58,35,30.46,0,722.16
59,35,30.46,0,494.97
59,33,30.46,0,612.8
59,33,30.47,0,877.63
58,34,30.47,0,909.78
58,35,30.47,0,937.31
57,37,30.47,0,986.07
57,40,30.47,0,750.27
57,37,30.48,0,699.75
57,40,30.48,0,645.08
56,42,30.48,0,688.18
56,42,30.48,0,655.57
56,39,30.48,0,438.38
56,38,30.49,0,566.43
56,42,30.49,0,688.93
56,37,30.49,0,411.5
56,41,30.49,0,859.91
56,40,30.49,0,754.63
55,42,30.49,0,533.22
55,45,30.49,0,540.15
55,47,30.49,0,404.49
55,45,30.49,0,602.11
55,48,30.49,0,489.02
55,46,30.49,0,564.54
55,50,30.49,0,617.71
54,48,30.49,0,756.64
54,62,30.49,0,706.35
54,77,30.5,0,513.45
54,59,30.49,0,442.51
54,55,30.49,0,637.15
54,54,30.49,0,491.26
54,57,30.49,0,587.97
54,54,30.49,0,485.73
53,59,30.49,0,538.15
51,71,30.48,0,674.96
51,96,30.48,0,409.88
51,97,30.48,0,439.58
51,97,30.48,0,473.34
51,96,30.49,0,389.47
52,95,30.49,0,505.17
51,94,30.48,0,396.2
51,98,30.48,0,568.28
50,99,30.48,0,400.49
50,101,30.48,0,416.24
50,101,30.48,0,370.34
49,101,30.48,0,365.43
49,101,30.48,0,174.15
49,101,30.47,0,209.58
49,101,30.47,0,195.17
49,101,30.48,0,146.48
48,101,30.47,0,118.09
48,101,30.48,0,98.32
48,101,30.47,0,97.21
48,101,30.47,0,79.53
48,101,30.47,0,80.02
48,101,30.47,0,77.91
48,101,30.47,0,57.14
48,101,30.47,0,49.51
48,101,30.46,0,43.7
47,101,30.46,0,40.99
47,101,30.46,0,33.72
47,101,30.46,0,32.82
47,101,30.46,0,25.91
47,101,30.45,0,16.74
47,101,30.45,0,11.29
47,101,30.45,0,5.23
47,101,30.45,0,2.8
46,101,30.45,0,1.89
46,101,30.45,0,1.29
46,101,30.45,0,1.23
46,101,30.45,0,1.21
46,101,30.45,0,1.23
46,101,30.45,0,1.22
46,100,30.45,0,1.2
46,100,30.44,0,1.21
46,100,30.44,0,1.21
45,100,30.44,0,1.23
45,99,30.44,0,1.19
44,98,30.44,0,1.2
44,97,30.45,0,1.2
44,93,30.45,0,1.21
43,87,30.44,0,1.24
43,85,30.44,0,1.21
43,92,30.44,0,1.23
44,96,30.44,0,1.2
44,97,30.44,0,1.19
44,99,30.44,0,1.22
45,100,30.44,0,1.23
45,100,30.43,0,1.23
45,100,30.43,0,1.22
44,100,30.43,0,1.22
45,100,30.43,0,1.23
45,100,30.43,0,1.21
45,100,30.43,0,1.22
44,99,30.43,0,1.21
44,98,30.42,0,1.18
43,97,30.43,0,1.23
42,94,30.43,0,1.19
42,90,30.43,0,1.2
41,87,30.43,0,1.19
41,89,30.43,0,1.22
41,92,30.43,0,1.24
40,93,30.43,0,1.21
40,91,30.43,0,1.22
40,86,30.43,0,1.19
40,80,30.43,0,1.21
40,73,30.43,0,1.2
40,68,30.43,0,1.2
40,66,30.43,0,1.23
39,66,30.43,0,1.18
40,63,30.43,0,1.19
40,61,30.43,0,1.18
40,61,30.43,0,1.17
40,59,30.43,0,1.19
40,61,30.43,0,1.2
40,67,30.43,0,1.19
40,68,30.43,0,1.19
39,70,30.43,0,1.2
39,72,30.43,0,1.2
39,76,30.43,0,1.2
40,77,30.43,0,1.19
40,78,30.43,0,1.2
41,79,30.43,0,1.16
41,75,30.44,0,1.16
41,76,30.44,0,1.2
41,80,30.44,0,1.19
41,85,30.44,0,1.2
41,87,30.44,0,1.18
41,97,30.44,0,1.22
41,98,30.44,0,1.2
42,98,30.44,0,1.22
42,97,30.44,0,1.23
43,95,30.44,0,1.23
43,84,30.44,0,1.21
42,92,30.44,0,1.16
42,101,30.44,0,1.2
42,102,30.44,0,1.22
43,102,30.44,0,1.21
43,102,30.44,0,1.2
43,102,30.44,0,1.2
43,102,30.44,0,1.21
44,102,30.44,0,1.15
43,102,30.45,0,1.2
44,102,30.45,0,1.22
44,102,30.45,0,1.21
44,102,30.45,0,1.2
44,102,30.45,0,1.2
44,102,30.45,0,1.2
45,102,30.45,0,1.22
45,102,30.46,0,1.21
45,102,30.46,0,1.24
45,102,30.46,0,1.22
45,102,30.46,0,1.24
45,102,30.45,0,1.24
45,102,30.45,0,1.23
45,102,30.45,0,1.2
45,102,30.45,0,1.22
46,102,30.45,0,1.2
46,102,30.45,0,1.22
46,102,30.45,0,1.24
46,102,30.45,0,1.22
46,102,30.45,0,1.21
46,102,30.45,0,1.26
46,102,30.45,0,1.2
46,102,30.45,0,1.25
47,102,30.45,0,1.24
47,102,30.46,0,1.23
47,102,30.45,0,1.21
46,102,30.46,0,1.22
47,102,30.45,0,1.24
47,102,30.45,0,1.22
47,101,30.45,0,1.23
47,102,30.45,0,1.26
47,101,30.45,0,1.22
47,101,30.45,0,1.21
47,101,30.45,0,1.22
47,101,30.45,0,1.24
47,101,30.45,0,1.23
47,101,30.45,0,1.23
47,101,30.45,0,1.23
47,101,30.45,0,1.22
47,101,30.45,0,1.22
47,101,30.45,0,1.2
47,101,30.45,0,1.2
47,101,30.45,0,1.25
47,101,30.45,0,1.22
47,101,30.45,0,1.23
47,101,30.45,0,1.26
47,101,30.45,0,1.23
47,101,30.45,0,1.23
47,101,30.44,0,1.21
47,101,30.45,0,1.21
47,101,30.45,0,1.2
47,100,30.44,0,1.23
47,100,30.44,0,1.21
47,100,30.44,0,1.24
47,100,30.44,0,1.19
47,100,30.44,0,1.2
47,100,30.44,0,1.18
47,99,30.44,0,1.23
47,99,30.44,0,1.21
47,100,30.43,0,1.22
47,100,30.43,0,1.25
47,100,30.43,0,1.21
47,100,30.43,0,1.2
47,100,30.43,0,1.19
47,100,30.43,0,1.21
47,100,30.43,0,1.25
47,100,30.43,0,1.21
47,100,30.43,0,1.23
48,100,30.43,0,1.24
48,100,30.43,0,1.26
48,100,30.43,0,1.21
48,99,30.43,0,1.21
48,99,30.42,0,1.25
48,99,30.42,0,1.23
48,99,30.42,0,1.22
47,98,30.42,0,1.19
47,98,30.42,0,1.22
47,97,30.42,0,1.19
47,97,30.42,0,1.21
47,97,30.42,0,1.87
47,96,30.42,0,2.84
47,95,30.42,0,4.52
47,94,30.42,0,13.45
47,93,30.41,0,21.0
47,94,30.41,0,26.63
47,94,30.41,0,38.44
48,94,30.42,0,75.01
48,94,30.41,0,134.14
48,93,30.41,0,94.37
48,92,30.41,0,120.38
48,93,30.41,0,145.97
47,95,30.41,0,122.89
47,94,30.41,0,161.06
47,94,30.41,0,123.54
47,95,30.41,0,119.48
47,96,30.41,0,93.49
47,97,30.41,0,118.41
47,96,30.41,0,142.74
48,97,30.4,0,146.07
48,97,30.4,0,221.45
49,97,30.4,0,192.82
49,96,30.4,0,268.53
50,95,30.4,0,163.07
51,95,30.4,0,293.13
51,93,30.4,0,194.47
52,91,30.39,0,245.99
52,89,30.4,0,354.24
53,89,30.4,0,543.25
53,84,30.4,0,416.72
53,87,30.4,0,487.3
53,83,30.4,0,515.47
53,80,30.4,0,543.39
53,79,30.4,0,490.27
53,84,30.4,0,620.56
53,85,30.4,0,555.62
53,84,30.41,0,620.43
53,87,30.41,0,636.32
54,85,30.41,0,682.93
54,85,30.41,0,696.84
54,84,30.4,0,701.4
54,85,30.41,0,778.38
55,85,30.41,0,745.38
56,82,30.41,0,721.12
56,70,30.41,0,725.44
55,78,30.41,0,710.41
54,75,30.42,0,749.03
54,83,30.42,0,756.29
54,85,30.41,0,750.16
55,81,30.41,0,777.72
55,83,30.42,0,785.52
55,79,30.42,0,792.04
54,81,30.42,0,801.55
54,80,30.42,0,809.31
54,85,30.42,0,817.78
54,86,30.42,0,840.15
55,82,30.43,0,829.87
55,84,30.42,0,831.72
54,83,30.42,0,842.92
54,88,30.42,0,846.84
53,90,30.43,0,849.55
53,91,30.43,0,854.97
53,94,30.43,0,854.66
53,94,30.44,0,935.31
53,98,30.43,0,866.18
53,99,30.43,0,956.68
53,99,30.43,0,1055.98
53,99,30.44,0,823.04
53,99,30.44,0,830.25
53,99,30.45,0,657.03
53,99,30.45,0,1047.24
53,98,30.45,0,913.22
53,98,30.45,0,1023.4
53,97,30.45,0,747.52
53,96,30.45,0,518.77
54,94,30.45,0,465.65
53,91,30.45,0,919.22
53,91,30.45,0,846.74
52,94,30.46,0,855.04
52,97,30.46,0,694.64
52,98,30.46,0,508.19
52,98,30.46,0,761.74
51,98,30.46,0,674.83
52,98,30.46,0,761.9
52,98,30.46,0,343.9
52,98,30.47,0,817.85
52,99,30.47,0,765.25
52,98,30.46,0,469.8
52,97,30.46,0,835.28
52,97,30.47,0,332.27
52,97,30.47,0,603.8
52,99,30.46,0,670.51
51,99,30.47,0,674.21
51,99,30.47,0,643.54
51,99,30.47,0,520.68
51,99,30.47,0,796.0
51,100,30.46,0,523.12
51,100,30.47,0,626.1
50,100,30.47,0,689.28
50,100,30.46,0,435.98
50,100,30.47,0,470.21
50,100,30.47,0,458.26
50,100,30.46,0,342.38
50,100,30.47,0,377.76
49,100,30.47,0,384.78
50,100,30.46,0,309.18
49,99,30.46,0,396.11
49,99,30.46,0,246.06
49,99,30.46,0,294.72
48,99,30.46,0,248.01
48,100,30.46,0,225.27
48,101,30.46,0,318.54
47,101,30.46,0,385.62
47,100,30.46,0,272.99
47,100,30.46,0,146.04
47,100,30.46,0,196.24
47,100,30.46,0,159.25
47,100,30.46,0,126.5
47,100,30.45,0,129.22
47,100,30.45,0,114.75
47,100,30.45,0,90.99
47,100,30.45,0,106.98
47,100,30.45,0,79.4
47,100,30.45,0,80.98
47,100,30.45,0,56.73
47,99,30.45,0,42.28
47,99,30.45,0,53.14
47,99,30.45,0,33.01
46,99,30.45,0,31.68
46,98,30.45,0,20.0
46,98,30.45,0,13.31
46,97,30.45,0,10.55
45,97,30.45,0,7.73
45,96,30.44,0,6.52
45,96,30.44,0,5.07
45,96,30.44,0,3.25
45,96,30.44,0,1.85
45,96,30.44,0,1.23
45,95,30.44,0,1.23
45,94,30.44,0,1.21
45,93,30.44,0,1.22
45,91,30.44,0,1.2
44,85,30.44,0,1.19
44,80,30.44,0,1.22
44,72,30.44,0,1.22
44,67,30.44,0,1.21
44,56,30.43,0,1.22
44,49,30.43,0,1.23
44,37,30.43,0,1.23
44,36,30.43,0,1.23
44,35,30.43,0,1.22
45,37,30.43,0,1.22
45,30,30.43,0,1.21
45,31,30.42,0,1.21
46,31,30.42,0,1.21
46,30,30.42,0,1.22
46,30,30.42,0,1.23
46,31,30.42,0,1.22
46,31,30.42,0,1.2
46,31,30.42,0,1.24
46,31,30.42,0,1.2
46,31,30.42,0,1.23
46,31,30.42,0,1.2
46,31,30.42,0,1.19
45,32,30.42,0,1.22
45,33,30.42,0,1.2
45,32,30.42,0,1.26
45,32,30.42,0,1.22
46,31,30.42,0,1.23
45,31,30.42,0,1.2
45,31,30.42,0,1.22
45,31,30.42,0,1.21
45,31,30.42,0,1.22
45,31,30.42,0,1.23
45,31,30.42,0,1.23
45,31,30.42,0,1.23
45,31,30.43,0,1.2
45,31,30.43,0,1.22
45,30,30.43,0,1.22
45,30,30.43,0,1.22
45,30,30.43,0,1.22
45,30,30.43,0,1.22
45,30,30.43,0,1.22
45,31,30.43,0,1.23
45,30,30.43,0,1.19
45,29,30.43,0,1.21
45,29,30.43,0,1.19
45,29,30.43,0,1.23
45,29,30.44,0,1.23
45,29,30.44,0,1.22
45,29,30.44,0,1.21
45,29,30.44,0,1.22
45,30,30.45,0,1.21
45,30,30.45,0,1.21
45,31,30.45,0,1.21
45,28,30.45,0,1.21
46,29,30.45,0,1.23
46,28,30.45,0,1.24
46,28,30.45,0,1.2
46,30,30.45,0,1.23
46,30,30.45,0,1.23
46,31,30.46,0,1.19
46,32,30.46,0,1.22
46,32,30.45,0,1.21
46,31,30.46,0,1.24
46,32,30.46,0,1.22
46,33,30.46,0,1.22
46,33,30.46,0,1.19
45,33,30.46,0,1.22
45,34,30.46,0,1.25
45,34,30.46,0,1.21
45,34,30.46,0,1.2
45,35,30.46,0,1.2
45,34,30.46,0,1.2
46,33,30.46,0,1.2
46,32,30.46,0,1.22
46,31,30.46,0,1.22
46,32,30.46,0,1.23
46,31,30.47,0,1.26
46,31,30.46,0,1.21
46,31,30.46,0,1.22
46,30,30.46,0,1.19
46,31,30.46,0,1.21
46,31,30.46,0,1.21
46,30,30.46,0,1.2
46,30,30.46,0,1.22
46,30,30.46,0,1.19
46,30,30.46,0,1.22
46,29,30.46,0,1.22
46,30,30.46,0,1.23
46,31,30.46,0,1.21
46,32,30.46,0,1.18
46,31,30.46,0,1.23
46,31,30.47,0,1.21
46,31,30.47,0,1.22
46,31,30.47,0,1.23
46,31,30.47,0,1.21
46,31,30.47,0,1.23
46,31,30.47,0,1.2
46,32,30.47,0,1.24
46,31,30.47,0,1.21
46,32,30.47,0,1.2
46,32,30.47,0,1.19
46,32,30.47,0,1.22
47,33,30.47,0,1.23
47,32,30.47,0,1.19
47,32,30.47,0,1.22
47,32,30.47,0,1.22
47,32,30.47,0,1.21
47,32,30.47,0,1.2
47,32,30.47,0,1.21
47,32,30.47,0,1.24
47,32,30.47,0,1.25
47,32,30.46,0,1.23
47,33,30.46,0,1.21
47,33,30.46,0,1.22
48,34,30.46,0,1.24
48,33,30.46,0,1.22
48,33,30.46,0,1.21
48,32,30.46,0,1.25
48,32,30.45,0,1.2
48,32,30.46,0,1.22
48,32,30.46,0,1.28
48,33,30.45,0,1.22
49,32,30.45,0,1.23
48,33,30.45,0,1.24
48,33,30.45,0,1.22
48,33,30.45,0,1.21
48,34,30.45,0,1.21
48,35,30.45,0,1.22
48,35,30.45,0,1.23
48,39,30.45,0,1.18
49,38,30.45,0,1.23
50,35,30.45,0,1.22
50,31,30.45,0,1.21
50,32,30.44,0,1.22
50,32,30.44,0,1.24
50,35,30.44,0,1.22
50,35,30.44,0,1.22
50,37,30.44,0,1.21
50,35,30.44,0,1.21
51,36,30.44,0,1.22
51,36,30.44,0,1.25
52,32,30.44,0,1.22
52,29,30.44,0,1.25
52,29,30.44,0,1.27
53,30,30.43,0,1.24
53,29,30.43,0,1.41
53,29,30.43,0,2.41
53,31,30.43,0,4.27
54,34,30.43,0,6.26
54,34,30.42,0,8.31
54,33,30.42,0,10.37
54,41,30.42,0,12.38
54,42,30.42,0,25.81
54,47,30.42,0,34.74
54,61,30.42,0,50.44
54,70,30.42,0,70.11
54,69,30.42,0,89.92
53,74,30.42,0,111.07
54,71,30.42,0,134.63
54,70,30.42,0,159.24
55,69,30.42,0,186.23
56,66,30.42,0,211.76
56,64,30.42,0,235.56
56,70,30.42,0,265.0
55,72,30.41,0,290.85
55,73,30.41,0,314.29
55,73,30.41,0,340.72
54,77,30.41,0,361.43
54,77,30.41,0,379.35
54,75,30.41,0,398.45
56,70,30.41,0,417.43
57,71,30.41,0,435.12
57,69,30.41,0,453.86
57,68,30.41,0,472.14
57,69,30.41,0,490.28
57,68,30.41,0,508.25
57,68,30.41,0,525.05
57,66,30.41,0,541.52
57,64,30.41,0,557.79
57,61,30.41,0,572.89
57,62,30.41,0,588.62
57,64,30.41,0,603.61
58,62,30.41,0,617.74
58,56,30.41,0,634.9
58,60,30.41,0,648.41
57,66,30.41,0,663.78
57,63,30.41,0,676.35
57,68,30.41,0,689.45
58,61,30.41,0,702.68
58,56,30.41,0,713.33
58,65,30.41,0,726.72
58,60,30.41,0,739.21
59,60,30.41,0,751.84
58,54,30.41,0,761.99
59,56,30.41,0,770.69
59,49,30.42,0,780.81
59,45,30.41,0,790.39
58,39,30.42,0,798.95
58,59,30.41,0,805.56
59,61,30.42,0,814.6
59,49,30.41,0,823.07
59,53,30.41,0,828.73
59,54,30.42,0,834.22
59,56,30.42,0,839.76
59,52,30.42,0,844.83
60,48,30.42,0,850.66
60,40,30.43,0,856.06
60,45,30.43,0,859.1
60,49,30.43,0,859.47
60,49,30.44,0,864.31
61,50,30.44,0,865.71
61,33,30.44,0,868.31
61,35,30.44,0,868.22
61,36,30.44,0,867.98
60,40,30.44,0,866.08
60,34,30.45,0,866.94
60,49,30.45,0,865.5
59,48,30.45,0,863.59
59,53,30.45,0,860.42
58,63,30.46,0,856.38
58,67,30.46,0,851.8
57,73,30.46,0,846.37
57,73,30.46,0,843.8
57,72,30.47,0,837.86
57,67,30.47,0,830.89
57,68,30.47,0,827.85
57,70,30.47,0,819.27
56,69,30.47,0,814.84
56,67,30.47,0,813.01
56,69,30.47,0,801.32
56,75,30.48,0,793.99
56,72,30.48,0,784.77
56,69,30.47,0,774.06
56,71,30.47,0,767.11
56,71,30.48,0,756.72
56,70,30.48,0,744.61
56,71,30.48,0,735.16
55,74,30.48,0,723.88
55,76,30.48,0,712.42
54,77,30.48,0,709.81
54,78,30.48,0,703.34
54,83,30.48,0,672.82
54,81,30.48,0,666.21
54,79,30.48,0,652.8
54,80,30.48,0,637.15
54,81,30.48,0,622.02
54,80,30.48,0,623.76
54,76,30.48,0,588.73
54,80,30.48,0,578.59
54,83,30.48,0,539.31
53,83,30.48,0,553.58
53,82,30.47,0,543.35
53,81,30.47,0,507.08
53,81,30.47,0,490.27
54,79,30.47,0,475.49
53,79,30.47,0,455.25
53,77,30.47,0,436.35
53,74,30.47,0,417.55
53,73,30.47,0,400.27
52,73,30.47,0,381.09
51,75,30.47,0,362.67
51,77,30.47,0,343.48
50,82,30.46,0,319.82
49,81,30.46,0,296.54
48,84,30.46,0,268.97
47,84,30.47,0,244.13
47,85,30.47,0,26.48
46,81,30.47,0,22.67
46,82,30.47,0,22.05
46,85,30.47,0,21.35
45,83,30.47,0,22.03
45,77,30.47,0,20.43
45,76,30.47,0,18.68
45,77,30.46,0,17.56
45,75,30.46,0,16.34
44,76,30.46,0,14.84
44,79,30.46,0,13.12
44,83,30.46,0,11.28
44,84,30.46,0,9.13
44,85,30.45,0,6.97
45,87,30.45,0,5.01
45,87,30.45,0,3.08
45,88,30.45,0,1.71
45,89,30.45,0,1.23
45,91,30.45,0,1.22
45,91,30.45,0,1.23
45,90,30.45,0,1.25
45,89,30.45,0,1.24
45,86,30.45,0,1.2
45,81,30.45,0,1.24
44,78,30.45,0,1.25
44,69,30.45,0,1.21
44,66,30.45,0,1.21
44,58,30.45,0,1.18
44,57,30.45,0,1.23
44,56,30.45,0,1.21
44,54,30.46,0,1.22
44,54,30.46,0,1.19
44,54,30.45,0,1.18
44,53,30.45,0,1.23
44,54,30.45,0,1.21
44,54,30.45,0,1.23
44,55,30.45,0,1.18
44,54,30.45,0,1.21
44,54,30.46,0,1.22
45,55,30.45,0,1.25
45,55,30.45,0,1.21
45,54,30.45,0,1.21
45,54,30.45,0,1.23
45,54,30.45,0,1.24
45,54,30.45,0,1.24
45,54,30.45,0,1.22
45,55,30.45,0,1.22
45,54,30.45,0,1.2
45,54,30.45,0,1.22
45,53,30.45,0,1.21
45,53,30.45,0,1.21
45,53,30.45,0,1.22
45,51,30.45,0,1.24
46,49,30.45,0,1.23
46,48,30.45,0,1.21
46,47,30.45,0,1.23
46,47,30.45,0,1.27
46,47,30.45,0,1.22
46,47,30.45,0,1.21
46,47,30.45,0,1.22
46,47,30.45,0,1.22
46,46,30.45,0,1.23
46,47,30.45,0,1.23
46,47,30.45,0,1.23
46,46,30.46,0,1.24
46,45,30.46,0,1.21
46,45,30.46,0,1.23
46,45,30.46,0,1.19
46,45,30.46,0,1.19
46,45,30.46,0,1.23
46,45,30.46,0,1.23
46,44,30.47,0,1.2
46,45,30.47,0,1.21
46,44,30.47,0,1.21
47,43,30.47,0,1.23
47,44,30.47,0,1.21
47,44,30.47,0,1.23
47,43,30.47,0,1.23
47,43,30.47,0,1.25
47,43,30.47,0,1.23
47,43,30.47,0,1.2
47,42,30.47,0,1.25
48,42,30.48,0,1.24
48,42,30.48,0,1.21
48,42,30.48,0,1.24
48,42,30.48,0,1.25
48,42,30.48,0,1.22
48,42,30.48,0,1.18
48,43,30.48,0,1.24
48,43,30.48,0,1.24
48,44,30.48,0,1.21
48,44,30.47,0,1.2
48,44,30.47,0,1.23
48,44,30.47,0,1.19
48,44,30.47,0,1.26
47,44,30.48,0,1.22
47,44,30.48,0,1.21
47,43,30.48,0,1.23
47,43,30.48,0,1.27
47,43,30.48,0,1.23
47,42,30.48,0,1.23
47,41,30.48,0,1.18
46,41,30.48,0,1.23
46,41,30.48,0,1.21
47,41,30.48,0,1.21
47,40,30.48,0,1.22
47,40,30.48,0,1.25
47,41,30.48,0,1.23
47,40,30.48,0,1.24
47,38,30.48,0,1.23
47,38,30.48,0,1.24
48,38,30.49,0,1.25
48,38,30.49,0,1.24
48,38,30.49,0,1.21
48,37,30.49,0,1.25
48,36,30.49,0,1.22
49,37,30.49,0,1.21
48,37,30.49,0,1.24
48,37,30.49,0,1.22
48,37,30.49,0,1.23
48,38,30.49,0,1.23
48,37,30.49,0,1.23
48,38,30.49,0,1.19
48,38,30.49,0,1.26
48,38,30.49,0,1.25
48,38,30.49,0,1.24
48,38,30.49,0,1.21
48,38,30.49,0,1.24
48,38,30.48,0,1.2
48,38,30.49,0,1.22
48,38,30.48,0,1.23
48,39,30.48,0,1.21
48,40,30.48,0,1.22
48,40,30.48,0,1.21
48,40,30.48,0,1.24
48,39,30.48,0,1.23
48,39,30.48,0,1.24
48,40,30.48,0,1.22
49,40,30.48,0,1.26
49,39,30.48,0,1.26
49,38,30.48,0,1.21
49,38,30.48,0,1.24
49,38,30.48,0,1.24
49,38,30.48,0,1.2
49,38,30.48,0,1.22
49,38,30.48,0,1.25
49,39,30.48,0,1.21
49,38,30.48,0,1.23
49,38,30.48,0,1.22
49,39,30.48,0,1.22
49,39,30.48,0,1.21
49,39,30.48,0,1.23
49,40,30.48,0,1.25
49,40,30.47,0,1.24
49,40,30.47,0,1.24
49,43,30.47,0,1.26
49,46,30.47,0,1.23
49,44,30.47,0,1.22
49,43,30.47,0,1.22
48,46,30.47,0,1.24
48,50,30.47,0,1.2
48,53,30.47,0,1.22
49,56,30.47,0,1.23
49,61,30.46,0,1.22
49,67,30.46,0,1.22
50,69,30.46,0,1.23
50,64,30.46,0,1.23
50,65,30.46,0,1.32
50,66,30.46,0,2.3
50,71,30.46,0,4.0
51,83,30.46,0,5.92
52,84,30.46,0,8.01
53,82,30.46,0,10.08
54,79,30.46,0,12.18
55,69,30.45,0,22.07
55,51,30.45,0,30.95
55,58,30.45,0,46.57
55,68,30.45,0,65.88
56,63,30.44,0,86.28
55,65,30.44,0,108.12
55,72,30.44,0,131.35
55,73,30.44,0,156.24
54,73,30.45,0,180.8
54,75,30.45,0,204.57
55,77,30.45,0,232.81
55,78,30.45,0,258.14
55,79,30.45,0,284.44
56,77,30.45,0,308.28
56,74,30.44,0,333.04
56,71,30.44,0,353.75
57,65,30.43,0,373.93
57,65,30.44,0,393.9
57,62,30.44,0,411.15
57,61,30.44,0,429.5
58,59,30.44,0,448.5
58,59,30.43,0,465.54
57,58,30.44,0,483.82
57,60,30.44,0,500.97
57,58,30.44,0,516.8
57,63,30.44,0,532.6
56,67,30.44,0,549.0
56,67,30.44,0,565.92
57,67,30.44,0,580.28
57,67,30.43,0,594.86
57,67,30.43,0,612.99
57,67,30.43,0,625.77
57,67,30.44,0,638.91
57,61,30.44,0,653.74
57,62,30.44,0,667.9
57,64,30.44,0,682.61
57,63,30.43,0,691.99
57,63,30.43,0,705.7
57,66,30.43,0,718.78
57,65,30.43,0,727.69
56,65,30.43,0,737.64
56,67,30.43,0,748.45
57,64,30.43,0,758.18
57,67,30.43,0,767.44
58,65,30.43,0,777.57
58,68,30.43,0,785.55
58,67,30.43,0,792.95
58,64,30.43,0,802.61
58,62,30.43,0,812.93
58,65,30.43,0,814.52
58,65,30.43,0,822.54
58,67,30.43,0,826.44
58,66,30.44,0,831.33
58,65,30.44,0,836.07
58,64,30.44,0,842.69
58,61,30.44,0,844.45
58,57,30.44,0,850.19
58,57,30.44,0,853.17
58,58,30.44,0,854.69
58,57,30.45,0,852.97
58,58,30.45,0,855.02
58,54,30.45,0,856.79
58,58,30.45,0,854.79
58,59,30.45,0,855.89
58,62,30.46,0,855.87
58,63,30.46,0,853.93
58,65,30.46,0,852.42
58,60,30.46,0,850.3
58,60,30.46,0,846.76
59,54,30.46,0,843.51
59,49,30.46,0,843.12
59,50,30.46,0,835.62
58,52,30.46,0,829.73
58,59,30.46,0,827.19
58,57,30.46,0,820.16
58,55,30.47,0,813.69
57,59,30.47,0,807.08
57,58,30.47,0,797.62
57,58,30.47,0,788.74
57,55,30.47,0,781.01
57,60,30.47,0,771.83
57,59,30.47,0,763.3
58,58,30.47,0,752.32
58,49,30.47,0,743.76
58,46,30.47,0,733.65
59,48,30.47,0,722.0
59,39,30.47,0,711.44
60,40,30.48,0,699.62
61,36,30.48,0,687.23
61,34,30.48,0,675.84
61,25,30.47,0,662.64
61,26,30.47,0,647.86
60,27,30.48,0,633.44
60,27,30.47,0,619.33
60,29,30.48,0,604.05
60,26,30.48,0,589.21
60,26,30.48,0,574.59
59,27,30.48,0,557.76
59,25,30.48,0,542.21
59,26,30.48,0,525.42
59,26,30.47,0,508.55
58,21,30.48,0,493.04
58,20,30.47,0,475.87
58,20,30.48,0,459.26
57,20,30.47,0,440.56
57,20,30.47,0,422.48
57,24,30.47,0,403.09
57,25,30.47,0,384.84
56,27,30.47,0,367.47
55,27,30.47,0,345.32
55,28,30.47,0,322.95
53,29,30.47,0,298.75
52,31,30.47,0,273.89
51,34,30.46,0,247.83
50,33,30.46,0,28.72
49,34,30.46,0,21.78
47,35,30.46,0,21.07
46,38,30.46,0,20.43
46,38,30.46,0,19.69
46,38,30.46,0,18.9
45,35,30.46,0,18.1
46,36,30.46,0,17.12
46,33,30.46,0,15.93
45,33,30.46,0,14.62
45,33,30.46,0,13.07
45,34,30.46,0,11.39
46,32,30.45,0,9.39
46,31,30.45,0,7.36
46,31,30.45,0,5.25
46,30,30.45,0,3.28
45,31,30.45,0,1.89
45,34,30.45,0,1.21
45,35,30.45,0,1.21
45,37,30.45,0,1.24
45,38,30.45,0,1.22
45,37,30.44,0,1.21
45,37,30.44,0,1.2
45,40,30.44,0,1.2
45,40,30.44,0,1.25
45,41,30.44,0,1.22
45,41,30.44,0,1.2
45,40,30.44,0,1.23
45,40,30.44,0,1.19
45,39,30.44,0,1.25
45,39,30.44,0,1.23
45,39,30.43,0,1.19
45,40,30.43,0,1.21
45,40,30.43,0,1.19
44,40,30.43,0,1.2
45,40,30.43,0,1.19
45,41,30.43,0,1.2
44,41,30.43,0,1.21
44,42,30.43,0,1.23
44,42,30.43,0,1.2
44,41,30.43,0,1.19
45,39,30.43,0,1.22
45,38,30.43,0,1.23
45,37,30.43,0,1.22
45,36,30.43,0,1.24
46,35,30.43,0,1.23
46,29,30.43,0,1.21
45,32,30.43,0,1.25
45,34,30.43,0,1.23
45,35,30.43,0,1.21
45,37,30.43,0,1.22
45,37,30.43,0,1.22
45,37,30.43,0,1.2
45,37,30.43,0,1.21
44,37,30.43,0,1.23
45,36,30.43,0,1.2
45,36,30.43,0,1.22
45,35,30.43,0,1.25
46,34,30.43,0,1.21
46,33,30.43,0,1.22
46,33,30.43,0,1.2
45,33,30.43,0,1.18
46,31,30.43,0,1.23
46,32,30.43,0,1.23
46,32,30.43,0,1.22
46,32,30.43,0,1.24
47,30,30.43,0,1.21
47,28,30.43,0,1.24
47,27,30.43,0,1.2
48,28,30.43,0,1.23
48,27,30.44,0,1.21
48,26,30.44,0,1.25
48,26,30.44,0,1.26
48,28,30.44,0,1.19
48,27,30.44,0,1.23
48,27,30.44,0,1.23
48,26,30.44,0,1.2
48,26,30.44,0,1.22
48,26,30.44,0,1.27
48,27,30.44,0,1.24
48,26,30.44,0,1.25
48,27,30.44,0,1.22
48,28,30.45,0,1.23
48,27,30.44,0,1.21
48,28,30.45,0,1.23
48,28,30.45,0,1.25
48,29,30.45,0,1.21
48,29,30.45,0,1.21
48,29,30.45,0,1.24
49,27,30.45,0,1.19
49,27,30.45,0,1.25
48,26,30.45,0,1.25
48,28,30.45,0,1.22
48,28,30.45,0,1.23
48,27,30.45,0,1.22
49,28,30.45,0,1.2
49,27,30.45,0,1.25
49,27,30.45,0,1.22
49,26,30.45,0,1.24
49,27,30.45,0,1.24
49,26,30.45,0,1.25
49,27,30.45,0,1.24
49,26,30.45,0,1.22
49,27,30.45,0,1.23
49,24,30.45,0,1.24
49,26,30.45,0,1.24
49,26,30.45,0,1.26
49,27,30.45,0,1.26
49,28,30.46,0,1.24
49,27,30.46,0,1.22
49,28,30.45,0,1.23
49,29,30.45,0,1.23
49,29,30.46,0,1.25
48,28,30.46,0,1.24
48,29,30.46,0,1.21
48,30,30.46,0,1.24
49,29,30.45,0,1.22
49,29,30.45,0,1.23
49,30,30.45,0,1.25
49,30,30.46,0,1.23
49,29,30.46,0,1.26
49,29,30.46,0,1.24
49,29,30.46,0,1.24
50,29,30.46,0,1.26
50,28,30.46,0,1.21
50,29,30.46,0,1.25
50,30,30.46,0,1.22
50,28,30.46,0,1.24
51,28,30.46,0,1.26
51,27,30.46,0,1.25
51,27,30.46,0,1.23
51,27,30.46,0,1.26
51,27,30.46,0,1.26
51,27,30.46,0,1.22
51,27,30.46,0,1.26
50,28,30.45,0,1.23
50,29,30.45,0,1.24
50,29,30.46,0,1.25
50,29,30.45,0,1.2
50,29,30.45,0,1.26
50,29,30.45,0,1.23
50,29,30.45,0,1.23
50,29,30.45,0,1.25
50,29,30.45,0,1.25
51,28,30.45,0,1.27
51,27,30.45,0,1.25
50,27,30.45,0,1.26
50,26,30.45,0,1.26
50,26,30.45,0,1.27
51,26,30.45,0,1.25
51,25,30.45,0,1.26
51,24,30.45,0,1.24
51,23,30.45,0,1.24
50,26,30.45,0,1.23
50,27,30.45,0,1.25
50,29,30.44,0,1.23
51,29,30.44,0,1.26
51,28,30.44,0,1.22
51,27,30.44,0,1.23
51,27,30.44,0,1.26
51,30,30.44,0,1.23
51,29,30.44,0,1.26
51,29,30.44,0,1.24
51,29,30.44,0,1.23
52,29,30.43,0,1.26
52,28,30.43,0,1.22
52,27,30.43,0,1.21
53,27,30.43,0,1.29
53,27,30.43,0,2.16
53,26,30.43,0,3.72
54,27,30.43,0,5.72
55,26,30.43,0,7.74
55,26,30.43,0,9.84
56,24,30.43,0,12.01
57,23,30.43,0,18.72
57,23,30.43,0,32.14
57,23,30.43,0,46.52
57,22,30.43,0,64.28
57,25,30.42,0,86.06
56,31,30.42,0,106.75
56,78,30.42,0,129.12
56,71,30.42,0,154.25
56,69,30.42,0,179.62
57,73,30.42,0,205.26
58,70,30.42,0,234.04
58,37,30.42,0,260.78
57,68,30.42,0,286.17
56,52,30.41,0,310.35
55,79,30.41,0,333.7
55,83,30.41,0,355.39
55,82,30.41,0,374.03
56,81,30.41,0,392.06
56,82,30.41,0,411.26
56,80,30.41,0,428.56
56,80,30.41,0,448.62
56,80,30.41,0,465.88
56,77,30.41,0,483.19
56,72,30.4,0,502.28
56,79,30.41,0,518.5
56,80,30.41,0,534.78
56,78,30.41,0,551.85
57,79,30.4,0,567.47
58,76,30.4,0,583.4
59,72,30.41,0,597.25
59,63,30.4,0,613.07
59,66,30.4,0,628.85
59,58,30.4,0,642.39
59,59,30.4,0,657.34
60,56,30.4,0,672.31
59,49,30.4,0,684.83
59,51,30.4,0,697.04
60,56,30.4,0,708.27
60,59,30.4,0,722.8
59,46,30.4,0,732.74
59,64,30.4,0,741.53
60,62,30.4,0,752.47
59,56,30.4,0,763.79
60,61,30.4,0,770.97
59,49,30.4,0,784.09
59,69,30.41,0,789.15
59,64,30.41,0,798.32
60,64,30.41,0,804.15
60,60,30.41,0,813.95
60,49,30.41,0,821.28
59,61,30.41,0,827.04
59,64,30.41,0,832.23
59,53,30.41,0,836.63
59,67,30.41,0,842.53
59,71,30.41,0,845.78
58,72,30.41,0,848.52
58,77,30.42,0,851.96
58,79,30.42,0,855.29
58,80,30.42,0,854.58
57,82,30.42,0,854.18
57,80,30.42,0,856.51
57,83,30.42,0,856.1
57,83,30.43,0,858.97
57,84,30.43,0,852.45
57,86,30.43,0,854.08
57,84,30.43,0,850.71
57,85,30.44,0,850.41
57,87,30.44,0,832.77
57,83,30.44,0,845.34
57,82,30.44,0,839.76
57,81,30.44,0,837.16
57,81,30.44,0,834.65
57,82,30.44,0,830.02
57,82,30.45,0,824.49
57,81,30.45,0,818.99
58,77,30.45,0,813.38
57,78,30.45,0,808.01
57,81,30.45,0,799.73
58,80,30.45,0,792.95
57,81,30.45,0,785.14
57,80,30.45,0,777.13
57,81,30.45,0,767.86
57,80,30.45,0,757.72
56,77,30.46,0,746.92
56,80,30.46,0,735.07
56,81,30.46,0,724.66
56,80,30.46,0,711.99
56,78,30.46,0,700.43
56,78,30.46,0,688.53
55,78,30.45,0,674.73
55,77,30.46,0,663.6
56,76,30.46,0,648.01
57,71,30.46,0,634.4
57,61,30.45,0,622.03
56,62,30.45,0,607.3
55,64,30.45,0,591.46
54,70,30.45,0,576.01
53,75,30.45,0,558.74
53,76,30.45,0,543.48
52,77,30.45,0,527.48
52,78,30.45,0,492.3
52,74,30.45,0,476.64
52,73,30.45,0,458.99
52,67,30.45,0,440.67
52,57,30.45,0,422.66
52,53,30.45,0,403.81
53,44,30.45,0,386.89
53,33,30.45,0,366.76
53,32,30.45,0,347.4
54,32,30.44,0,325.24
54,30,30.44,0,300.42
52,26,30.44,0,275.69
51,28,30.44,0,249.83
50,29,30.44,0,107.29
49,31,30.44,0,22.37
48,31,30.44,0,21.64
48,34,30.44,0,20.98
47,36,30.44,0,20.23
47,35,30.43,0,19.53
47,36,30.43,0,18.51
46,37,30.43,0,17.44
46,37,30.43,0,16.28
46,38,30.43,0,14.87
45,38,30.43,0,13.3
45,38,30.43,0,11.55
45,39,30.43,0,9.47
45,39,30.42,0,7.46
45,39,30.42,0,5.33
45,38,30.42,0,3.41
46,37,30.42,0,1.91
46,36,30.42,0,1.25
45,36,30.42,0,1.22
45,38,30.42,0,1.2
45,41,30.42,0,1.22
44,42,30.42,0,1.24
44,43,30.42,0,1.23
44,44,30.42,0,1.22
44,46,30.42,0,1.23
44,44,30.41,0,1.23
44,49,30.41,0,1.19
44,46,30.41,0,1.25
44,46,30.41,0,1.21
44,46,30.41,0,1.22
44,47,30.4,0,1.23
44,43,30.4,0,1.2
44,45,30.4,0,1.24
45,43,30.4,0,1.25
45,43,30.4,0,1.21
45,42,30.4,0,1.21
45,38,30.4,0,1.22
45,39,30.4,0,1.2
44,40,30.4,0,1.23
44,43,30.4,0,1.21
44,46,30.4,0,1.24
44,45,30.4,0,1.21
44,45,30.4,0,1.21
44,47,30.4,0,1.22
43,46,30.4,0,1.21
43,48,30.4,0,1.23
44,51,30.4,0,1.21
44,49,30.39,0,1.21
45,46,30.39,0,1.24
44,41,30.39,0,1.22
44,43,30.39,0,1.23
44,47,30.4,0,1.23
44,46,30.4,0,1.21
45,46,30.39,0,1.24
45,42,30.39,0,1.24
44,43,30.39,0,1.23
44,46,30.39,0,1.22
44,47,30.39,0,1.19
44,47,30.39,0,1.26
45,48,30.39,0,1.21
46,46,30.39,0,1.18
46,43,30.39,0,1.2
46,42,30.39,0,1.22
46,45,30.39,0,1.23
46,44,30.39,0,1.23
45,48,30.39,0,1.22
45,52,30.39,0,1.22
46,53,30.39,0,1.23
46,53,30.39,0,1.23
45,57,30.39,0,1.2
45,62,30.39,0,1.23
46,60,30.39,0,1.21
45,60,30.39,0,1.22
43,72,30.39,0,1.2
44,100,30.39,0,1.21
45,100,30.39,0,1.23
45,100,30.4,0,1.19
45,100,30.4,0,1.22
45,100,30.4,0,1.24
45,100,30.4,0,1.24
45,99,30.41,0,1.24
45,99,30.41,0,1.22
45,99,30.41,0,1.23
45,99,30.41,0,1.24
45,98,30.41,0,1.19
45,98,30.41,0,1.2
45,97,30.4,0,1.24
45,97,30.41,0,1.24
45,96,30.4,0,1.22
45,93,30.41,0,1.23
45,89,30.4,0,1.22
46,84,30.41,0,1.24
46,83,30.41,0,1.22
46,80,30.41,0,1.24
45,78,30.41,0,1.22
45,92,30.41,0,1.25
45,91,30.41,0,1.23
45,91,30.41,0,1.21
45,98,30.41,0,1.23
46,99,30.41,0,1.22
45,98,30.41,0,1.22
45,98,30.41,0,1.2
46,98,30.41,0,1.22
46,98,30.41,0,1.24
46,97,30.41,0,1.22
46,97,30.42,0,1.2
46,96,30.42,0,1.2
46,96,30.42,0,1.22
46,96,30.42,0,1.23
46,95,30.42,0,1.23
46,95,30.42,0,1.22
46,95,30.42,0,1.23
46,95,30.42,0,1.22
46,94,30.42,0,1.22
46,93,30.42,0,1.23
46,89,30.42,0,1.24
46,88,30.42,0,1.18
47,82,30.42,0,1.24
46,80,30.42,0,1.23
46,69,30.42,0,1.24
46,70,30.43,0,1.24
46,58,30.43,0,1.22
46,57,30.43,0,1.22
46,48,30.43,0,1.24
46,43,30.43,0,1.24
46,45,30.43,0,1.22
46,48,30.43,0,1.24
46,53,30.43,0,1.22
47,68,30.43,0,1.23
47,72,30.43,0,1.2
47,69,30.43,0,1.27
47,61,30.43,0,1.24
47,50,30.43,0,1.22
46,49,30.43,0,1.24
46,71,30.43,0,1.2
46,82,30.43,0,1.2
46,78,30.43,0,1.23
47,77,30.43,0,1.21
47,67,30.43,0,1.21
48,50,30.42,0,1.23
48,40,30.43,0,1.24
48,34,30.42,0,1.24
47,41,30.42,0,1.23
47,40,30.42,0,1.23
47,41,30.42,0,1.19
46,50,30.42,0,1.26
47,64,30.42,0,1.22
48,62,30.42,0,1.25
49,58,30.42,0,1.25
48,37,30.42,0,1.23
48,37,30.42,0,1.23
49,38,30.42,0,1.22
49,34,30.42,0,1.26
49,33,30.42,0,1.21
50,33,30.42,0,1.2
50,31,30.42,0,1.23
50,34,30.41,0,1.22
50,34,30.41,0,1.29
50,35,30.41,0,1.24
50,35,30.41,0,1.27
50,36,30.41,0,1.23
50,36,30.41,0,1.2
50,36,30.41,0,1.28
50,38,30.41,0,1.25
50,40,30.4,0,1.21
50,45,30.4,0,1.22
50,46,30.4,0,1.22
50,51,30.4,0,1.2
50,66,30.4,0,2.03
49,73,30.4,0,3.51
49,86,30.4,0,5.39
50,93,30.4,0,7.51
50,93,30.4,0,9.59
51,92,30.4,0,11.51
51,89,30.4,0,16.41
51,92,30.39,0,29.9
51,92,30.39,0,42.1
52,91,30.39,0,59.15
52,91,30.39,0,78.34
53,90,30.39,0,99.64
53,90,30.39,0,120.5
53,90,30.39,0,145.31
53,90,30.39,0,168.87
53,90,30.39,0,194.83
53,89,30.39,0,221.62
54,89,30.39,0,246.68
54,88,30.39,0,272.64
54,86,30.39,0,297.41
55,84,30.39,0,320.22
56,83,30.39,0,342.76
56,81,30.39,0,360.44
56,79,30.39,0,378.5
56,76,30.4,0,399.01
56,72,30.4,0,416.41
56,74,30.4,0,435.7
57,73,30.4,0,450.91
57,73,30.4,0,468.58
57,71,30.4,0,487.88
57,72,30.39,0,502.09
57,73,30.39,0,520.64
57,72,30.39,0,536.66
57,71,30.39,0,551.66
57,72,30.39,0,568.58
57,72,30.39,0,583.65
57,73,30.39,0,596.93
57,74,30.39,0,613.42
57,75,30.39,0,625.77
57,74,30.39,0,637.93
57,74,30.39,0,654.81
57,74,30.39,0,667.73
57,76,30.39,0,678.08
57,76,30.39,0,689.62
57,75,30.4,0,702.27
57,74,30.4,0,712.81
57,74,30.4,0,723.74
57,72,30.4,0,734.86
57,71,30.4,0,744.19
58,69,30.4,0,754.62
58,68,30.4,0,763.64
58,63,30.4,0,772.62
58,58,30.4,0,782.64
58,56,30.41,0,790.82
59,57,30.41,0,798.11
59,59,30.41,0,804.55
59,57,30.41,0,810.36
59,56,30.41,0,817.13
59,57,30.41,0,820.65
59,52,30.41,0,827.83
60,53,30.41,0,832.06
60,49,30.42,0,833.88
60,48,30.42,0,837.27
60,53,30.42,0,841.0
60,52,30.42,0,842.63
60,50,30.42,0,844.86
60,49,30.43,0,847.07
59,38,30.43,0,847.11
59,50,30.43,0,846.2
59,52,30.43,0,846.35
59,53,30.43,0,844.47
59,49,30.43,0,843.52
59,46,30.43,0,840.9
59,45,30.44,0,839.53
59,45,30.44,0,835.45
59,48,30.44,0,832.35
59,49,30.44,0,828.63
59,44,30.44,0,825.24
59,42,30.44,0,820.62
59,42,30.44,0,815.19
60,39,30.44,0,809.21
60,38,30.44,0,803.41
60,40,30.44,0,797.68
59,40,30.45,0,790.54
59,38,30.45,0,781.78
59,42,30.45,0,773.58
58,46,30.45,0,764.55
58,51,30.45,0,755.01
58,50,30.46,0,745.61
58,51,30.46,0,734.9
58,38,30.46,0,725.96
58,37,30.46,0,714.99
58,41,30.46,0,703.07
58,41,30.46,0,691.0
58,38,30.46,0,677.48
58,39,30.46,0,665.1
58,42,30.46,0,651.51
58,44,30.46,0,638.02
58,47,30.46,0,623.6
57,50,30.46,0,609.61
57,54,30.46,0,593.8
57,56,30.46,0,579.31
57,57,30.46,0,563.68
57,58,30.46,0,548.09
57,58,30.46,0,533.2
57,58,30.46,0,515.98
57,58,30.46,0,499.24
57,59,30.46,0,482.86
57,59,30.46,0,464.68
56,59,30.46,0,448.04
56,59,30.46,0,430.56
56,60,30.46,0,414.0
55,61,30.46,0,394.94
55,61,30.46,0,377.08
54,62,30.46,0,358.2
53,65,30.45,0,338.31
51,68,30.45,0,317.95
50,71,30.45,0,292.16
49,72,30.45,0,268.1
48,75,30.45,0,242.85
48,76,30.44,0,94.57
47,77,30.45,0,22.6
47,78,30.45,0,21.6
46,78,30.45,0,20.92
46,78,30.45,0,20.26
46,78,30.45,0,19.51
46,78,30.45,0,18.64
45,78,30.45,0,17.63
45,78,30.45,0,16.69
45,78,30.45,0,15.56
45,78,30.45,0,14.11
45,78,30.45,0,12.37
45,78,30.45,0,10.24
45,78,30.45,0,7.71
45,78,30.45,0,5.58
45,78,30.45,0,3.28
45,78,30.45,0,1.76
45,78,30.45,0,1.2
45,78,30.44,0,1.23
45,79,30.45,0,1.23
45,80,30.44,0,1.27
45,80,30.44,0,1.24
45,79,30.44,0,1.24
45,80,30.44,0,1.2
45,81,30.45,0,1.2
45,82,30.44,0,1.23
45,84,30.44,0,1.24
45,84,30.44,0,1.23
45,84,30.44,0,1.22
45,84,30.44,0,1.22
45,84,30.44,0,1.22
45,83,30.44,0,1.21
46,83,30.44,0,1.23
46,83,30.44,0,1.22
46,83,30.44,0,1.2
46,83,30.44,0,1.23
46,83,30.44,0,1.24
46,82,30.44,0,1.22
46,83,30.44,0,1.23
46,83,30.44,0,1.22
46,84,30.44,0,1.26
45,84,30.44,0,1.23
45,84,30.44,0,1.21
45,84,30.44,0,1.21
45,85,30.44,0,1.22
45,85,30.44,0,1.22
45,85,30.44,0,1.26
45,85,30.44,0,1.21
45,85,30.44,0,1.21
45,85,30.44,0,1.2
45,85,30.44,0,1.23
46,84,30.44,0,1.2
45,84,30.44,0,1.18
46,84,30.44,0,1.23
46,84,30.44,0,1.24
46,84,30.44,0,1.23
46,84,30.44,0,1.18
46,84,30.44,0,1.22
46,84,30.44,0,1.24
46,84,30.44,0,1.23
46,84,30.44,0,1.19
46,84,30.45,0,1.24
46,83,30.45,0,1.23
46,83,30.45,0,1.25
46,83,30.45,0,1.21
46,83,30.45,0,1.22
46,83,30.45,0,1.22
46,83,30.45,0,1.24
46,83,30.45,0,1.24
46,84,30.45,0,1.22
46,84,30.45,0,1.25
46,85,30.45,0,1.21
46,85,30.45,0,1.21
46,85,30.46,0,1.22
46,85,30.46,0,1.25
46,86,30.46,0,1.23
46,86,30.46,0,1.24
45,87,30.46,0,1.22
45,87,30.47,0,1.25
45,87,30.47,0,1.24
45,87,30.47,0,1.24
45,87,30.47,0,1.22
45,87,30.47,0,1.2
45,88,30.47,0,1.2
45,88,30.48,0,1.24
45,87,30.48,0,1.23
46,87,30.47,0,1.24
46,86,30.48,0,1.21
46,86,30.48,0,1.23
46,86,30.48,0,1.2
46,86,30.48,0,1.23
46,86,30.48,0,1.23
46,86,30.48,0,1.24
46,86,30.48,0,1.23
46,86,30.48,0,1.23
46,86,30.49,0,1.22
46,86,30.49,0,1.22
46,86,30.49,0,1.24
46,85,30.49,0,1.22
46,85,30.49,0,1.26
47,85,30.49,0,1.24
47,84,30.49,0,1.25
46,85,30.49,0,1.2
46,85,30.49,0,1.21
46,85,30.5,0,1.21
46,85,30.5,0,1.23
46,85,30.5,0,1.21
46,84,30.5,0,1.21
47,84,30.5,0,1.22
47,84,30.5,0,1.22
47,84,30.5,0,1.23
47,84,30.5,0,1.21
47,84,30.5,0,1.23
47,84,30.51,0,1.23
47,84,30.51,0,1.24
47,84,30.51,0,1.22
47,84,30.51,0,1.21
47,84,30.51,0,1.24
47,84,30.51,0,1.23
47,83,30.51,0,1.22
47,83,30.51,0,1.2
47,83,30.51,0,1.22
47,83,30.51,0,1.22
47,83,30.51,0,1.25
47,83,30.51,0,1.22
47,83,30.51,0,1.2
47,83,30.51,0,1.24
47,83,30.51,0,1.21
47,83,30.51,0,1.22
47,82,30.51,0,1.22
47,82,30.51,0,1.23
47,81,30.51,0,1.24
47,81,30.51,0,1.25
47,82,30.51,0,1.25
47,82,30.51,0,1.21
47,82,30.51,0,1.26
47,82,30.51,0,1.24
47,82,30.51,0,1.24
47,82,30.51,0,1.24
47,82,30.51,0,1.25
47,82,30.51,0,1.22
47,82,30.51,0,1.22
48,81,30.51,0,1.21
48,81,30.5,0,1.28
48,80,30.5,0,1.2
48,80,30.5,0,1.22
48,79,30.5,0,1.22
48,79,30.5,0,1.17
48,79,30.5,0,1.26
48,78,30.5,0,1.22
48,78,30.5,0,1.24
48,77,30.5,0,1.23
48,77,30.5,0,1.23
49,77,30.5,0,1.22
49,76,30.5,0,1.26
49,75,30.5,0,1.21
49,76,30.5,0,1.24
49,75,30.5,0,1.26
49,75,30.5,0,1.22
49,75,30.5,0,1.19
49,74,30.49,0,1.23
49,74,30.49,0,1.24
49,73,30.49,0,1.23
49,73,30.49,0,1.23
49,72,30.49,0,1.2
49,71,30.49,0,1.2
50,70,30.49,0,1.2
50,70,30.49,0,1.25
50,69,30.49,0,2.7
50,69,30.48,0,3.53
51,69,30.48,0,6.14
51,69,30.48,0,7.93
51,69,30.48,0,11.27
52,66,30.48,0,13.56
52,65,30.48,0,17.05
53,65,30.48,0,31.32
53,65,30.48,0,43.49
54,65,30.48,0,57.78
54,64,30.48,0,78.83
54,62,30.48,0,97.03
54,63,30.48,0,118.92
55,63,30.48,0,141.45
55,62,30.48,0,162.44
55,62,30.48,0,188.79
55,61,30.48,0,210.41
56,61,30.48,0,238.35
55,60,30.48,0,259.68
55,60,30.48,0,280.68
55,61,30.48,0,306.14
56,60,30.48,0,326.72
56,61,30.48,0,342.96
56,61,30.48,0,345.07
56,60,30.48,0,362.72
56,61,30.48,0,379.98
56,62,30.48,0,391.23
56,61,30.48,0,394.02
56,60,30.48,0,410.92
57,60,30.48,0,427.94
57,59,30.48,0,456.42
57,60,30.48,0,512.59
57,59,30.48,0,564.01
57,60,30.48,0,462.24
57,58,30.48,0,534.36
57,60,30.48,0,501.46
58,59,30.48,0,545.69
58,60,30.48,0,592.56
58,61,30.48,0,630.29
58,62,30.48,0,658.42
57,63,30.48,0,645.8
57,66,30.48,0,674.46
57,65,30.48,0,654.16
58,66,30.48,0,620.74
58,66,30.48,0,677.62
58,67,30.49,0,689.42
58,67,30.49,0,702.84
58,67,30.49,0,754.48
57,68,30.49,0,710.24
57,67,30.49,0,733.36
57,68,30.49,0,623.65
57,68,30.49,0,610.19
58,66,30.49,0,597.73
58,67,30.49,0,623.15
58,68,30.49,0,676.68
58,67,30.5,0,638.59
57,67,30.5,0,665.42
58,66,30.5,0,676.07
58,67,30.5,0,656.68
58,67,30.5,0,670.42
58,68,30.5,0,722.03
58,67,30.51,0,729.65
58,68,30.51,0,760.2
58,66,30.51,0,785.74
58,66,30.51,0,781.96
58,66,30.51,0,804.42
58,67,30.52,0,816.7
58,66,30.52,0,830.05
58,66,30.52,0,827.42
58,66,30.52,0,826.58
58,66,30.52,0,810.23
58,67,30.53,0,803.89
58,66,30.53,0,810.26
58,66,30.53,0,810.67
58,66,30.53,0,828.68
58,65,30.53,0,802.55
58,65,30.54,0,750.01
57,66,30.54,0,777.47
57,67,30.54,0,795.11
57,67,30.54,0,789.21
57,65,30.54,0,725.97
57,66,30.54,0,748.78
57,66,30.54,0,727.58
57,68,30.54,0,761.21
57,66,30.55,0,731.23
57,67,30.55,0,760.37
57,67,30.55,0,774.69
57,67,30.55,0,760.97
57,67,30.55,0,745.13
57,67,30.56,0,731.67
57,66,30.55,0,721.25
57,67,30.56,0,713.62
57,65,30.56,0,703.72
57,66,30.56,0,692.49
57,66,30.56,0,683.02
57,66,30.56,0,672.5
56,66,30.56,0,659.87
56,67,30.56,0,644.4
56,66,30.56,0,484.08
56,66,30.56,0,416.92
56,65,30.56,0,541.83
56,65,30.56,0,441.41
56,64,30.56,0,568.56
57,64,30.56,0,558.29
56,62,30.56,0,540.28
56,62,30.55,0,535.98
56,62,30.56,0,509.21
56,64,30.55,0,498.72
56,66,30.55,0,435.41
56,66,30.55,0,481.99
56,65,30.55,0,478.55
56,65,30.55,0,435.05
55,66,30.55,0,423.23
54,66,30.54,0,432.32
53,68,30.54,0,402.98
52,70,30.54,0,355.34
51,72,30.54,0,323.79
51,72,30.54,0,310.05
50,74,30.54,0,275.29
49,75,30.54,0,290.88
48,75,30.54,0,175.07
48,75,30.54,0,83.53
47,76,30.54,0,78.22
47,77,30.54,0,71.19
46,77,30.53,0,63.34
46,78,30.53,0,56.25
45,78,30.53,0,50.37
45,78,30.53,0,47.08
45,78,30.53,0,42.58
45,79,30.53,0,36.51
44,79,30.53,0,30.66
44,79,30.53,0,24.86
44,80,30.53,0,21.38
44,80,30.53,0,20.13
44,80,30.53,0,15.75
44,79,30.53,0,10.93
44,79,30.52,0,4.84
44,78,30.52,0,1.24
44,77,30.52,0,1.22
44,76,30.52,0,1.24
44,74,30.52,0,1.24
44,74,30.52,0,1.22
44,73,30.52,0,1.22
44,73,30.52,0,1.22
44,73,30.52,0,1.27
45,72,30.52,0,1.19
45,71,30.52,0,1.24
45,70,30.52,0,1.25
45,71,30.52,0,1.24
45,70,30.51,0,1.22
45,69,30.51,0,1.25
45,69,30.51,0,1.23
45,70,30.51,0,1.2
45,70,30.51,0,1.24
46,69,30.51,0,1.26
46,69,30.51,0,1.26
46,70,30.51,0,1.22
46,69,30.51,0,1.23
46,71,30.51,0,1.24
46,71,30.51,0,1.25
45,73,30.51,0,1.22
45,73,30.51,0,1.23
46,74,30.51,0,1.22
46,73,30.51,0,1.25
46,73,30.51,0,1.2
46,72,30.5,0,1.23
46,73,30.5,0,1.23
46,75,30.5,0,1.23
46,77,30.5,0,1.21
46,76,30.5,0,1.23
46,75,30.5,0,1.23
46,76,30.5,0,1.22
46,77,30.5,0,1.23
46,78,30.5,0,1.23
46,78,30.5,0,1.22
46,80,30.5,0,1.23
47,78,30.5,0,1.22
47,78,30.5,0,1.24
47,78,30.5,0,1.25
47,78,30.51,0,1.26
47,78,30.5,0,1.24
47,79,30.51,0,1.25
47,81,30.5,0,1.22
47,81,30.51,0,1.25
47,80,30.5,0,1.24
47,81,30.5,0,1.25
47,80,30.5,0,1.23
47,81,30.51,0,1.25
47,81,30.51,0,1.25
47,81,30.51,0,1.26
47,82,30.51,0,1.24
46,82,30.51,0,1.23
47,82,30.51,0,1.23
47,82,30.51,0,1.23
47,82,30.51,0,1.25
47,82,30.51,0,1.22
47,82,30.52,0,1.22
47,82,30.52,0,1.23
47,82,30.52,0,1.2
47,82,30.52,0,1.22
47,82,30.52,0,1.22
47,82,30.52,0,1.26
47,83,30.52,0,1.22
47,83,30.52,0,1.21
47,82,30.52,0,1.25
47,82,30.53,0,1.23
47,82,30.53,0,1.25
47,81,30.53,0,1.22
47,82,30.53,0,1.25
47,82,30.53,0,1.25
47,82,30.53,0,1.23
47,83,30.53,0,1.22
47,83,30.53,0,1.23
47,83,30.53,0,1.24
47,83,30.53,0,1.24
47,83,30.54,0,1.21
47,84,30.54,0,1.23
47,84,30.54,0,1.22
47,84,30.54,0,1.21
47,84,30.54,0,1.22
47,83,30.54,0,1.24
47,83,30.54,0,1.19
47,83,30.54,0,1.18
48,82,30.54,0,1.27
48,82,30.54,0,1.2
48,82,30.54,0,1.22
48,82,30.55,0,1.25
48,82,30.55,0,1.22
48,83,30.55,0,1.27
48,83,30.55,0,1.24
48,83,30.55,0,1.24
48,83,30.55,0,1.26
48,83,30.55,0,1.23
48,82,30.55,0,1.23
48,83,30.55,0,1.22
48,83,30.55,0,1.26
48,83,30.55,0,1.23
48,83,30.56,0,1.21
48,83,30.56,0,1.23
49,83,30.56,0,1.26
49,82,30.56,0,1.24
49,82,30.56,0,1.27
49,82,30.56,0,1.25
49,82,30.56,0,1.23
49,83,30.56,0,1.26
49,83,30.56,0,1.26
49,84,30.56,0,1.23
49,84,30.56,0,1.22
49,83,30.56,0,1.25
49,83,30.56,0,1.23
49,84,30.56,0,1.25
49,84,30.56,0,1.26
49,85,30.56,0,1.24
49,85,30.56,0,1.27
49,85,30.55,0,1.23
49,86,30.55,0,1.27
49,86,30.55,0,1.27
49,86,30.55,0,1.27
49,86,30.55,0,1.26
49,86,30.55,0,1.23
49,86,30.55,0,1.24
49,85,30.55,0,1.23
49,85,30.55,0,1.23
49,85,30.54,0,1.24
50,85,30.54,0,1.23
50,85,30.54,0,1.24
50,85,30.54,0,1.23
50,84,30.54,0,1.23
50,85,30.54,0,1.24
50,84,30.54,0,1.23
50,84,30.54,0,1.26
50,85,30.53,0,1.23
50,85,30.53,0,1.24
50,84,30.53,0,1.27
50,85,30.53,0,1.24
50,85,30.52,0,1.24
50,87,30.52,0,1.22
49,89,30.52,0,1.25
48,93,30.52,0,1.24
48,98,30.52,0,1.26
49,99,30.52,0,1.23
49,99,30.52,0,1.23
49,98,30.52,0,1.23
50,98,30.51,0,1.21
50,97,30.51,0,1.26
50,96,30.51,0,1.22
51,96,30.51,0,1.24
52,94,30.51,0,1.24
52,87,30.51,0,1.29
51,88,30.5,0,2.2
52,94,30.5,0,3.28
52,96,30.5,0,4.94
53,95,30.5,0,6.8
54,92,30.5,0,9.15
54,88,30.5,0,10.75
54,91,30.5,0,12.57
54,95,30.5,0,16.16
54,98,30.5,0,23.63
54,98,30.5,0,27.49
54,98,30.5,0,48.28
55,98,30.5,0,69.44
55,97,30.5,0,45.61
55,97,30.5,0,94.83
55,96,30.5,0,38.66
56,95,30.5,0,83.94
57,92,30.49,0,160.04
59,90,30.49,0,119.82
59,87,30.49,0,290.04
58,90,30.49,0,306.47
58,91,30.49,0,328.24
58,91,30.49,0,349.77
58,93,30.48,0,360.08
58,92,30.48,0,365.57
57,92,30.48,0,355.77
57,94,30.49,0,380.39
57,93,30.49,0,274.79
57,93,30.49,0,474.23
57,94,30.49,0,320.98
57,94,30.49,0,518.1
57,94,30.49,0,576.04
57,94,30.49,0,520.06
56,94,30.49,0,535.47
56,95,30.49,0,650.89
55,95,30.49,0,162.58
55,97,30.49,0,168.19
55,98,30.49,0,166.17
55,98,30.49,0,126.09
55,98,30.49,0,110.05
55,98,30.49,0,134.95
55,97,30.49,0,145.5
55,96,30.49,0,92.65
55,96,30.49,0,82.52
56,95,30.49,0,95.98
56,95,30.49,0,135.66
56,95,30.49,0,336.31
56,95,30.49,0,185.28
56,96,30.49,0,271.2
55,96,30.49,0,427.03
55,95,30.49,0,259.07
56,95,30.49,0,225.91
56,93,30.49,0,83.73
56,89,30.49,0,607.57
57,85,30.49,0,157.31
57,83,30.49,0,149.1
58,76,30.5,0,276.51
59,75,30.5,0,153.5
59,75,30.5,0,884.2
59,78,30.5,0,920.35
59,75,30.5,0,705.41
59,73,30.5,0,876.02
60,72,30.51,0,876.1
60,67,30.51,0,803.03
60,67,30.51,0,925.64
60,65,30.51,0,945.49
60,61,30.51,0,688.0
59,65,30.51,0,441.93
58,65,30.51,0,759.87
57,77,30.51,0,614.7
56,80,30.51,0,512.32
56,79,30.52,0,721.23
56,77,30.52,0,515.07
55,78,30.52,0,487.82
55,79,30.52,0,886.26
55,80,30.52,0,447.51
55,79,30.52,0,350.01
55,77,30.52,0,235.24
55,79,30.51,0,223.15
55,80,30.52,0,230.39
56,80,30.52,0,228.65
56,81,30.52,0,325.51
57,78,30.53,0,366.48
57,78,30.53,0,351.33
57,76,30.53,0,358.9
57,77,30.52,0,389.62
57,79,30.53,0,357.55
56,79,30.53,0,358.25
56,80,30.53,0,329.94
56,76,30.53,0,320.13
56,77,30.53,0,326.16
55,81,30.54,0,315.88
55,81,30.54,0,275.7
55,80,30.54,0,263.67
55,81,30.54,0,262.6
54,82,30.54,0,247.11
54,83,30.54,0,241.48
53,83,30.53,0,264.44
53,84,30.53,0,264.8
53,84,30.53,0,269.53
52,85,30.53,0,257.41
52,86,30.52,0,210.41
51,86,30.52,0,188.29
51,87,30.52,0,196.71
50,86,30.53,0,168.64
50,87,30.53,0,152.93
50,87,30.52,0,116.43
50,88,30.52,0,99.77
49,88,30.52,0,96.78
49,89,30.52,0,97.14
49,90,30.52,0,88.7
49,90,30.52,0,90.27
49,90,30.52,0,88.68
49,90,30.52,0,81.12
48,90,30.52,0,73.81
48,90,30.51,0,68.64
48,89,30.51,0,68.13
48,89,30.51,0,69.99
48,89,30.51,0,62.86
48,89,30.51,0,53.13
48,89,30.51,0,47.99
47,90,30.51,0,48.83
47,91,30.51,0,41.7
47,90,30.51,0,32.98
47,91,30.51,0,26.61
46,91,30.51,0,24.7
46,91,30.51,0,19.05
46,91,30.51,0,16.49
46,91,30.51,0,15.72
46,91,30.51,0,11.25
46,91,30.51,0,6.86
46,90,30.5,0,3.44
46,89,30.51,0,2.24
46,89,30.5,0,1.7
46,88,30.5,0,1.23
46,88,30.49,0,1.22
46,87,30.49,0,1.23
46,87,30.49,0,1.24
46,87,30.49,0,1.25
46,87,30.49,0,1.22
46,88,30.49,0,1.24
46,88,30.48,0,1.24
46,89,30.48,0,1.24
46,89,30.48,0,1.22
46,89,30.48,0,1.24
46,89,30.48,0,1.24
45,89,30.48,0,1.22
45,89,30.48,0,1.24
45,89,30.48,0,1.22
45,89,30.48,0,1.21
45,89,30.47,0,1.24
45,89,30.47,0,1.2
45,90,30.47,0,1.23
45,90,30.47,0,1.25
44,90,30.47,0,1.22
44,89,30.47,0,1.22
44,89,30.47,0,1.23
44,88,30.47,0,1.2
44,88,30.48,0,1.21
44,89,30.47,0,1.23
44,89,30.47,0,1.21
44,88,30.47,0,1.24
44,89,30.47,0,1.24
44,90,30.47,0,1.24
44,90,30.47,0,1.21
44,90,30.47,0,1.26
44,90,30.47,0,1.24
44,89,30.47,0,1.21
44,89,30.47,0,1.26
45,88,30.47,0,1.23
45,88,30.47,0,1.21
45,87,30.47,0,1.21
46,86,30.47,0,1.22
46,85,30.47,0,1.21
47,83,30.47,0,1.21
48,82,30.47,0,1.24
48,82,30.47,0,1.2
47,83,30.47,0,1.24
47,84,30.47,0,1.24
47,84,30.47,0,1.27
46,85,30.47,0,1.23
46,86,30.47,0,1.24
46,87,30.47,0,1.22
46,87,30.47,0,1.21
46,86,30.47,0,1.24
46,87,30.47,0,1.24
46,87,30.46,0,1.26
46,86,30.46,0,1.26
46,86,30.47,0,1.21
46,87,30.47,0,1.24
46,88,30.47,0,1.21
46,88,30.47,0,1.25
46,88,30.47,0,1.23
46,88,30.47,0,1.21
46,88,30.47,0,1.23
46,88,30.47,0,1.27
46,88,30.47,0,1.22
47,87,30.47,0,1.22
47,87,30.47,0,1.26
47,87,30.47,0,1.24
47,86,30.47,0,1.24
47,85,30.47,0,1.25
48,84,30.47,0,1.24
49,83,30.47,0,1.26
49,82,30.47,0,1.22
49,82,30.47,0,1.25
48,83,30.47,0,1.22
48,84,30.47,0,1.26
49,82,30.47,0,1.26
50,81,30.47,0,1.26
49,80,30.47,0,1.27
50,82,30.47,0,1.22
49,82,30.47,0,1.22
47,84,30.47,0,1.24
47,85,30.47,0,1.25
47,86,30.47,0,1.23
46,85,30.47,0,1.23
47,87,30.47,0,1.23
47,87,30.47,0,1.23
47,87,30.47,0,1.23
47,86,30.47,0,1.24
47,86,30.47,0,1.22
48,87,30.47,0,1.23
48,87,30.47,0,1.24
48,86,30.47,0,1.24
48,87,30.47,0,1.25
48,87,30.48,0,1.27
48,89,30.48,0,1.24
48,89,30.47,0,1.21
47,91,30.47,0,1.23
47,91,30.48,0,1.24
47,91,30.48,0,1.21
47,91,30.48,0,1.23
47,91,30.47,0,1.26
47,93,30.47,0,1.25
47,93,30.47,0,1.23
47,93,30.47,0,1.23
46,93,30.46,0,1.22
47,93,30.46,0,1.22
47,92,30.47,0,1.25
46,94,30.47,0,1.21
46,94,30.47,0,1.2
46,95,30.47,0,1.22
46,95,30.47,0,1.28
46,95,30.48,0,1.27
46,94,30.48,0,1.23
46,95,30.48,0,1.25
46,95,30.48,0,1.21
46,95,30.48,0,1.23
46,95,30.48,0,1.22
46,95,30.48,0,1.21
46,95,30.47,0,1.22
46,95,30.47,0,1.22
46,95,30.47,0,1.19
46,96,30.47,0,1.24
46,96,30.47,0,1.22
46,96,30.47,0,1.24
46,96,30.46,0,1.23
45,97,30.46,0,1.21
45,97,30.45,0,1.23
45,98,30.45,0,1.2
45,98,30.45,0,1.22
45,99,30.45,0,1.23
45,99,30.45,0,1.23
45,98,30.45,0,1.24
45,98,30.44,0,1.26
45,97,30.44,0,1.26
46,96,30.44,0,1.25
46,96,30.44,0,1.26
45,99,30.44,0,1.26
45,100,30.44,0,1.24
44,101,30.43,0,1.27
44,101,30.43,0,1.3
44,101,30.43,0,1.24
44,101,30.44,0,1.26
44,101,30.43,0,1.25
44,101,30.43,0,1.24
44,100,30.42,0,1.25
44,100,30.42,0,1.25
45,100,30.43,0,1.27
45,100,30.43,0,1.26
45,99,30.43,0,1.26
46,100,30.42,0,1.23
46,101,30.41,0,1.27
46,102,30.41,0,1.26
46,102,30.42,0,1.26
45,102,30.42,0,1.25
45,102,30.42,0,1.25
45,102,30.42,0,1.27
45,102,30.41,0,1.44
45,102,30.41,0,1.64
45,102,30.41,0,2.65
45,102,30.41,0,3.18
46,102,30.41,0,4.52
46,102,30.41,0,6.5
45,102,30.41,0,6.99
45,102,30.41,0,7.38
45,102,30.41,0,5.73
45,102,30.4,0,10.44
45,102,30.4,0,18.12
45,102,30.4,0,24.47
45,102,30.39,0,36.38
45,102,30.39,0,30.04
45,102,30.4,0,13.15
45,102,30.4,0,14.81
45,102,30.4,0,11.64
45,102,30.4,0,14.69
45,102,30.39,0,19.98
44,102,30.38,0,25.14
44,102,30.38,0,17.4
45,102,30.38,0,21.41
44,101,30.37,0,23.86
45,101,30.37,0,19.69
44,101,30.38,0,15.22
45,101,30.38,0,15.19
45,101,30.38,0,13.78
45,101,30.37,0,13.57
45,101,30.37,0,12.99
45,101,30.37,0,14.33
45,101,30.37,0,11.33
45,101,30.37,0,10.34
45,101,30.38,0,12.7
46,101,30.38,0,13.56
46,101,30.38,0,13.97
46,101,30.38,0,15.09
46,101,30.37,0,16.21
46,101,30.37,0,15.89
46,101,30.37,0,18.93
46,101,30.36,0,22.7
46,101,30.36,0,23.69
46,101,30.36,0,26.61
46,101,30.36,0,21.98
46,101,30.36,0,19.36
46,101,30.37,0,19.7
46,101,30.37,0,22.71
45,100,30.37,0,24.01
46,100,30.37,0,21.47
46,100,30.37,0,46.41
47,100,30.37,0,64.65
46,100,30.37,0,59.58
46,99,30.36,0,52.51
46,99,30.37,0,51.37
47,98,30.37,0,45.49
48,97,30.37,0,88.17
48,97,30.37,0,124.9
48,96,30.37,0,116.37
48,97,30.37,0,131.72
48,97,30.37,0,132.38
48,96,30.37,0,139.5
49,95,30.38,0,48.53
50,93,30.38,0,35.3
51,93,30.37,0,174.28
53,94,30.37,0,116.54
53,95,30.38,0,252.0
52,97,30.38,0,502.75
51,95,30.38,0,435.31
51,97,30.37,0,393.17
51,97,30.37,0,412.56
51,97,30.37,0,348.27
50,98,30.37,0,110.64
50,98,30.37,0,235.28
50,98,30.37,0,332.58
50,98,30.37,0,379.89
49,98,30.37,0,278.12
48,98,30.36,0,439.33
48,98,30.36,0,264.5
47,97,30.35,0,164.08
47,97,30.36,0,99.37
47,97,30.36,0,98.84
47,97,30.36,0,54.74
47,97,30.38,0,26.07
46,98,30.38,0,19.8
46,98,30.39,0,21.61
45,98,30.39,0,29.6
44,98,30.4,0,43.73
43,97,30.41,0,50.08
43,97,30.41,0,28.25
43,98,30.42,0,18.3
44,98,30.42,0,13.38
44,99,30.43,0,16.31
44,100,30.43,0,18.51
44,100,30.43,0,17.88
44,100,30.43,0,24.25
44,100,30.43,0,26.47
44,100,30.43,0,23.0
44,100,30.43,0,16.89
45,100,30.43,0,15.18
45,100,30.43,0,15.49
45,101,30.43,0,15.2
45,101,30.43,0,13.13
45,101,30.43,0,12.15
46,101,30.43,0,11.87
46,101,30.43,0,9.96
46,101,30.43,0,9.92
46,100,30.43,0,9.64
46,100,30.42,0,8.62
46,100,30.41,0,8.06
46,100,30.4,0,8.0
46,100,30.4,0,6.97
46,99,30.4,0,5.92
45,98,30.4,0,5.72
45,99,30.4,0,5.98
45,100,30.4,0,6.5
46,101,30.4,0,5.72
46,101,30.41,0,4.46
46,101,30.4,0,3.25
46,100,30.39,0,3.53
46,100,30.38,0,4.1
46,100,30.38,0,4.81
46,100,30.38,0,2.43
46,100,30.37,0,3.34
46,100,30.37,0,2.17
46,99,30.37,0,2.79
46,99,30.37,0,1.73
46,98,30.37,0,1.91
46,96,30.36,0,2.13
47,94,30.35,0,2.13
47,92,30.35,0,2.09
47,94,30.35,0,1.66
46,95,30.35,0,1.28
46,98,30.34,0,1.47
46,99,30.34,0,1.28
46,99,30.33,0,1.26
46,98,30.33,0,1.27
46,97,30.33,0,1.24
47,94,30.33,0,1.24
48,88,30.33,0,1.27
48,88,30.32,0,1.29
48,88,30.31,0,1.24
48,90,30.29,0,1.26
48,90,30.28,0,1.28
47,90,30.28,0,1.26
47,90,30.29,0,1.27
47,90,30.3,0,1.26
47,89,30.29,0,1.26
46,89,30.31,0,1.25
46,90,30.32,0,1.23
46,91,30.33,0,1.24
47,92,30.33,0,1.27
47,94,30.32,0,1.26
47,95,30.31,0,1.24
47,96,30.31,0,1.26
47,96,30.32,0,1.24
47,96,30.32,0,1.23
47,96,30.32,0,1.26
47,98,30.32,0,1.25
47,100,30.32,0,1.27
46,101,30.32,0,1.27
46,101,30.32,0,1.27
46,100,30.32,0,1.27
46,100,30.32,0,1.24
46,100,30.32,0,1.27
46,100,30.32,0,1.22
46,100,30.31,0,1.27
46,99,30.32,0,1.26
46,99,30.32,0,1.27
46,99,30.32,0,1.25
46,98,30.31,0,1.26
46,98,30.31,0,1.24
47,96,30.31,0,1.29
47,93,30.31,0,1.24
47,94,30.31,0,1.23
46,97,30.31,0,1.28
46,98,30.31,0,1.26
46,98,30.31,0,1.26
46,99,30.32,0,1.28
46,99,30.32,0,1.25
46,99,30.32,0,1.24
46,99,30.31,0,1.25
46,99,30.31,0,1.21
46,99,30.32,0,1.27
46,99,30.32,0,1.25
46,98,30.32,0,1.22
46,97,30.32,0,1.25
47,96,30.32,0,1.25
47,94,30.32,0,1.25
47,91,30.32,0,1.25
47,92,30.32,0,1.26
47,91,30.31,0,1.26
47,92,30.32,0,1.26
48,93,30.32,0,1.25
47,94,30.31,0,1.28
47,94,30.31,0,1.26
47,94,30.32,0,1.25
47,95,30.32,0,1.27
46,96,30.31,0,1.25
46,99,30.31,0,1.26
46,101,30.31,0,1.3
46,101,30.32,0,1.26
47,101,30.32,0,1.25
47,101,30.31,0,1.3
47,101,30.32,0,1.26
47,101,30.32,0,1.23
47,101,30.32,0,1.24
47,101,30.32,0,1.27
47,101,30.31,0,1.24
47,101,30.31,0,1.25
47,101,30.31,0,1.25
47,101,30.31,0,1.22
47,101,30.31,0,1.25
46,101,30.31,0,1.27
46,101,30.31,0,1.27
46,101,30.31,0,1.28
46,101,30.31,0,1.27
46,101,30.31,0,1.25
46,101,30.31,0,1.29
46,101,30.31,0,1.27
46,101,30.31,0,1.26
46,100,30.31,0,1.25
46,100,30.32,0,1.24
46,100,30.32,0,1.26
46,100,30.32,0,1.26
46,100,30.32,0,1.25
47,100,30.32,0,1.24
47,100,30.32,0,1.25
47,99,30.32,0,1.29
47,99,30.32,0,1.25
47,99,30.31,0,1.25
47,98,30.31,0,1.26
47,97,30.31,0,1.25
47,96,30.32,0,1.29
48,94,30.32,0,1.28
48,90,30.31,0,1.25
48,90,30.31,0,1.27
48,90,30.3,0,1.25
48,92,30.31,0,1.27
49,91,30.31,0,1.26
50,89,30.31,0,1.25
50,83,30.31,0,1.28
50,83,30.32,0,1.26
50,83,30.31,0,1.26
49,84,30.31,0,1.25
49,89,30.31,0,1.27
48,91,30.3,0,1.24
47,95,30.31,0,1.28
47,95,30.31,0,1.22
47,95,30.31,0,1.26
47,96,30.31,0,1.28
47,96,30.31,0,1.29
48,95,30.31,0,1.25
49,92,30.31,0,1.28
50,88,30.3,0,1.27
50,87,30.29,0,1.25
49,88,30.29,0,1.26
49,89,30.29,0,1.27
49,90,30.3,0,1.26
48,93,30.31,0,1.23
48,92,30.31,0,1.27
48,91,30.31,0,1.26
48,90,30.31,0,1.25
48,89,30.32,0,1.21
48,88,30.32,0,1.24
49,85,30.31,0,1.24
49,85,30.3,0,1.29
49,90,30.3,0,1.2
49,92,30.3,0,1.19
49,86,30.28,0,1.22
47,99,30.27,0,1.2
47,100,30.28,0,1.22
47,100,30.3,0,1.23
47,100,30.31,0,1.17
47,100,30.29,0,1.26
47,100,30.28,0,1.23
47,100,30.29,0,1.18
47,100,30.28,0,1.21
47,99,30.29,0,1.22
47,99,30.29,0,1.25
47,98,30.29,0,1.25
48,97,30.29,0,1.21
48,96,30.28,0,1.25
48,94,30.28,0,1.23
49,91,30.28,0,1.21
49,89,30.28,0,1.22
49,89,30.28,0,1.23
49,91,30.27,0,1.18
50,95,30.28,0,1.27
50,93,30.28,0,1.26
51,93,30.28,0,1.43
51,93,30.26,0,2.41
51,92,30.26,0,3.22
51,90,30.26,0,3.6
51,89,30.26,0,7.53
51,88,30.26,0,17.37
52,88,30.25,0,26.0
52,87,30.26,0,26.0
53,85,30.25,0,34.93
53,84,30.25,0,39.27
53,83,30.25,0,47.77
53,84,30.25,0,53.67
53,83,30.25,0,75.83
54,82,30.25,0,55.46
54,79,30.25,0,113.98
55,80,30.26,0,71.79
54,77,30.26,0,83.03
54,81,30.25,0,296.03
53,81,30.25,0,175.87
53,82,30.25,0,75.86
53,82,30.25,0,114.06
53,82,30.25,0,84.17
53,83,30.25,0,83.17
54,82,30.25,0,91.97
54,80,30.25,0,67.62
54,79,30.26,0,54.86
55,79,30.25,0,59.29
55,76,30.25,0,70.44
55,80,30.25,0,98.91
55,78,30.25,0,92.88
55,81,30.25,0,113.65
55,80,30.25,0,129.63
56,82,30.25,0,283.57
56,79,30.25,0,175.85
57,77,30.25,0,137.76
58,75,30.25,0,217.99
59,78,30.25,0,832.66
60,70,30.25,0,937.17
60,71,30.25,0,936.21
60,71,30.24,0,953.0
60,69,30.24,0,939.42
60,69,30.24,0,912.96
59,72,30.24,0,947.7
58,74,30.24,0,485.47
59,73,30.24,0,947.15
59,75,30.25,0,968.56
59,75,30.24,0,942.08
59,74,30.25,0,971.68
58,76,30.25,0,1078.24
57,79,30.24,0,1047.87
57,79,30.24,0,791.38
56,79,30.25,0,858.7
56,81,30.25,0,366.17
55,80,30.26,0,222.99
55,81,30.26,0,248.54
55,81,30.26,0,296.11
55,78,30.26,0,241.83
55,76,30.26,0,217.44
55,78,30.26,0,174.8
55,81,30.26,0,168.96
54,80,30.27,0,232.59
54,83,30.27,0,321.69
53,84,30.27,0,254.32
54,84,30.28,0,176.39
54,82,30.28,0,182.3
54,82,30.28,0,204.83
53,82,30.28,0,213.1
53,83,30.28,0,242.47
53,86,30.29,0,196.76
53,84,30.29,0,205.04
53,88,30.29,0,195.26
52,90,30.29,0,298.94
52,90,30.29,0,254.44
51,92,30.3,0,307.53
51,92,30.29,0,135.88
51,92,30.29,0,173.16
51,92,30.3,0,153.28
51,91,30.3,0,129.12
52,88,30.29,0,120.77
52,87,30.3,0,142.93
52,90,30.29,0,232.75
52,89,30.3,0,193.09
52,85,30.3,0,205.36
51,85,30.3,0,262.81
51,87,30.3,0,285.49
50,88,30.3,0,215.33
50,88,30.3,0,354.17
50,88,30.3,0,133.46
50,88,30.3,0,284.73
49,89,30.3,0,169.62
49,89,30.31,0,154.53
49,89,30.3,0,122.42
49,89,30.3,0,152.68
49,89,30.31,0,85.67
49,87,30.3,0,87.05
50,86,30.31,0,123.85
50,85,30.31,0,121.65
50,85,30.3,0,584.4
50,85,30.3,0,623.22
50,86,30.3,0,591.83
49,85,30.3,0,556.59
49,89,30.31,0,576.84
48,89,30.31,0,536.68
47,90,30.31,0,525.4
46,94,30.3,0,508.69
45,96,30.31,0,472.96
45,97,30.31,0,283.68
44,98,30.31,0,52.95
44,98,30.3,0,346.06
44,98,30.3,0,53.17
44,98,30.3,0,72.22
44,98,30.29,0,68.86
44,98,30.29,0,56.03
44,97,30.28,0,102.37
43,96,30.28,0,46.7
43,96,30.28,0,62.72
43,94,30.29,0,90.22
42,93,30.28,0,129.74
42,94,30.28,0,73.71
42,93,30.29,0,72.44
41,93,30.27,0,30.28
40,93,30.27,0,20.28
39,94,30.27,0,18.08
39,93,30.27,0,17.09
39,91,30.27,0,14.45
39,92,30.27,0,12.11
38,89,30.27,0,10.62
38,90,30.27,0,8.5
39,89,30.27,0,6.66
39,88,30.26,0,5.29
39,87,30.27,0,3.89
39,86,30.27,0,2.66
39,87,30.26,0,1.53
39,86,30.27,0,1.19
40,85,30.27,0,1.22
40,86,30.26,0,1.2
40,86,30.26,0,1.19
40,86,30.26,0,1.21
40,87,30.26,0,1.2
39,88,30.26,0,1.2
39,89,30.25,0,1.2
39,89,30.25,0,1.16
39,87,30.25,0,1.17
39,87,30.25,0,1.2
39,87,30.26,0,1.18
40,89,30.25,0,1.19
39,88,30.25,0,1.18
40,87,30.26,0,1.24
40,87,30.24,0,1.19
40,82,30.25,0,1.21
40,82,30.25,0,1.21
40,82,30.25,0,1.23
40,79,30.24,0,1.19
40,75,30.25,0,1.22
40,73,30.25,0,1.22
40,72,30.24,0,1.18
40,68,30.25,0,1.2
40,68,30.25,0,1.2
40,64,30.25,0,1.2
39,64,30.24,0,1.24
40,68,30.25,0,1.17
40,64,30.24,0,1.19
41,64,30.25,0,1.17
42,67,30.25,0,1.17
42,67,30.25,0,1.22
42,70,30.25,0,1.21
41,69,30.24,0,1.19
41,70,30.24,0,1.23
41,71,30.24,0,1.22
42,70,30.24,0,1.17
42,72,30.24,0,1.2
42,69,30.24,0,1.23
43,69,30.25,0,1.17
43,68,30.25,0,1.24
43,67,30.24,0,1.17
43,65,30.24,0,1.22
43,62,30.24,0,1.21
43,62,30.25,0,1.16
44,63,30.24,0,1.2
43,64,30.24,0,1.23
42,67,30.24,0,1.17
42,66,30.25,0,1.21
42,71,30.24,0,1.21
42,68,30.25,0,1.2
42,68,30.24,0,1.2
41,61,30.24,0,1.19
41,60,30.24,0,1.22
40,61,30.24,0,1.17
40,60,30.24,0,1.19
41,60,30.24,0,1.19
41,58,30.24,0,1.22
41,56,30.25,0,1.19
41,57,30.25,0,1.21
41,55,30.25,0,1.24
41,54,30.25,0,1.22
41,53,30.25,0,1.18
41,53,30.25,0,1.21
41,51,30.25,0,1.2
41,48,30.25,0,1.21
41,47,30.25,0,1.19
41,46,30.25,0,1.18
41,46,30.25,0,1.2
41,46,30.25,0,1.21
41,46,30.25,0,1.21
42,45,30.25,0,1.2
42,42,30.25,0,1.21
42,43,30.25,0,1.17
43,43,30.25,0,1.19
43,40,30.25,0,1.24
43,39,30.26,0,1.23
44,38,30.25,0,1.21
45,33,30.25,0,1.2
45,32,30.25,0,1.23
46,34,30.26,0,1.19
46,30,30.26,0,1.2
46,30,30.26,0,1.23
46,30,30.26,0,1.23
47,30,30.26,0,1.21
48,29,30.26,0,1.23
49,26,30.25,0,1.22
49,25,30.25,0,1.23
48,26,30.24,0,1.2
48,26,30.25,0,1.26
48,26,30.25,0,1.26
48,25,30.25,0,1.24
48,26,30.25,0,1.21
48,27,30.25,0,1.22
48,27,30.24,0,1.17
48,27,30.24,0,1.24
48,27,30.24,0,1.24
48,28,30.25,0,1.24
48,27,30.25,0,1.19
48,27,30.25,0,1.25
48,26,30.25,0,1.21
48,26,30.25,0,1.22
47,25,30.25,0,1.23
47,26,30.25,0,1.23
47,26,30.24,0,1.23
47,25,30.24,0,1.23
47,26,30.24,0,1.21
47,26,30.24,0,1.22
47,26,30.24,0,1.23
47,26,30.24,0,1.22
47,26,30.24,0,1.18
47,26,30.24,0,1.21
47,26,30.24,0,1.2
47,26,30.24,0,1.25
47,27,30.24,0,1.21
47,27,30.24,0,1.23
47,27,30.24,0,1.22
47,25,30.24,0,1.24
47,26,30.23,0,1.2
47,26,30.23,0,1.24
47,27,30.23,0,1.22
47,27,30.24,0,1.19
47,26,30.23,0,1.2
47,26,30.24,0,1.23
47,25,30.23,0,1.25
47,27,30.23,0,1.24
47,26,30.23,0,1.22
48,26,30.23,0,1.18
48,25,30.23,0,1.25
48,26,30.23,0,1.23
48,26,30.23,0,1.22
48,25,30.23,0,1.23
48,26,30.23,0,1.21
48,25,30.23,0,1.22
48,26,30.23,0,1.23
48,26,30.22,0,1.21
49,26,30.22,0,1.23
49,26,30.23,0,1.22
49,27,30.23,0,1.24
49,27,30.23,0,1.25
49,27,30.22,0,1.23
49,29,30.23,0,1.23
49,29,30.23,0,1.21
49,27,30.23,0,1.22
49,27,30.23,0,1.25
49,28,30.23,0,1.21
50,27,30.23,0,1.24
50,27,30.23,0,1.25
50,27,30.23,0,1.26
50,29,30.23,0,1.21
50,28,30.23,0,1.78
50,28,30.22,0,2.98
50,31,30.22,0,5.21
50,31,30.22,0,7.17
50,33,30.22,0,9.7
51,33,30.21,0,12.12
51,32,30.21,0,14.37
51,35,30.21,0,30.2
51,35,30.21,0,40.81
52,39,30.2,0,57.54
52,42,30.2,0,77.04
52,42,30.2,0,97.18
53,42,30.2,0,120.14
53,44,30.2,0,143.77
53,46,30.19,0,168.81
54,43,30.2,0,194.57
54,43,30.2,0,222.82
55,43,30.19,0,248.34
55,42,30.2,0,275.75
55,42,30.2,0,301.27
55,42,30.2,0,325.95
55,42,30.2,0,349.18
55,44,30.2,0,369.64
56,44,30.19,0,388.88
56,45,30.19,0,405.81
56,44,30.19,0,425.15
57,43,30.2,0,444.73
57,42,30.19,0,463.32
58,43,30.19,0,483.25
58,44,30.19,0,497.14
58,43,30.19,0,513.86
58,40,30.19,0,533.64
58,41,30.19,0,550.69
58,40,30.19,0,567.17
58,42,30.19,0,582.8
58,43,30.19,0,597.17
58,43,30.19,0,612.71
58,41,30.19,0,628.4
59,44,30.2,0,644.25
59,43,30.19,0,653.45
59,43,30.2,0,672.41
59,43,30.2,0,682.68
59,45,30.2,0,695.15
59,43,30.2,0,709.55
59,42,30.2,0,720.21
59,46,30.2,0,731.09
59,44,30.21,0,740.48
59,44,30.2,0,751.42
59,43,30.2,0,759.51
59,44,30.21,0,769.4
60,42,30.21,0,779.16
60,42,30.22,0,788.41
60,42,30.21,0,798.23
60,41,30.22,0,804.6
60,40,30.22,0,814.53
60,36,30.22,0,822.07
60,33,30.22,0,830.6
60,31,30.22,0,837.91
60,34,30.23,0,843.72
60,31,30.23,0,849.45
61,32,30.23,0,854.26
61,29,30.24,0,859.63
62,32,30.24,0,862.18
61,35,30.25,0,865.21
60,40,30.25,0,867.01
58,47,30.25,0,868.67
55,53,30.25,0,871.98
53,75,30.26,0,864.56
53,77,30.26,0,860.12
52,76,30.26,0,856.63
53,78,30.26,0,855.64
54,70,30.26,0,854.89
53,77,30.26,0,852.07
55,73,30.26,0,853.14
56,59,30.26,0,848.34
56,54,30.26,0,853.15
56,52,30.26,0,844.5
55,57,30.26,0,842.19
55,56,30.26,0,833.09
55,56,30.26,0,829.26
55,54,30.26,0,823.06
55,54,30.26,0,817.73
54,52,30.27,0,809.28
54,60,30.26,0,802.73
55,55,30.27,0,795.71
54,54,30.27,0,788.03
54,52,30.27,0,781.43
53,53,30.27,0,772.0
53,60,30.27,0,762.86
52,61,30.27,0,752.16
51,67,30.27,0,742.83
50,64,30.27,0,733.04
50,69,30.27,0,719.85
49,73,30.28,0,708.11
49,73,30.28,0,695.62
49,75,30.28,0,681.21
48,72,30.28,0,669.8
48,77,30.28,0,654.93
48,77,30.28,0,642.04
48,72,30.28,0,625.0
49,77,30.28,0,610.23
50,65,30.27,0,600.94
50,69,30.27,0,587.41
49,67,30.27,0,570.45
48,77,30.27,0,554.72
47,78,30.27,0,539.06
46,79,30.27,0,521.83
45,84,30.27,0,507.01
44,84,30.27,0,482.26
44,88,30.26,0,460.53
43,84,30.26,0,443.26
42,87,30.26,0,422.36
42,92,30.27,0,408.08
42,93,30.26,0,389.04
41,94,30.26,0,371.65
41,97,30.26,0,354.22
40,98,30.26,0,338.42
40,98,30.26,0,317.93
39,99,30.24,0,298.54
39,98,30.26,0,275.71
39,98,30.25,0,252.97
38,96,30.25,0,24.93
38,94,30.25,0,21.86
39,91,30.25,0,21.32
38,92,30.24,0,20.44
37,94,30.25,0,19.77
37,95,30.23,0,18.87
36,96,30.24,0,17.93
36,96,30.24,0,16.9
36,97,30.24,0,15.16
36,97,30.25,0,13.27
36,97,30.24,0,10.85
36,97,30.24,0,8.23
36,97,30.24,0,6.42
36,97,30.23,0,4.77
36,97,30.24,0,3.28
36,96,30.23,0,1.88
37,95,30.22,0,1.2
37,96,30.23,0,1.2
37,95,30.23,0,1.2
37,92,30.22,0,1.2
37,92,30.23,0,1.22
37,92,30.22,0,1.25
37,90,30.23,0,1.25
37,89,30.21,0,1.23
37,92,30.23,0,1.21
37,92,30.23,0,1.21
37,89,30.22,0,1.24
38,90,30.23,0,1.2
38,90,30.22,0,1.24
38,87,30.22,0,1.25
37,86,30.22,0,1.23
38,86,30.22,0,1.26
38,84,30.21,0,1.26
37,85,30.22,0,1.27
38,85,30.23,0,1.2
38,80,30.22,0,1.25
37,84,30.21,0,1.21
38,88,30.21,0,1.27
37,88,30.21,0,1.23
37,89,30.21,0,1.23
37,93,30.21,0,1.23
36,93,30.2,0,1.23
36,97,30.2,0,1.26
36,100,30.2,0,1.21
35,101,30.21,0,1.2
35,101,30.21,0,1.22
35,102,30.21,0,1.24
35,102,30.2,0,1.2
35,102,30.2,0,1.25
36,102,30.2,0,1.24
36,102,30.21,0,1.2
36,102,30.21,0,1.23
37,103,30.21,0,1.18
37,103,30.21,0,1.22
37,103,30.2,0,1.21
37,103,30.21,0,1.25
37,103,30.2,0,1.22
37,103,30.2,0,1.25
37,103,30.2,0,1.26
37,103,30.2,0,1.24
37,103,30.2,0,1.22
37,103,30.2,0,1.25
37,103,30.2,0,1.2
37,103,30.2,0,1.26
38,103,30.2,0,1.25
38,103,30.2,0,1.23
38,103,30.21,0,1.24
38,103,30.21,0,1.22
38,103,30.21,0,1.24
39,103,30.21,0,1.23
39,103,30.21,0,1.23
39,103,30.21,0,1.24
40,103,30.21,0,1.24
40,103,30.22,0,1.24
41,103,30.22,0,1.24
41,103,30.22,0,1.27
41,103,30.22,0,1.21
41,103,30.22,0,1.16
41,103,30.22,0,1.24
41,103,30.22,0,1.21
41,103,30.22,0,1.24
41,103,30.23,0,1.23
41,103,30.23,0,1.23
41,103,30.23,0,1.24
41,103,30.23,0,1.24
41,103,30.23,0,1.22
41,103,30.23,0,1.21
41,103,30.23,0,1.21
41,103,30.23,0,1.22
42,103,30.23,0,1.2
42,103,30.23,0,1.19
42,103,30.23,0,1.24
42,103,30.23,0,1.24
42,103,30.24,0,1.24
42,103,30.23,0,1.24
42,103,30.24,0,1.24
42,103,30.24,0,1.24
42,103,30.24,0,1.23
42,103,30.24,0,1.22
42,103,30.24,0,1.27
43,103,30.24,0,1.23
43,103,30.24,0,1.24
43,103,30.24,0,1.24
43,103,30.25,0,1.23
44,103,30.25,0,1.21
44,103,30.25,0,1.26
44,103,30.25,0,1.23
44,103,30.25,0,1.25
44,103,30.25,0,1.23
44,103,30.25,0,1.25
44,103,30.25,0,1.24
44,103,30.25,0,1.24
44,103,30.26,0,1.24
44,103,30.26,0,1.25
44,103,30.26,0,1.22
45,103,30.26,0,1.25
45,103,30.26,0,1.21
45,103,30.26,0,1.27
45,103,30.26,0,1.25
45,103,30.26,0,1.24
45,103,30.26,0,1.25
46,103,30.26,0,1.28
46,103,30.26,0,1.25
46,103,30.26,0,1.25
46,103,30.27,0,1.25
46,103,30.26,0,1.25
46,103,30.26,0,1.25
46,103,30.27,0,1.22
46,103,30.27,0,1.21
46,103,30.27,0,1.24
46,103,30.27,0,1.29
46,103,30.27,0,1.27
46,103,30.27,0,1.22
46,103,30.27,0,1.23
46,103,30.27,0,1.24
46,103,30.26,0,1.23
46,103,30.26,0,1.22
46,103,30.26,0,1.25
46,103,30.26,0,1.24
47,103,30.26,0,1.22
47,103,30.26,0,1.27
47,103,30.26,0,1.24
47,103,30.26,0,1.28
47,103,30.26,0,1.25
47,103,30.26,0,1.26
47,103,30.26,0,1.23
47,103,30.26,0,1.29
47,103,30.26,0,1.26
47,103,30.26,0,1.24
47,103,30.26,0,1.29
47,103,30.26,0,1.29
47,103,30.26,0,1.26
47,103,30.25,0,1.27
47,103,30.25,0,1.2
47,103,30.25,0,1.23
47,103,30.25,0,1.29
47,103,30.25,0,1.26
47,103,30.24,0,1.27
47,102,30.24,0,1.27
47,103,30.24,0,1.23
47,102,30.24,0,1.25
47,102,30.24,0,1.26
47,102,30.24,0,1.25
47,102,30.24,0,1.27
47,102,30.24,0,1.24
47,102,30.23,0,1.25
47,102,30.23,0,1.25
47,102,30.23,0,1.25
47,102,30.23,0,1.6
47,102,30.23,0,2.19
47,102,30.23,0,2.4
47,102,30.23,0,3.3
47,102,30.23,0,6.05
48,102,30.23,0,6.84
48,102,30.23,0,6.8
48,102,30.23,0,6.58
48,102,30.23,0,6.22
48,102,30.23,0,6.5
48,102,30.22,0,7.01
48,102,30.22,0,8.37
48,102,30.22,0,11.47
48,102,30.22,0,15.51
48,102,30.22,0,20.53
48,101,30.22,0,35.48
49,101,30.21,0,44.62
49,102,30.21,0,45.11
49,102,30.21,0,60.1
49,101,30.21,0,57.38
49,101,30.21,0,42.8
49,101,30.22,0,38.88
49,101,30.21,0,48.69
49,101,30.22,0,65.84
49,101,30.22,0,48.3
49,101,30.22,0,37.08
49,101,30.21,0,52.33
49,101,30.21,0,37.96
49,101,30.21,0,77.11
49,101,30.21,0,83.79
49,101,30.21,0,79.07
49,101,30.21,0,106.81
49,101,30.21,0,122.86
49,101,30.21,0,131.57
49,101,30.21,0,105.55
49,101,30.21,0,119.9
49,101,30.2,0,109.96
49,100,30.21,0,110.69
49,100,30.2,0,89.88
49,100,30.21,0,124.87
49,100,30.21,0,129.04
49,100,30.21,0,172.91
48,100,30.21,0,173.39
48,99,30.21,0,132.14
49,99,30.21,0,118.25
49,99,30.22,0,95.0
49,98,30.22,0,123.17
49,98,30.22,0,146.09
49,98,30.22,0,318.1
49,99,30.22,0,161.46
49,98,30.22,0,97.49
49,98,30.23,0,122.96
50,97,30.23,0,89.5
50,96,30.23,0,136.8
51,95,30.23,0,110.64
51,92,30.23,0,180.34
52,90,30.23,0,379.86
53,88,30.24,0,449.7
53,88,30.24,0,796.01
53,88,30.24,0,768.65
53,87,30.24,0,490.06
53,89,30.24,0,898.2
53,90,30.24,0,923.21
52,92,30.24,0,537.84
51,91,30.25,0,277.13
52,90,30.25,0,387.36
52,90,30.25,0,1213.55
52,89,30.25,0,1091.83
52,92,30.25,0,1009.44
50,93,30.25,0,759.24
50,94,30.26,0,418.15
50,95,30.26,0,326.61
49,96,30.26,0,209.43
49,96,30.26,0,184.15
49,95,30.27,0,175.14
50,93,30.27,0,102.06
50,93,30.27,0,189.1
51,92,30.27,0,197.43
51,92,30.27,0,542.68
51,91,30.27,0,665.73
51,92,30.27,0,708.76
51,92,30.27,0,694.93
52,90,30.28,0,621.52
53,88,30.28,0,896.64
53,83,30.28,0,1004.2
52,84,30.28,0,576.14
51,89,30.28,0,397.44
50,92,30.28,0,807.01
49,93,30.28,0,819.08
49,94,30.29,0,844.69
48,96,30.29,0,591.17
47,97,30.29,0,413.18
47,98,30.29,0,421.62
46,98,30.29,0,204.24
46,97,30.29,0,192.3
47,96,30.29,0,95.34
47,94,30.29,0,106.57
48,93,30.28,0,274.76
48,91,30.29,0,402.48
49,89,30.28,0,601.08
49,86,30.28,0,546.73
49,83,30.27,0,529.44
49,83,30.27,0,512.52
49,83,30.27,0,497.99
48,83,30.27,0,481.31
48,82,30.27,0,464.99
47,85,30.27,0,446.36
47,87,30.27,0,431.37
45,92,30.27,0,411.78
45,96,30.27,0,391.09
44,97,30.27,0,367.78
44,98,30.27,0,347.83
43,99,30.27,0,329.78
43,99,30.27,0,309.45
42,99,30.28,0,102.99
42,98,30.27,0,103.54
42,96,30.27,0,121.1
42,92,30.27,0,66.18
43,90,30.27,0,40.56
43,85,30.26,0,25.94
43,78,30.26,0,23.08
42,76,30.25,0,22.64
41,73,30.25,0,24.35
41,91,30.24,0,26.75
41,93,30.25,0,25.64
41,84,30.25,0,22.81
41,79,30.25,0,20.21
42,77,30.25,0,16.54
42,68,30.25,0,12.5
39,83,30.25,0,9.89
39,87,30.24,0,7.68
38,92,30.24,0,5.17
38,95,30.25,0,3.27
38,95,30.25,0,1.71
38,95,30.26,0,1.3
37,99,30.25,0,1.28
37,100,30.25,0,1.29
37,100,30.25,0,1.31
37,100,30.26,0,1.26
36,100,30.26,0,1.28
36,99,30.26,0,1.26
36,99,30.26,0,1.26
35,99,30.26,0,1.27
35,98,30.25,0,1.23
35,97,30.25,0,1.28
34,96,30.25,0,1.21
35,95,30.24,0,1.29
35,94,30.24,0,1.27
36,94,30.24,0,1.27
37,92,30.24,0,1.29
38,86,30.25,0,1.25
40,48,30.25,0,1.3
38,57,30.24,0,1.31
37,68,30.24,0,1.31
36,83,30.24,0,1.28
37,93,30.25,0,1.27
38,91,30.25,0,1.29
38,84,30.25,0,1.27
39,77,30.25,0,1.3
39,74,30.24,0,1.29
38,64,30.24,0,1.27
38,66,30.24,0,1.32
38,71,30.24,0,1.27
38,72,30.24,0,1.29
39,74,30.24,0,1.28
39,71,30.25,0,1.33
40,64,30.25,0,1.31
40,58,30.24,0,1.3
39,63,30.24,0,1.3
38,55,30.24,0,1.32
38,57,30.24,0,1.3
37,61,30.24,0,1.28
37,62,30.25,0,1.3
36,64,30.24,0,1.29
37,64,30.24,0,1.3
38,65,30.25,0,1.29
38,66,30.24,0,1.31
38,64,30.25,0,1.28
38,70,30.25,0,1.3
38,71,30.25,0,1.3
38,67,30.25,0,1.28
37,60,30.25,0,1.29
38,62,30.25,0,1.28
38,66,30.25,0,1.3
38,64,30.25,0,1.31
38,59,30.25,0,1.3
38,62,30.25,0,1.28
38,62,30.25,0,1.31
38,63,30.25,0,1.31
37,65,30.26,0,1.29
36,69,30.25,0,1.31
37,71,30.25,0,1.27
37,71,30.26,0,1.31
38,74,30.26,0,1.28
38,76,30.26,0,1.28
39,73,30.26,0,1.31
38,60,30.26,0,1.3
38,64,30.26,0,1.29
37,66,30.25,0,1.32
37,70,30.26,0,1.27
37,75,30.26,0,1.3
37,79,30.27,0,1.31
37,83,30.27,0,1.32
38,83,30.27,0,1.27
40,79,30.27,0,1.28
41,60,30.27,0,1.3
41,53,30.26,0,1.3
42,54,30.26,0,1.31
42,50,30.26,0,1.3
42,46,30.26,0,1.32
42,45,30.26,0,1.33
41,48,30.26,0,1.34
41,51,30.26,0,1.3
41,50,30.26,0,1.3
41,49,30.27,0,1.3
40,50,30.27,0,1.33
40,50,30.27,0,1.31
41,49,30.27,0,1.3
41,47,30.28,0,1.32
40,47,30.28,0,1.29
41,49,30.28,0,1.31
41,47,30.28,0,1.3
41,49,30.28,0,1.3
41,49,30.28,0,1.3
41,47,30.28,0,1.31
41,44,30.28,0,1.32
41,46,30.28,0,1.31
41,49,30.28,0,1.29
42,49,30.28,0,1.3
42,47,30.29,0,1.31
42,46,30.29,0,1.31
42,45,30.29,0,1.31
43,42,30.29,0,1.3
43,42,30.29,0,1.29
43,40,30.29,0,1.3
43,42,30.29,0,1.29
44,40,30.29,0,1.3
44,39,30.29,0,1.29
44,37,30.3,0,1.31
45,37,30.29,0,1.31
46,35,30.29,0,1.31
46,34,30.29,0,1.32
46,33,30.29,0,1.27
46,33,30.29,0,1.3
45,35,30.29,0,1.31
43,36,30.29,0,1.29
42,44,30.29,0,1.25
42,51,30.29,0,1.28
43,50,30.29,0,1.3
44,46,30.29,0,1.3
44,44,30.29,0,1.28
45,44,30.29,0,1.27
44,44,30.28,0,1.28
44,46,30.28,0,1.29
44,43,30.28,0,1.32
44,44,30.28,0,1.28
43,48,30.28,0,1.34
42,51,30.28,0,1.3
42,53,30.28,0,1.31
43,53,30.28,0,1.28
43,54,30.28,0,1.31
43,55,30.29,0,1.28
43,55,30.29,0,1.29
43,54,30.28,0,1.29
43,56,30.28,0,1.29
44,56,30.28,0,1.29
44,56,30.28,0,1.28
45,54,30.28,0,1.29
45,54,30.28,0,1.3
46,53,30.28,0,1.31
46,52,30.27,0,1.28
46,52,30.27,0,1.29
45,54,30.27,0,1.27
45,60,30.27,0,1.28
45,61,30.27,0,1.31
46,63,30.27,0,1.3
46,59,30.27,0,1.31
47,56,30.27,0,1.28
47,54,30.27,0,1.26
47,54,30.27,0,1.27
47,56,30.26,0,1.27
47,63,30.26,0,1.32
47,70,30.27,0,1.3
48,71,30.27,0,1.3
48,69,30.27,0,1.5
48,70,30.26,0,2.65
49,72,30.26,0,4.71
49,84,30.26,0,6.71
49,93,30.26,0,8.79
49,95,30.26,0,10.94
49,96,30.26,0,13.05
49,95,30.26,0,27.57
49,95,30.26,0,36.99
49,94,30.26,0,53.88
50,93,30.26,0,42.63
50,93,30.26,0,89.45
50,93,30.26,0,118.03
50,93,30.26,0,135.43
51,92,30.26,0,168.66
51,91,30.26,0,195.89
51,92,30.26,0,275.74
51,90,30.26,0,91.78
52,90,30.26,0,294.54
52,90,30.26,0,312.11
52,91,30.26,0,355.32
52,89,30.26,0,137.03
53,89,30.26,0,358.49
53,87,30.26,0,373.35
53,82,30.25,0,395.66
54,78,30.26,0,413.46
54,81,30.25,0,435.98
53,84,30.25,0,448.73
53,81,30.25,0,469.48
53,84,30.25,0,491.17
54,86,30.25,0,344.15
54,85,30.25,0,277.88
54,84,30.25,0,539.97
54,83,30.25,0,552.85
54,82,30.26,0,574.27
54,78,30.26,0,583.23
54,81,30.26,0,539.2
54,78,30.26,0,628.13
54,76,30.26,0,628.24
55,79,30.26,0,652.98
54,76,30.26,0,656.92
55,77,30.26,0,670.87
55,70,30.25,0,696.17
55,72,30.26,0,709.59
55,71,30.26,0,721.44
55,73,30.26,0,729.65
55,74,30.26,0,743.69
55,65,30.26,0,751.52
55,68,30.26,0,762.72
55,70,30.26,0,771.97
55,71,30.26,0,778.77
55,61,30.26,0,792.16
55,66,30.27,0,801.01
55,68,30.26,0,807.82
55,69,30.27,0,818.82
55,56,30.27,0,827.13
55,70,30.27,0,827.27
55,65,30.27,0,834.11
54,65,30.27,0,838.35
54,71,30.28,0,836.28
54,73,30.28,0,848.61
54,75,30.28,0,847.04
54,76,30.28,0,847.96
54,73,30.28,0,855.6
54,75,30.29,0,855.01
54,74,30.29,0,854.81
53,74,30.29,0,860.41
53,76,30.29,0,858.72
53,77,30.29,0,858.68
53,76,30.29,0,863.09
53,74,30.29,0,858.24
52,76,30.29,0,857.27
52,76,30.3,0,852.67
52,75,30.3,0,852.77
52,77,30.3,0,847.81
51,80,30.3,0,843.2
51,78,30.3,0,841.57
51,79,30.3,0,836.56
51,78,30.3,0,833.58
51,79,30.3,0,826.84
51,78,30.31,0,822.55
51,80,30.31,0,816.7
50,79,30.31,0,809.15
50,79,30.31,0,802.3
50,79,30.31,0,794.22
50,77,30.31,0,786.5
50,76,30.31,0,776.43
49,76,30.32,0,766.81
49,75,30.32,0,756.39
49,74,30.32,0,745.57
49,72,30.32,0,735.33
48,70,30.32,0,726.03
48,70,30.32,0,712.51
48,70,30.32,0,701.74
47,69,30.32,0,689.45
47,69,30.32,0,676.67
48,67,30.32,0,664.78
48,65,30.32,0,650.92
49,63,30.32,0,637.24
48,59,30.32,0,622.14
48,60,30.32,0,606.9
47,60,30.32,0,591.31
47,60,30.32,0,576.27
46,57,30.32,0,560.04
46,59,30.32,0,543.76
46,59,30.32,0,527.57
46,58,30.32,0,509.44
45,58,30.32,0,491.62
45,57,30.32,0,474.86
45,56,30.32,0,457.67
45,53,30.32,0,439.82
45,51,30.31,0,421.46
45,52,30.31,0,402.66
45,50,30.31,0,384.04
44,49,30.31,0,365.35
43,51,30.31,0,343.71
42,52,30.31,0,320.24
41,52,30.31,0,295.36
40,55,30.31,0,270.02
39,57,30.3,0,243.64
38,58,30.3,0,25.47
39,59,30.3,0,21.96
39,56,30.3,0,21.36
39,56,30.3,0,20.73
39,57,30.3,0,19.93
39,57,30.3,0,19.24
38,56,30.3,0,18.24
38,58,30.3,0,17.25
38,57,30.29,0,15.94
38,58,30.29,0,14.58
38,58,30.29,0,13.0
38,56,30.29,0,11.27
38,54,30.29,0,9.21
39,53,30.29,0,7.1
39,52,30.29,0,5.01
40,54,30.29,0,3.03
40,54,30.29,0,1.76
40,49,30.28,0,1.28
40,50,30.28,0,1.27
40,53,30.28,0,1.24
41,53,30.28,0,1.24
40,51,30.28,0,1.28
39,52,30.28,0,1.25
38,59,30.28,0,1.24
38,61,30.28,0,1.26
38,61,30.28,0,1.25
39,60,30.28,0,1.23
39,56,30.27,0,1.26
38,58,30.27,0,1.27
39,56,30.27,0,1.26
39,56,30.27,0,1.27
39,56,30.27,0,1.23
40,54,30.27,0,1.23
41,54,30.27,0,1.25
42,52,30.27,0,1.24
42,49,30.27,0,1.25
43,46,30.26,0,1.25
42,43,30.26,0,1.29
41,47,30.26,0,1.26
40,53,30.26,0,1.26
39,56,30.26,0,1.25
39,59,30.26,0,1.26
39,58,30.26,0,1.25
39,59,30.26,0,1.23
39,58,30.26,0,1.25
39,57,30.26,0,1.26
40,56,30.26,0,1.26
40,55,30.26,0,1.24
41,54,30.26,0,1.24
42,53,30.26,0,1.25
42,48,30.26,0,1.29
43,47,30.26,0,1.28
43,45,30.26,0,1.27
42,46,30.26,0,1.25
41,52,30.26,0,1.3
40,58,30.26,0,1.25
40,57,30.26,0,1.25
40,58,30.26,0,1.23
39,60,30.26,0,1.26
38,63,30.26,0,1.25
37,66,30.27,0,1.22
37,67,30.27,0,1.22
38,66,30.27,0,1.25
38,63,30.27,0,1.28
38,71,30.27,0,1.26
38,70,30.27,0,1.22
38,68,30.28,0,1.24
38,65,30.28,0,1.27
38,63,30.28,0,1.23
38,63,30.28,0,1.24
38,62,30.28,0,1.26
38,62,30.28,0,1.25
38,64,30.28,0,1.27
39,64,30.28,0,1.24
38,64,30.28,0,1.26
38,66,30.28,0,1.26
38,67,30.29,0,1.25
39,67,30.29,0,1.29
39,64,30.29,0,1.25
39,63,30.29,0,1.26
39,63,30.29,0,1.25
39,64,30.3,0,1.27
39,65,30.3,0,1.25
38,66,30.3,0,1.21
38,65,30.3,0,1.25
38,67,30.3,0,1.24
38,67,30.3,0,1.24
38,70,30.3,0,1.26
37,71,30.3,0,1.23
37,73,30.3,0,1.17
37,77,30.3,0,1.27
38,83,30.3,0,1.22
38,86,30.31,0,1.25
37,86,30.31,0,1.28
37,84,30.31,0,1.23
37,81,30.31,0,1.25
38,83,30.31,0,1.24
38,88,30.31,0,1.24
38,89,30.31,0,1.23
38,86,30.31,0,1.23
39,81,30.31,0,1.21
39,83,30.31,0,1.22
39,88,30.31,0,1.23
39,90,30.32,0,1.27
40,96,30.32,0,1.23
40,99,30.32,0,1.24
40,100,30.32,0,1.23
40,100,30.32,0,1.23
40,99,30.32,0,1.22
40,99,30.32,0,1.25
40,99,30.32,0,1.26
40,99,30.32,0,1.25
40,98,30.32,0,1.25
40,97,30.33,0,1.22
39,96,30.33,0,1.24
39,96,30.33,0,1.25
39,95,30.33,0,1.24
39,93,30.33,0,1.22
39,92,30.33,0,1.21
39,92,30.33,0,1.24
39,92,30.33,0,1.24
39,92,30.33,0,1.23
40,93,30.33,0,1.23
40,93,30.33,0,1.21
40,94,30.33,0,1.24
40,94,30.33,0,1.26
40,94,30.33,0,1.2
40,94,30.33,0,1.21
41,95,30.33,0,1.21
40,95,30.33,0,1.24
40,96,30.32,0,1.2
40,98,30.32,0,1.24
40,99,30.32,0,1.2
40,99,30.32,0,1.22
40,100,30.32,0,1.19
40,100,30.32,0,1.23
41,100,30.32,0,1.22
41,100,30.32,0,1.24
41,100,30.32,0,1.23
41,100,30.32,0,1.22
41,99,30.32,0,1.21
41,99,30.32,0,1.23
41,99,30.32,0,1.2
41,99,30.32,0,1.18
42,99,30.32,0,1.23
42,99,30.32,0,1.31
43,99,30.32,0,1.29
43,99,30.32,0,1.31
44,100,30.32,0,1.32
44,100,30.32,0,1.29
44,99,30.32,0,1.28
44,99,30.32,0,1.31
44,99,30.31,0,1.3
44,99,30.31,0,1.3
45,99,30.31,0,1.32
45,99,30.31,0,1.3
45,99,30.31,0,1.3
45,99,30.31,0,1.33
45,99,30.3,0,1.31
45,99,30.31,0,1.3
45,98,30.31,0,1.3
45,97,30.3,0,1.32
45,95,30.3,0,1.33
46,94,30.3,0,1.29
46,93,30.3,0,1.3
47,92,30.3,0,1.32
48,91,30.3,0,1.69
49,79,30.3,0,2.89
49,73,30.3,0,4.67
49,71,30.29,0,6.69
49,77,30.29,0,8.78
50,84,30.29,0,10.82
50,85,30.29,0,12.78
50,86,30.29,0,27.68
50,91,30.29,0,36.59
50,93,30.29,0,52.28
51,93,30.29,0,70.99
51,93,30.29,0,91.34
51,92,30.29,0,113.23
51,93,30.29,0,136.84
51,93,30.28,0,162.26
51,93,30.29,0,187.48
51,93,30.29,0,213.46
51,94,30.29,0,247.31
50,94,30.28,0,280.47
50,96,30.29,0,280.19
50,96,30.28,0,285.41
50,96,30.28,0,158.35
50,95,30.28,0,133.54
50,95,30.28,0,222.91
50,95,30.28,0,216.32
50,96,30.28,0,190.15
50,95,30.28,0,297.93
51,95,30.28,0,303.46
51,95,30.28,0,208.07
51,94,30.28,0,213.6
51,94,30.28,0,470.47
51,94,30.28,0,319.6
51,93,30.28,0,744.41
51,94,30.28,0,288.99
50,96,30.28,0,447.2
50,96,30.28,0,307.26
50,96,30.28,0,231.52
50,95,30.28,0,284.53
51,96,30.28,0,266.17
50,96,30.28,0,216.29
50,95,30.28,0,233.65
51,96,30.28,0,527.93
51,95,30.28,0,286.22
51,94,30.28,0,312.64
52,94,30.28,0,479.45
52,94,30.28,0,383.61
52,92,30.28,0,679.35
52,92,30.28,0,682.72
52,93,30.28,0,958.67
52,91,30.28,0,317.02
52,91,30.28,0,1043.97
52,92,30.28,0,474.23
52,91,30.28,0,916.04
51,90,30.28,0,950.18
52,91,30.28,0,480.41
52,89,30.29,0,916.62
52,89,30.28,0,626.55
53,89,30.29,0,825.88
52,88,30.29,0,825.51
53,88,30.29,0,837.38
53,90,30.29,0,837.48
53,89,30.29,0,841.12
53,88,30.29,0,845.77
53,87,30.29,0,846.09
53,88,30.3,0,850.48
52,86,30.29,0,853.48
52,86,30.3,0,853.38
52,85,30.3,0,855.26
52,87,30.3,0,852.42
52,88,30.3,0,853.28
52,88,30.3,0,853.16
52,86,30.3,0,852.35
52,87,30.31,0,848.95
52,89,30.3,0,846.85
51,89,30.3,0,845.83
51,88,30.31,0,843.1
51,89,30.31,0,841.26
51,87,30.31,0,834.88
51,86,30.31,0,829.98
51,85,30.31,0,823.98
51,84,30.32,0,819.03
51,87,30.32,0,816.77
51,86,30.32,0,809.87
50,85,30.33,0,801.81
50,87,30.32,0,795.69
50,86,30.32,0,787.15
50,87,30.33,0,779.16
50,84,30.32,0,772.15
50,85,30.33,0,763.72
50,84,30.32,0,754.81
50,81,30.32,0,744.62
50,80,30.32,0,733.65
50,79,30.33,0,723.93
50,81,30.33,0,711.35
49,81,30.33,0,698.56
49,82,30.33,0,685.93
49,84,30.33,0,671.35
48,82,30.33,0,658.63
49,84,30.33,0,644.29
49,82,30.33,0,630.6
49,82,30.33,0,616.3
48,85,30.33,0,601.22
48,84,30.33,0,586.46
48,83,30.32,0,570.51
48,80,30.33,0,555.35
48,81,30.32,0,538.14
48,82,30.32,0,520.84
47,81,30.32,0,508.04
47,79,30.32,0,490.91
47,78,30.32,0,471.12
46,78,30.32,0,452.24
46,78,30.32,0,436.24
46,78,30.32,0,418.62
45,78,30.32,0,399.24
45,79,30.32,0,379.47
45,79,30.32,0,361.72
44,79,30.32,0,339.31
44,77,30.31,0,317.43
45,74,30.31,0,291.79
45,72,30.31,0,266.33
44,73,30.31,0,239.34
43,74,30.31,0,25.47
43,75,30.31,0,21.96
43,74,30.31,0,21.4
43,76,30.3,0,20.71
42,77,30.31,0,20.0
42,76,30.3,0,19.15
42,75,30.3,0,18.31
42,77,30.3,0,17.21
42,77,30.3,0,15.97
41,77,30.3,0,14.62
41,79,30.3,0,13.06
40,82,30.3,0,11.26
40,82,30.3,0,9.23
40,82,30.3,0,7.21
41,80,30.3,0,4.89
41,80,30.3,0,3.1
41,80,30.29,0,1.8
40,83,30.29,0,1.3
40,85,30.29,0,1.28
40,85,30.29,0,1.31
40,85,30.29,0,1.31
41,84,30.29,0,1.29
41,83,30.29,0,1.32
41,84,30.29,0,1.32
41,85,30.29,0,1.27
43,77,30.29,0,1.28
44,73,30.28,0,1.28
43,72,30.28,0,1.33
43,73,30.28,0,1.32
43,74,30.28,0,1.31
43,74,30.28,0,1.31
43,74,30.28,0,1.3
42,75,30.28,0,1.31
43,75,30.28,0,1.3
43,74,30.27,0,1.31
43,74,30.27,0,1.3
43,73,30.28,0,1.33
42,77,30.28,0,1.32
42,77,30.28,0,1.27
42,77,30.28,0,1.32
43,75,30.28,0,1.29
44,73,30.28,0,1.3
44,72,30.28,0,1.3
43,73,30.28,0,1.29
43,74,30.28,0,1.3
43,75,30.28,0,1.31
43,74,30.28,0,1.29
43,74,30.28,0,1.29
44,74,30.28,0,1.3
44,71,30.28,0,1.32
44,70,30.28,0,1.32
44,71,30.28,0,1.31
44,71,30.28,0,1.3
44,73,30.28,0,1.31
43,74,30.28,0,1.32
43,74,30.28,0,1.3
43,73,30.28,0,1.31
43,74,30.29,0,1.3
44,73,30.29,0,1.34
44,71,30.29,0,1.3
44,69,30.29,0,1.32
44,70,30.29,0,1.33
43,71,30.29,0,1.29
43,75,30.29,0,1.31
43,77,30.29,0,1.34
43,77,30.3,0,1.33
42,79,30.3,0,1.31
42,83,30.3,0,1.3
42,89,30.3,0,1.29
43,91,30.3,0,1.28
43,91,30.31,0,1.29
43,93,30.31,0,1.33
43,95,30.31,0,1.35
43,96,30.31,0,1.29
43,97,30.31,0,1.33
43,98,30.31,0,1.29
43,99,30.31,0,1.31
43,99,30.32,0,1.34
43,99,30.32,0,1.3
43,99,30.32,0,1.34
43,99,30.32,0,1.29
43,99,30.32,0,1.29
43,99,30.32,0,1.3
43,99,30.32,0,1.31
43,99,30.32,0,1.31
43,99,30.32,0,1.29
43,99,30.32,0,1.3
43,99,30.32,0,1.31
43,99,30.32,0,1.3
43,99,30.32,0,1.32
43,99,30.32,0,1.29
43,99,30.32,0,1.32
43,99,30.32,0,1.33
44,99,30.32,0,1.31
43,99,30.32,0,1.31
43,99,30.33,0,1.32
43,98,30.33,0,1.3
43,98,30.33,0,1.3
43,97,30.33,0,1.33
43,97,30.33,0,1.29
44,97,30.33,0,1.33
44,97,30.33,0,1.3
44,97,30.33,0,1.31
44,97,30.33,0,1.29
44,97,30.33,0,1.3
44,98,30.33,0,1.3
44,98,30.34,0,1.28
45,99,30.34,0,1.32
45,99,30.34,0,1.31
45,99,30.34,0,1.31
45,99,30.35,0,1.31
45,99,30.35,0,1.32
45,99,30.35,0,1.3
45,100,30.35,0,1.29
44,100,30.35,0,1.28
45,101,30.35,0,1.3
45,101,30.35,0,1.33
45,101,30.35,0,1.25
45,101,30.35,0,1.26
45,101,30.35,0,1.29
45,101,30.35,0,1.28
45,102,30.34,0,1.3
45,102,30.34,0,1.31
46,102,30.34,0,1.31
46,102,30.34,0,1.31
46,102,30.34,0,1.32
46,102,30.34,0,1.33
46,102,30.34,0,1.32
46,102,30.35,0,1.34
46,102,30.35,0,1.28
46,102,30.35,0,1.32
46,102,30.34,0,1.33
46,102,30.35,0,1.34
46,102,30.35,0,1.31
46,102,30.35,0,1.31
46,102,30.35,0,1.31
47,102,30.35,0,1.34
47,102,30.34,0,1.29
47,102,30.34,0,1.31
47,102,30.34,0,1.34
48,102,30.34,0,1.31
48,102,30.34,0,1.33
48,102,30.34,0,1.31
48,102,30.34,0,1.34
48,102,30.34,0,1.31
48,102,30.34,0,1.34
48,102,30.34,0,1.33
48,102,30.34,0,1.32
48,102,30.34,0,1.29
48,102,30.34,0,1.3
48,102,30.34,0,1.33
48,102,30.34,0,1.32
48,102,30.34,0,1.3
48,102,30.34,0,1.33
48,102,30.33,0,1.32
48,102,30.33,0,1.33
48,102,30.34,0,1.34
48,102,30.33,0,1.34
48,102,30.33,0,1.32
48,102,30.33,0,1.31
48,102,30.33,0,1.29
48,102,30.33,0,1.3
48,101,30.32,0,1.32
48,101,30.32,0,1.35
49,101,30.31,0,1.32
49,101,30.31,0,1.31
49,101,30.32,0,1.34
49,101,30.32,0,1.58
49,101,30.32,0,2.57
49,101,30.32,0,4.18
49,101,30.32,0,5.6
49,101,30.32,0,8.1
49,101,30.32,0,10.33
49,101,30.32,0,15.4
49,102,30.31,0,22.27
49,102,30.31,0,25.26
49,102,30.31,0,37.64
49,102,30.31,0,52.19
50,102,30.31,0,63.37
50,102,30.31,0,121.9
50,102,30.31,0,204.31
50,102,30.31,0,112.23
51,102,30.31,0,65.81
51,102,30.31,0,147.7
50,102,30.3,0,96.34
50,102,30.3,0,61.83
50,102,30.31,0,81.53
51,102,30.31,0,50.9
51,102,30.31,0,79.5
51,102,30.31,0,180.38
51,102,30.31,0,174.5
51,102,30.31,0,146.94
51,102,30.31,0,166.02
50,102,30.31,0,107.99
51,102,30.31,0,96.52
51,102,30.31,0,100.89
51,102,30.31,0,133.81
51,102,30.31,0,113.82
51,102,30.31,0,214.56
51,102,30.31,0,149.38
51,102,30.31,0,152.78
51,102,30.31,0,239.6
51,102,30.31,0,171.59
51,102,30.31,0,66.15
51,102,30.31,0,16.9
50,102,30.31,0,13.9
51,102,30.31,0,11.35
51,102,30.31,0,10.02
51,102,30.31,0,12.29
51,102,30.31,0,9.09
51,102,30.31,0,14.08
51,102,30.3,0,34.3
51,102,30.3,0,67.37
52,102,30.3,0,92.15
52,102,30.31,0,82.08
52,102,30.31,0,100.87
52,102,30.31,0,113.35
52,102,30.31,0,182.9
52,102,30.32,0,117.8
52,102,30.32,0,136.94
52,102,30.32,0,191.48
52,101,30.32,0,283.09
53,102,30.32,0,261.85
53,102,30.33,0,188.52
52,102,30.33,0,146.17
52,102,30.33,0,193.17
52,101,30.33,0,530.41
51,101,30.33,0,179.6
51,101,30.33,0,118.35
51,101,30.34,0,134.67
51,101,30.34,0,135.61
51,101,30.34,0,204.67
51,101,30.35,0,181.66
51,101,30.35,0,161.72
51,101,30.35,0,155.57
51,100,30.35,0,153.92
51,100,30.35,0,179.78
51,100,30.36,0,160.91
52,100,30.36,0,149.36
52,99,30.36,0,133.78
52,99,30.36,0,76.22
53,98,30.36,0,70.73
53,97,30.36,0,116.21
54,96,30.37,0,136.51
54,94,30.37,0,208.27
54,94,30.37,0,165.42
54,93,30.37,0,228.24
54,92,30.37,0,276.5
55,94,30.37,0,311.14
55,92,30.37,0,507.45
55,92,30.37,0,508.8
54,91,30.38,0,405.33
54,92,30.37,0,737.24
54,92,30.37,0,682.76
54,91,30.38,0,253.89
54,92,30.38,0,245.57
54,91,30.38,0,312.2
54,91,30.38,0,511.61
54,91,30.38,0,338.03
54,90,30.38,0,358.09
54,92,30.38,0,366.16
54,95,30.39,0,328.55
53,95,30.39,0,399.78
52,97,30.39,0,387.13
52,99,30.4,0,433.94
51,100,30.39,0,616.39
50,100,30.39,0,536.4
50,100,30.39,0,365.22
50,100,30.4,0,263.6
50,100,30.4,0,297.12
49,99,30.4,0,89.03
49,99,30.39,0,48.78
49,99,30.39,0,55.95
49,99,30.39,0,59.46
49,99,30.39,0,90.41
49,99,30.39,0,102.43
49,99,30.39,0,125.31
49,99,30.39,0,139.47
49,99,30.39,0,144.79
49,99,30.38,0,137.98
49,98,30.38,0,94.19
49,97,30.38,0,130.31
49,96,30.38,0,106.33
49,96,30.38,0,114.61
49,96,30.38,0,68.18
49,96,30.38,0,60.3
49,96,30.38,0,70.66
49,96,30.37,0,87.27
49,95,30.37,0,72.4
48,96,30.37,0,49.94
48,96,30.37,0,51.82
47,97,30.37,0,54.93
47,97,30.37,0,55.55
47,97,30.37,0,51.39
47,97,30.37,0,45.2
47,96,30.36,0,39.86
47,96,30.36,0,29.33
47,96,30.36,0,17.65
47,95,30.36,0,8.81
47,95,30.36,0,5.22
47,95,30.36,0,4.08
48,94,30.36,0,4.9
48,93,30.36,0,6.62
48,93,30.36,0,5.57
48,93,30.36,0,1.32
49,93,30.36,0,1.3
48,94,30.36,0,1.34
48,94,30.36,0,1.33
47,93,30.36,0,1.26
47,94,30.36,0,1.29
48,94,30.35,0,1.27
48,94,30.35,0,1.31
48,94,30.36,0,1.34
48,94,30.36,0,1.3
48,95,30.35,0,1.25
48,95,30.35,0,1.32
48,96,30.35,0,1.31
48,96,30.35,0,1.33
48,95,30.35,0,1.31
49,95,30.35,0,1.28
49,94,30.35,0,1.3
49,92,30.36,0,1.31
49,92,30.35,0,1.32
49,92,30.36,0,1.34
49,92,30.36,0,1.32
49,94,30.36,0,1.3
48,93,30.36,0,1.3
48,94,30.35,0,1.34
48,96,30.35,0,1.3
48,98,30.35,0,1.32
47,99,30.35,0,1.3
48,99,30.36,0,1.31
48,98,30.36,0,1.28
48,98,30.36,0,1.29
48,97,30.35,0,1.28
48,96,30.35,0,1.28
48,95,30.35,0,1.29
47,95,30.35,0,1.34
47,96,30.34,0,1.29
48,96,30.35,0,1.29
48,96,30.35,0,1.31
48,97,30.36,0,1.28
48,97,30.36,0,1.28
48,98,30.36,0,1.3
49,98,30.36,0,1.28
49,98,30.36,0,1.29
49,98,30.36,0,1.28
49,98,30.36,0,1.3
49,98,30.36,0,1.3
48,98,30.36,0,1.29
48,97,30.36,0,1.25
48,96,30.36,0,1.31
48,95,30.36,0,1.27
48,95,30.36,0,1.3
48,95,30.36,0,1.31
48,94,30.36,0,1.3
48,95,30.36,0,1.32
48,96,30.36,0,1.3
48,97,30.36,0,1.31
47,97,30.37,0,1.3
47,97,30.37,0,1.28
47,97,30.37,0,1.28
47,97,30.36,0,1.31
47,97,30.36,0,1.29
47,97,30.37,0,1.33
47,97,30.36,0,1.31
47,97,30.37,0,1.29
46,97,30.37,0,1.29
46,97,30.37,0,1.3
46,97,30.37,0,1.29
46,97,30.37,0,1.28
46,97,30.38,0,1.29
46,98,30.38,0,1.29
46,98,30.38,0,1.27
46,98,30.38,0,1.3
46,98,30.38,0,1.28
46,98,30.38,0,1.3
46,98,30.38,0,1.3
46,98,30.38,0,1.3
46,98,30.37,0,1.29
46,98,30.37,0,1.28
46,98,30.37,0,1.29
46,98,30.37,0,1.29
46,98,30.38,0,1.28
46,97,30.38,0,1.26
46,97,30.38,0,1.28
47,97,30.38,0,1.3
47,97,30.38,0,1.28
48,98,30.39,0,1.27
48,98,30.39,0,1.27
48,97,30.39,0,1.31
49,98,30.39,0,1.29
49,97,30.39,0,1.3
49,95,30.39,0,1.29
49,93,30.39,0,1.31
49,91,30.39,0,1.29
49,92,30.39,0,1.28
49,90,30.39,0,1.29
49,89,30.39,0,1.3
48,89,30.39,0,1.32
48,89,30.39,0,1.32
49,89,30.39,0,1.29
49,89,30.39,0,1.32
49,90,30.39,0,1.31
48,92,30.39,0,1.28
47,97,30.39,0,1.3
47,100,30.4,0,1.28
47,101,30.4,0,1.26
48,102,30.4,0,1.25
47,102,30.4,0,1.27
47,102,30.4,0,1.31
46,101,30.4,0,1.29
46,101,30.4,0,1.29
46,101,30.4,0,1.26
47,101,30.4,0,1.26
47,101,30.4,0,1.29
47,102,30.39,0,1.28
48,102,30.39,0,1.28
48,102,30.4,0,1.29
48,102,30.4,0,1.29
48,102,30.4,0,1.28
48,102,30.4,0,1.27
48,102,30.4,0,1.3
48,101,30.4,0,1.32
48,101,30.39,0,1.3
48,101,30.39,0,1.28
49,101,30.39,0,1.31
49,101,30.39,0,1.33
49,102,30.39,0,1.3
49,101,30.39,0,1.29
49,101,30.39,0,1.29
49,101,30.39,0,1.27
49,101,30.39,0,1.28
49,101,30.39,0,1.28
49,101,30.39,0,1.31
49,101,30.39,0,1.26
49,101,30.39,0,1.27
49,100,30.39,0,1.3
49,100,30.39,0,1.27
50,100,30.38,0,1.28
50,101,30.38,0,1.27
49,101,30.38,0,1.32
49,101,30.38,0,1.26
49,101,30.38,0,1.29
50,101,30.38,0,1.27
50,102,30.38,0,1.28
50,102,30.38,0,1.33
50,102,30.38,0,1.3
51,102,30.38,0,1.31
51,101,30.38,0,1.31
51,102,30.38,0,1.32
51,101,30.39,0,1.31
51,102,30.39,0,1.3
51,102,30.38,0,1.3
51,102,30.38,0,1.3
51,102,30.38,0,1.31
51,102,30.38,0,1.62
51,102,30.38,0,2.34
51,102,30.37,0,3.18
51,102,30.37,0,4.06
52,102,30.37,0,6.45
52,102,30.38,0,9.77
52,102,30.37,0,14.4
52,102,30.37,0,17.11
52,101,30.37,0,10.27
52,101,30.37,0,27.14
52,101,30.36,0,18.56
52,101,30.36,0,20.14
52,101,30.36,0,27.04
52,101,30.36,0,32.2
52,101,30.36,0,50.88
52,101,30.36,0,78.87
53,101,30.36,0,73.86
53,101,30.36,0,60.77
53,101,30.36,0,101.38
53,101,30.36,0,102.3
53,101,30.36,0,92.1
53,101,30.36,0,139.83
53,101,30.36,0,226.04
53,101,30.36,0,126.75
53,100,30.36,0,100.12
53,100,30.36,0,83.41
53,101,30.36,0,86.39
53,100,30.36,0,120.43
54,101,30.36,0,92.59
54,100,30.36,0,109.81
54,100,30.36,0,131.15
54,101,30.36,0,237.1
54,101,30.36,0,412.94
54,101,30.36,0,265.9
54,101,30.36,0,241.43
53,101,30.36,0,166.44
53,101,30.35,0,203.33
54,101,30.35,0,172.72
53,101,30.36,0,174.72
54,101,30.36,0,212.44
53,101,30.36,0,187.04
54,100,30.36,0,170.37
53,100,30.36,0,132.99
54,100,30.36,0,200.61
54,100,30.36,0,146.84
54,99,30.36,0,186.45
54,99,30.36,0,205.32
54,100,30.36,0,217.59
54,100,30.36,0,187.06
54,100,30.36,0,373.89
54,99,30.37,0,454.56
54,100,30.37,0,163.36
54,100,30.37,0,279.01
54,101,30.37,0,239.06
54,101,30.37,0,525.95
53,101,30.37,0,271.29
53,101,30.37,0,311.5
53,100,30.38,0,214.78
53,100,30.38,0,134.4
53,100,30.38,0,177.57
53,100,30.39,0,205.57
53,100,30.39,0,187.84
54,100,30.39,0,170.71
53,100,30.39,0,167.94
53,100,30.39,0,138.09
53,100,30.39,0,214.15
53,100,30.39,0,89.79
53,99,30.39,0,147.07
54,99,30.4,0,101.5
54,98,30.4,0,170.63
54,97,30.4,0,290.33
54,98,30.4,0,309.53
54,98,30.41,0,175.5
54,98,30.41,0,382.77
54,98,30.41,0,332.64
54,98,30.41,0,586.66
54,98,30.41,0,334.75
54,99,30.42,0,271.23
53,98,30.41,0,325.42
53,98,30.42,0,462.48
54,98,30.42,0,200.37
54,98,30.42,0,570.35
54,98,30.42,0,302.64
54,98,30.42,0,327.36
54,98,30.42,0,587.37
53,97,30.43,0,800.98
53,96,30.43,0,438.29
53,97,30.43,0,850.94
52,97,30.43,0,1010.05
52,98,30.43,0,279.14
52,99,30.43,0,348.33
52,99,30.43,0,248.81
52,99,30.43,0,564.15
52,98,30.43,0,298.14
53,99,30.43,0,181.45
53,99,30.43,0,369.87
52,98,30.43,0,717.22
52,99,30.43,0,748.62
52,99,30.43,0,446.83
52,98,30.43,0,469.9
52,98,30.42,0,394.5
51,99,30.43,0,661.01
51,99,30.42,0,565.75
51,99,30.42,0,533.23
50,98,30.42,0,524.71
51,98,30.42,0,417.95
51,97,30.42,0,432.44
52,97,30.42,0,432.17
52,96,30.42,0,444.31
52,96,30.42,0,392.96
51,99,30.42,0,420.49
51,98,30.42,0,473.54
50,98,30.41,0,466.21
49,96,30.41,0,304.87
49,98,30.41,0,173.84
48,99,30.41,0,374.14
48,99,30.41,0,229.57
47,99,30.41,0,236.74
46,99,30.41,0,187.32
46,99,30.41,0,112.66
46,99,30.41,0,93.54
45,99,30.41,0,59.17
45,99,30.41,0,61.69
45,99,30.41,0,56.93
45,99,30.4,0,50.41
45,99,30.4,0,53.55
45,98,30.4,0,49.58
45,98,30.4,0,36.11
44,98,30.4,0,25.29
44,98,30.39,0,21.65
45,98,30.39,0,14.64
45,98,30.39,0,10.82
45,98,30.4,0,7.13
45,98,30.4,0,4.43
45,98,30.4,0,3.18
45,98,30.39,0,2.09
45,98,30.39,0,1.32
45,97,30.39,0,1.29
45,98,30.39,0,1.27
45,98,30.39,0,1.29
45,97,30.39,0,1.25
45,98,30.39,0,1.3
45,98,30.39,0,1.28
45,98,30.39,0,1.26
45,99,30.39,0,1.28
45,99,30.39,0,1.3
45,99,30.39,0,1.28
45,99,30.39,0,1.24
45,99,30.39,0,1.29
45,100,30.39,0,1.28
45,100,30.38,0,1.28
45,100,30.38,0,1.27
45,100,30.38,0,1.25
45,100,30.39,0,1.28
45,100,30.39,0,1.28
45,99,30.39,0,1.29
46,99,30.39,0,1.29
46,99,30.38,0,1.26
46,99,30.38,0,1.28
46,99,30.39,0,1.27
46,99,30.39,0,1.27
46,98,30.39,0,1.27
46,98,30.39,0,1.27
47,98,30.39,0,1.28
47,98,30.39,0,1.28
47,98,30.39,0,1.28
47,98,30.38,0,1.29
47,98,30.39,0,1.24
48,98,30.39,0,1.25
48,97,30.39,0,1.29
48,98,30.39,0,1.27
48,98,30.38,0,1.29
48,98,30.38,0,1.31
48,99,30.39,0,1.28
48,99,30.39,0,1.29
48,98,30.39,0,1.28
48,98,30.39,0,1.29
48,98,30.39,0,1.31
48,98,30.39,0,1.27
49,99,30.39,0,1.3
49,100,30.39,0,1.33
48,100,30.39,0,1.29
48,101,30.39,0,1.29
48,101,30.39,0,1.3
48,101,30.39,0,1.29
48,101,30.39,0,1.28
48,101,30.39,0,1.28
48,101,30.39,0,1.27
48,101,30.4,0,1.27
48,101,30.4,0,1.32
48,101,30.4,0,1.27
48,101,30.4,0,1.29
48,101,30.4,0,1.31
48,102,30.41,0,1.27
48,102,30.41,0,1.28
48,102,30.41,0,1.28
48,102,30.41,0,1.28
48,102,30.41,0,1.29
48,102,30.41,0,1.28
48,102,30.41,0,1.28
48,102,30.42,0,1.28
48,102,30.42,0,1.28
48,102,30.42,0,1.27
48,102,30.42,0,1.29
48,102,30.42,0,1.26
48,102,30.43,0,1.29
48,102,30.43,0,1.25
48,102,30.43,0,1.3
48,102,30.43,0,1.3
48,102,30.43,0,1.27
48,102,30.43,0,1.28
48,102,30.43,0,1.28
48,102,30.43,0,1.29
48,102,30.43,0,1.31
49,102,30.42,0,1.26
49,102,30.43,0,1.26
49,102,30.43,0,1.3
49,102,30.43,0,1.29
49,102,30.43,0,1.3
49,102,30.43,0,1.29
49,102,30.43,0,1.3
49,102,30.43,0,1.29
49,102,30.43,0,1.3
49,102,30.43,0,1.27
49,102,30.43,0,1.3
48,102,30.43,0,1.31
48,102,30.43,0,1.31
48,102,30.43,0,1.29
48,102,30.43,0,1.28
48,102,30.43,0,1.29
48,102,30.42,0,1.28
48,102,30.42,0,1.3
48,102,30.42,0,1.28
48,102,30.42,0,1.28
48,102,30.42,0,1.3
48,102,30.42,0,1.29
48,102,30.43,0,1.28
48,102,30.43,0,1.26
48,102,30.43,0,1.28
48,102,30.42,0,1.29
48,102,30.43,0,1.31
48,102,30.43,0,1.31
48,102,30.42,0,1.29
48,102,30.43,0,1.31
48,102,30.43,0,1.29
48,102,30.43,0,1.3
48,102,30.42,0,1.27
48,102,30.42,0,1.28
48,102,30.42,0,1.28
48,102,30.42,0,1.28
48,102,30.43,0,1.3
49,102,30.43,0,1.3
49,102,30.43,0,1.31
49,102,30.42,0,1.29
49,102,30.42,0,1.28
49,102,30.42,0,1.27
49,102,30.42,0,1.28
49,102,30.42,0,1.28
49,102,30.42,0,1.3
49,102,30.42,0,1.3
49,102,30.42,0,1.3
49,102,30.42,0,1.29
49,102,30.42,0,1.28
49,102,30.42,0,1.32
49,102,30.42,0,1.27
49,102,30.41,0,1.28
49,102,30.41,0,1.28
49,102,30.41,0,1.3
49,102,30.41,0,1.26
49,102,30.41,0,1.28
49,102,30.41,0,1.28
49,102,30.41,0,1.26
49,102,30.4,0,1.29
49,102,30.4,0,1.28
49,102,30.4,0,1.25
49,102,30.4,0,1.32
49,102,30.4,0,1.3
49,102,30.4,0,1.29
50,102,30.4,0,1.3
50,102,30.4,0,1.29
50,102,30.4,0,1.28
50,102,30.4,0,1.32
50,102,30.39,0,1.31
50,102,30.39,0,1.28
50,102,30.39,0,1.31
50,102,30.39,0,1.31
49,102,30.39,0,1.28
49,102,30.39,0,1.31
49,102,30.39,0,1.3
49,102,30.39,0,1.3
49,102,30.39,0,1.29
49,102,30.39,0,1.33
50,102,30.39,0,2.22
50,102,30.38,0,3.03
50,102,30.38,0,3.53
50,102,30.38,0,4.05
50,102,30.38,0,4.32
50,102,30.38,0,5.41
50,102,30.38,0,6.63
50,102,30.38,0,9.19
50,102,30.38,0,12.11
50,102,30.37,0,14.63
50,102,30.37,0,17.71
50,102,30.37,0,21.19
50,102,30.37,0,20.25
50,102,30.37,0,16.29
50,102,30.37,0,23.17
50,102,30.37,0,32.46
50,102,30.36,0,45.78
50,102,30.36,0,45.85
50,102,30.36,0,39.24
50,102,30.36,0,40.0
50,102,30.37,0,35.2
50,101,30.36,0,46.51
50,101,30.36,0,52.56
50,101,30.36,0,31.61
50,101,30.36,0,27.45
50,101,30.36,0,33.31
50,101,30.36,0,38.13
50,101,30.36,0,35.39
50,101,30.36,0,31.29
50,101,30.36,0,28.77
50,101,30.36,0,23.38
51,101,30.36,0,27.22
51,101,30.36,0,31.75
51,101,30.36,0,35.05
51,101,30.36,0,32.32
51,101,30.36,0,46.43
51,101,30.36,0,47.57
51,101,30.36,0,34.86
51,101,30.36,0,39.11
51,100,30.36,0,32.9
51,100,30.36,0,41.37
51,100,30.36,0,43.17
52,100,30.36,0,84.41
52,100,30.36,0,90.83
52,100,30.36,0,68.63
52,99,30.36,0,54.51
52,99,30.36,0,62.87
53,99,30.36,0,88.55
53,99,30.36,0,86.02
53,99,30.36,0,176.86
53,99,30.36,0,203.38
53,98,30.36,0,279.41
53,98,30.37,0,194.45
53,98,30.37,0,177.55
53,98,30.37,0,224.85
53,97,30.37,0,222.55
53,95,30.37,0,165.56
53,93,30.37,0,163.96
53,92,30.38,0,147.82
53,92,30.38,0,138.22
53,93,30.38,0,129.77
53,94,30.39,0,150.61
53,94,30.39,0,172.61
54,95,30.39,0,199.1
54,95,30.39,0,215.21
54,93,30.39,0,258.1
54,94,30.39,0,270.28
54,92,30.4,0,212.69
54,90,30.4,0,231.44
54,89,30.4,0,272.18
54,91,30.4,0,261.82
54,88,30.4,0,211.76
54,86,30.4,0,196.08
54,87,30.4,0,213.9
54,88,30.4,0,243.21
54,87,30.41,0,238.48
54,88,30.41,0,233.95
54,88,30.41,0,236.64
54,87,30.41,0,307.9
54,88,30.41,0,341.09
54,89,30.41,0,346.26
54,89,30.41,0,284.32
54,90,30.41,0,294.3
54,91,30.41,0,304.0
53,87,30.41,0,327.13
53,89,30.42,0,303.07
53,88,30.42,0,278.12
53,89,30.42,0,274.6
53,94,30.42,0,233.08
53,94,30.42,0,247.58
53,94,30.42,0,167.43
52,94,30.42,0,177.46
52,95,30.42,0,135.55
52,95,30.42,0,156.79
52,94,30.42,0,142.11
52,95,30.43,0,159.09
52,95,30.43,0,182.11
51,94,30.43,0,171.7
51,94,30.43,0,143.5
51,94,30.43,0,110.16
51,95,30.43,0,79.94
51,94,30.43,0,84.02
50,95,30.43,0,76.1
50,97,30.43,0,73.54
50,96,30.42,0,82.19
50,97,30.42,0,78.48
50,97,30.42,0,68.22
50,96,30.43,0,68.68
50,96,30.43,0,76.14
50,96,30.42,0,62.46
50,96,30.42,0,58.95
49,97,30.42,0,55.18
49,98,30.42,0,51.11
49,98,30.42,0,45.46
49,98,30.42,0,36.27
48,98,30.42,0,36.44
48,98,30.42,0,34.25
49,97,30.42,0,36.28
49,96,30.41,0,38.26
49,95,30.41,0,38.18
50,94,30.41,0,38.93
49,94,30.41,0,27.83
49,94,30.41,0,17.52
50,94,30.41,0,14.99
50,93,30.41,0,12.62
50,93,30.41,0,10.95
49,95,30.4,0,7.85
48,96,30.4,0,4.82
49,96,30.4,0,3.03
49,95,30.4,0,1.82
49,96,30.4,0,1.28
49,95,30.4,0,1.29
49,95,30.4,0,1.3
49,96,30.39,0,1.32
49,96,30.4,0,1.28
48,97,30.39,0,1.3
48,97,30.39,0,1.27
48,98,30.39,0,1.25
48,98,30.39,0,1.28
48,98,30.39,0,1.29
48,98,30.39,0,1.27
48,98,30.39,0,1.31
48,98,30.39,0,1.26
48,98,30.39,0,1.3
49,98,30.39,0,1.27
48,98,30.39,0,1.29
48,99,30.39,0,1.27
48,100,30.39,0,1.29
48,100,30.39,0,1.26
48,100,30.39,0,1.25
48,100,30.39,0,1.25
48,101,30.38,0,1.23
48,101,30.38,0,1.24
47,101,30.38,0,1.24
47,101,30.38,0,1.27
47,100,30.38,0,1.25
47,100,30.37,0,1.26
47,100,30.37,0,1.27
47,100,30.37,0,1.23
47,100,30.37,0,1.22
47,99,30.37,0,1.23
47,99,30.37,0,1.23
48,98,30.38,0,1.24
48,97,30.37,0,1.24
49,96,30.37,0,1.25
49,95,30.37,0,1.24
49,95,30.37,0,1.26
49,95,30.37,0,1.25
48,95,30.38,0,1.27
49,96,30.37,0,1.24
48,96,30.37,0,1.23
48,96,30.37,0,1.22
48,96,30.37,0,1.24
48,96,30.37,0,1.27
48,95,30.38,0,1.24
49,95,30.38,0,1.26
48,95,30.38,0,1.27
49,95,30.38,0,1.2
49,95,30.38,0,1.23
49,95,30.38,0,1.26
49,95,30.38,0,1.23
49,95,30.38,0,1.27
49,95,30.38,0,1.26
49,95,30.38,0,1.21
49,95,30.38,0,1.24
49,95,30.38,0,1.24
49,95,30.38,0,1.23
49,95,30.39,0,1.24
49,94,30.39,0,1.24
49,94,30.39,0,1.24
49,94,30.39,0,1.26
49,95,30.39,0,1.23
49,94,30.39,0,1.21
49,95,30.39,0,1.23
49,95,30.39,0,1.22
49,96,30.39,0,1.25
49,96,30.39,0,1.2
49,96,30.4,0,1.24
49,96,30.4,0,1.26
49,95,30.4,0,1.23
49,95,30.41,0,1.23
49,95,30.41,0,1.24
49,95,30.41,0,1.27
50,95,30.41,0,1.22
50,94,30.41,0,1.24
50,94,30.41,0,1.22
50,93,30.41,0,1.22
50,92,30.4,0,1.25
50,93,30.4,0,1.24
50,93,30.41,0,1.25
49,95,30.4,0,1.25
49,96,30.41,0,1.2
49,97,30.41,0,1.2
49,99,30.41,0,1.21
48,100,30.41,0,1.26
48,100,30.41,0,1.23
48,99,30.41,0,1.23
48,99,30.42,0,1.24
48,98,30.42,0,1.2
48,97,30.41,0,1.23
48,98,30.41,0,1.24
48,98,30.42,0,1.23
48,100,30.42,0,1.25
48,101,30.42,0,1.27
48,101,30.41,0,1.22
48,101,30.43,0,1.22
48,101,30.43,0,1.24
48,101,30.42,0,1.2
48,101,30.43,0,1.24
48,101,30.43,0,1.24
48,101,30.43,0,1.22
49,101,30.43,0,1.24
49,101,30.43,0,1.23
49,101,30.42,0,1.24
49,101,30.43,0,1.22
49,101,30.42,0,1.24
49,101,30.43,0,1.22
49,101,30.44,0,1.26
49,100,30.44,0,1.22
49,100,30.44,0,1.28
49,100,30.44,0,1.22
49,100,30.43,0,1.18
49,100,30.44,0,1.24
49,100,30.44,0,1.23
49,99,30.44,0,1.23
49,99,30.43,0,1.21
49,99,30.43,0,1.22
49,98,30.43,0,1.24
49,98,30.43,0,1.23
50,97,30.43,0,1.24
50,96,30.43,0,1.25
50,96,30.43,0,1.24
50,95,30.43,0,1.26
50,95,30.44,0,1.23
50,95,30.43,0,1.22
50,95,30.43,0,1.23
50,95,30.43,0,1.24
50,94,30.43,0,1.26
51,94,30.43,0,1.22
51,93,30.42,0,1.18
51,93,30.42,0,1.24
51,92,30.42,0,1.24
52,90,30.42,0,1.27
52,88,30.41,0,1.23
52,90,30.41,0,1.24
52,89,30.4,0,1.23
51,85,30.4,0,1.24
51,94,30.4,0,1.23
51,92,30.4,0,1.25
52,90,30.39,0,1.24
54,83,30.4,0,1.27
52,78,30.4,0,1.24
52,88,30.4,0,1.27
51,91,30.41,0,1.27
51,92,30.4,0,1.22
51,94,30.4,0,1.25
51,95,30.4,0,1.25
51,95,30.39,0,1.24
51,95,30.39,0,1.21
51,95,30.39,0,1.24
51,94,30.39,0,1.24
51,95,30.4,0,1.24
51,96,30.4,0,1.21
51,95,30.39,0,1.24
51,95,30.4,0,1.26
51,95,30.39,0,1.28
52,94,30.4,0,1.27
52,93,30.39,0,1.51
52,93,30.39,0,1.8
52,92,30.39,0,6.9
52,91,30.39,0,5.74
52,95,30.39,0,7.83
52,96,30.39,0,7.92
52,96,30.38,0,8.65
52,97,30.38,0,9.76
52,98,30.38,0,9.37
52,98,30.37,0,14.91
52,98,30.37,0,16.67
52,98,30.36,0,22.61
52,98,30.36,0,26.99
52,98,30.37,0,32.43
52,97,30.37,0,22.64
52,97,30.37,0,21.02
52,97,30.37,0,28.53
52,97,30.37,0,47.57
52,98,30.37,0,40.66
52,98,30.37,0,52.36
52,97,30.36,0,51.07
52,97,30.36,0,61.32
52,98,30.36,0,91.32
52,98,30.36,0,86.54
52,98,30.36,0,92.21
52,98,30.36,0,139.58
52,98,30.36,0,169.48
52,98,30.36,0,108.84
52,97,30.36,0,124.6
52,97,30.36,0,118.57
52,97,30.36,0,111.64
52,96,30.36,0,158.03
52,96,30.36,0,153.8
52,97,30.36,0,65.09
52,97,30.37,0,95.92
52,97,30.36,0,93.19
52,97,30.36,0,66.35
53,97,30.36,0,29.04
53,96,30.36,0,26.58
53,95,30.36,0,46.43
53,96,30.36,0,50.48
53,94,30.36,0,73.13
54,93,30.36,0,84.28
54,93,30.36,0,63.13
54,93,30.36,0,157.26
54,93,30.36,0,141.92
53,94,30.36,0,319.7
53,94,30.36,0,280.12
53,94,30.36,0,257.61
53,94,30.37,0,128.77
53,93,30.37,0,133.19
53,93,30.37,0,87.9
53,95,30.37,0,239.73
53,96,30.37,0,362.07
53,95,30.37,0,104.52
53,95,30.37,0,80.38
53,95,30.37,0,120.23
53,95,30.38,0,138.8
53,95,30.38,0,233.59
53,95,30.38,0,213.25
53,94,30.39,0,197.14
53,94,30.38,0,295.73
53,93,30.38,0,229.52
53,94,30.39,0,391.31
53,93,30.39,0,354.51
53,92,30.39,0,370.2
53,90,30.39,0,225.51
54,87,30.4,0,264.45
54,83,30.39,0,252.99
54,83,30.4,0,230.97
54,79,30.39,0,224.45
55,78,30.39,0,269.8
55,78,30.4,0,181.32
55,73,30.4,0,106.9
56,70,30.41,0,111.44
56,63,30.4,0,110.05
56,64,30.41,0,120.52
56,71,30.41,0,107.32
55,74,30.41,0,144.85
55,74,30.41,0,179.73
54,76,30.41,0,193.0
54,90,30.41,0,199.09
53,91,30.41,0,160.93
53,92,30.41,0,157.62
54,92,30.41,0,186.92
54,90,30.41,0,177.51
54,86,30.41,0,192.1
55,77,30.41,0,168.49
55,56,30.41,0,195.82
55,59,30.41,0,152.45
55,59,30.42,0,126.77
54,76,30.42,0,143.89
54,85,30.42,0,163.36
53,92,30.42,0,174.69
53,95,30.42,0,170.59
52,95,30.42,0,150.42
52,94,30.41,0,140.47
52,95,30.41,0,139.59
52,95,30.41,0,139.2
52,95,30.41,0,114.28
52,94,30.41,0,153.43
52,94,30.41,0,174.61
52,93,30.41,0,187.09
52,92,30.41,0,120.2
52,89,30.41,0,112.75
52,90,30.41,0,94.97
52,91,30.41,0,79.4
51,91,30.41,0,119.82
51,89,30.41,0,143.37
51,89,30.41,0,111.76
51,89,30.41,0,96.47
51,90,30.41,0,87.45
50,89,30.41,0,95.22
50,86,30.4,0,94.99
50,86,30.4,0,82.39
50,85,30.4,0,87.38
49,88,30.4,0,69.74
49,87,30.4,0,60.25
49,89,30.4,0,52.63
49,89,30.4,0,37.16
49,90,30.4,0,31.52
49,89,30.39,0,27.15
49,88,30.39,0,30.67
49,87,30.39,0,31.53
50,87,30.39,0,30.38
50,87,30.39,0,15.3
50,87,30.39,0,8.52
49,89,30.38,0,5.52
48,90,30.38,0,2.96
48,90,30.38,0,1.71
48,92,30.38,0,1.4
48,93,30.38,0,1.23
48,93,30.37,0,1.26
48,94,30.37,0,1.28
48,91,30.37,0,1.27
48,90,30.37,0,1.31
48,89,30.37,0,1.3
48,88,30.37,0,1.29
48,88,30.37,0,1.29
48,88,30.38,0,1.31
48,89,30.38,0,1.29
48,90,30.38,0,1.33
47,90,30.37,0,1.29
47,91,30.37,0,1.27
47,91,30.37,0,1.23
47,91,30.37,0,1.21
47,91,30.37,0,1.32
47,91,30.37,0,1.23
47,91,30.36,0,1.22
46,90,30.36,0,1.24
47,90,30.36,0,1.21
47,90,30.36,0,1.21
47,90,30.36,0,1.27
47,89,30.36,0,1.23
47,88,30.36,0,1.25
47,87,30.36,0,1.29
46,85,30.36,0,1.25
46,85,30.36,0,1.26
46,88,30.35,0,1.23
46,87,30.35,0,1.21
46,85,30.35,0,1.23
46,81,30.35,0,1.23
46,77,30.35,0,1.23
45,78,30.35,0,1.26
45,82,30.35,0,1.25
45,85,30.35,0,1.21
45,87,30.35,0,1.22
45,87,30.35,0,1.23
46,86,30.35,0,1.22
46,84,30.36,0,1.23
46,82,30.35,0,1.22
46,79,30.35,0,1.23
46,80,30.36,0,1.26
46,78,30.36,0,1.23
46,74,30.36,0,1.21
46,74,30.36,0,1.21
46,74,30.36,0,1.24
46,73,30.36,0,1.23
45,70,30.36,0,1.26
45,69,30.36,0,1.21
45,70,30.36,0,1.25
45,69,30.37,0,1.22
45,68,30.36,0,1.24
45,66,30.36,0,1.22
45,64,30.36,0,1.28
45,64,30.36,0,1.23
45,65,30.36,0,1.23
45,67,30.37,0,1.26
45,67,30.36,0,1.21
45,68,30.36,0,1.24
45,68,30.37,0,1.22
45,69,30.37,0,1.24
46,65,30.36,0,1.25
46,65,30.36,0,1.24
46,63,30.37,0,1.22
47,64,30.37,0,1.23
47,67,30.36,0,1.24
47,64,30.37,0,1.19
47,63,30.37,0,1.2
47,63,30.37,0,1.25
47,68,30.37,0,1.27
47,72,30.37,0,1.23
47,62,30.37,0,1.24
47,69,30.37,0,1.28
47,70,30.37,0,1.21
47,70,30.37,0,1.23
47,64,30.38,0,1.22
48,61,30.38,0,1.22
48,50,30.37,0,1.22
48,50,30.38,0,1.24
48,55,30.38,0,1.23
49,57,30.37,0,1.23
49,66,30.38,0,1.24
48,54,30.37,0,1.24
48,59,30.37,0,1.24
48,62,30.37,0,1.22
48,65,30.38,0,1.21
48,58,30.38,0,1.21
49,57,30.39,0,1.26
49,65,30.39,0,1.25
48,55,30.39,0,1.22
48,59,30.39,0,1.24
48,65,30.39,0,1.23
48,64,30.39,0,1.26
48,53,30.39,0,1.21
48,55,30.39,0,1.23
49,55,30.39,0,1.21
49,52,30.39,0,1.22
50,54,30.39,0,1.21
50,50,30.39,0,1.23
51,48,30.39,0,1.25
51,46,30.4,0,1.24
50,34,30.4,0,1.27
50,41,30.4,0,1.25
50,49,30.4,0,1.21
51,54,30.4,0,1.23
51,52,30.4,0,1.2
51,57,30.4,0,1.27
51,51,30.39,0,1.25
51,59,30.39,0,1.29
52,55,30.39,0,1.25
52,55,30.39,0,1.29
52,60,30.39,0,1.26
52,56,30.39,0,1.23
52,56,30.39,0,1.28
53,62,30.4,0,1.23
53,63,30.4,0,1.28
52,53,30.4,0,1.33
52,58,30.4,0,1.28
52,65,30.4,0,1.29
52,61,30.39,0,1.25
52,65,30.39,0,1.22
52,69,30.39,0,1.28
52,68,30.4,0,1.24
52,64,30.39,0,1.21
52,62,30.4,0,1.2
52,65,30.39,0,1.23
51,68,30.39,0,1.25
51,74,30.39,0,1.24
52,77,30.39,0,1.27
52,73,30.39,0,1.23
52,66,30.39,0,1.25
51,65,30.39,0,1.25
51,70,30.39,0,1.2
51,68,30.39,0,1.26
51,72,30.39,0,1.22
51,68,30.39,0,1.25
51,74,30.38,0,1.26
51,75,30.38,0,1.25
51,72,30.38,0,1.24
52,69,30.39,0,1.24
52,66,30.38,0,1.23
51,68,30.38,0,1.21
51,75,30.38,0,1.2
51,76,30.38,0,1.22
51,78,30.38,0,1.23
51,80,30.38,0,1.24
51,89,30.38,0,1.23
52,94,30.38,0,1.24
52,93,30.37,0,1.23
52,91,30.37,0,1.22
52,86,30.37,0,1.23
52,82,30.37,0,1.19
52,83,30.37,0,1.19
52,87,30.37,0,1.3
52,91,30.36,0,1.43
52,93,30.36,0,2.01
52,95,30.36,0,2.77
52,98,30.36,0,5.03
53,98,30.37,0,4.91
52,96,30.36,0,7.31
53,97,30.36,0,12.92
53,97,30.36,0,16.92
52,96,30.36,0,23.01
52,98,30.36,0,28.97
53,99,30.35,0,32.44
53,99,30.35,0,32.46
53,99,30.35,0,45.72
54,99,30.35,0,57.23
54,98,30.35,0,62.75
54,98,30.35,0,64.92
54,97,30.35,0,89.15
55,97,30.34,0,101.03
55,97,30.34,0,117.37
55,98,30.34,0,153.15
55,97,30.34,0,131.34
55,97,30.34,0,125.83
55,98,30.34,0,129.26
55,98,30.34,0,129.81
55,98,30.34,0,147.32
55,97,30.34,0,149.92
55,97,30.34,0,154.08
55,97,30.34,0,143.0
56,96,30.34,0,156.6
56,94,30.34,0,183.95
56,92,30.34,0,202.93
56,92,30.34,0,193.44
56,92,30.34,0,176.31
56,94,30.34,0,169.79
56,96,30.34,0,178.61
57,94,30.34,0,203.53
57,95,30.34,0,186.53
57,94,30.34,0,178.08
57,93,30.34,0,201.7
57,94,30.34,0,209.81
57,94,30.34,0,246.06
57,94,30.34,0,259.03
57,94,30.34,0,273.08
58,92,30.34,0,322.65
58,90,30.34,0,337.69
58,89,30.34,0,317.77
58,90,30.34,0,314.1
58,89,30.35,0,313.43
58,87,30.35,0,332.43
58,88,30.35,0,420.45
58,87,30.35,0,339.18
58,89,30.35,0,285.68
58,89,30.35,0,320.77
58,89,30.35,0,380.89
58,89,30.35,0,438.32
58,90,30.36,0,415.72
57,90,30.36,0,405.81
57,93,30.36,0,436.9
57,90,30.36,0,425.39
57,89,30.36,0,417.27
57,88,30.36,0,420.75
57,88,30.37,0,407.56
57,85,30.37,0,388.92
58,86,30.37,0,396.11
58,85,30.37,0,422.42
58,84,30.37,0,426.04
58,82,30.37,0,413.71
58,80,30.38,0,400.26
58,82,30.38,0,412.84
58,83,30.38,0,421.07
57,84,30.38,0,461.97
57,86,30.38,0,486.08
57,86,30.38,0,447.34
57,86,30.38,0,432.38
57,87,30.39,0,374.27
57,86,30.39,0,340.91
57,86,30.39,0,341.92
57,88,30.39,0,331.88
57,87,30.39,0,335.32
57,87,30.39,0,333.06
57,89,30.39,0,285.73
45,93,30.4,0,1.24
45,93,30.4,0,1.22
45,93,30.4,0,1.21
45,93,30.4,0,1.21
45,93,30.4,0,1.21
45,93,30.4,0,1.23
45,93,30.4,0,1.26
45,93,30.4,0,1.23
45,93,30.39,0,1.24
45,93,30.39,0,1.2
45,93,30.39,0,1.23
45,93,30.39,0,1.24
45,93,30.39,0,1.26
45,93,30.39,0,1.21
45,93,30.39,0,1.25
45,93,30.39,0,1.23
45,93,30.39,0,1.22
45,93,30.39,0,1.21
45,93,30.39,0,1.27
45,93,30.38,0,1.25
45,93,30.38,0,1.26
45,93,30.38,0,1.26
45,93,30.38,0,1.23
45,93,30.38,0,1.24
45,93,30.38,0,1.19
45,93,30.38,0,1.26
45,93,30.38,0,1.29
45,93,30.38,0,1.24
45,93,30.37,0,1.24
45,93,30.37,0,1.19
45,93,30.37,0,1.25
45,93,30.37,0,1.21
45,93,30.37,0,1.28
45,93,30.37,0,1.24
45,93,30.37,0,1.25
45,93,30.37,0,1.21
45,93,30.37,0,1.27
45,93,30.37,0,2.77
45,93,30.37,0,2.31
45,93,30.37,0,4.12
45,93,30.37,0,5.02
45,93,30.37,0,6.17
45,93,30.36,0,5.71
45,93,30.36,0,7.64
45,93,30.36,0,9.28
45,93,30.36,0,8.25
45,93,30.36,0,8.09
45,93,30.36,0,8.99
45,93,30.36,0,9.64
45,93,30.35,0,12.48
45,93,30.35,0,11.36
45,93,30.35,0,13.66
45,93,30.35,0,14.8
45,93,30.35,0,15.49
45,93,30.35,0,20.19
45,93,30.35,0,27.4
45,93,30.35,0,23.6
45,93,30.35,0,28.89
45,93,30.34,0,23.47
45,93,30.34,0,25.41
45,93,30.34,0,15.08
45,93,30.34,0,15.88
45,93,30.34,0,19.13
45,93,30.34,0,20.16
45,93,30.34,0,29.13
45,93,30.34,0,26.36
45,93,30.34,0,32.58
45,93,30.34,0,19.02
45,93,30.34,0,27.91
45,93,30.34,0,21.03
45,93,30.34,0,57.42
45,93,30.33,0,122.34
45,93,30.33,0,45.23
45,93,30.33,0,33.7
45,93,30.33,0,75.87
45,93,30.33,0,69.67
45,93,30.33,0,62.24
45,93,30.33,0,51.93
45,93,30.33,0,56.12
45,93,30.33,0,74.25
45,93,30.33,0,130.7
45,93,30.33,0,107.0
45,93,30.33,0,75.34
45,93,30.33,0,50.7
45,93,30.34,0,49.77
45,93,30.34,0,40.78
45,93,30.34,0,28.91
45,93,30.34,0,22.83
45,93,30.34,0,19.41
45,93,30.34,0,23.42
45,93,30.34,0,27.51
45,93,30.34,0,32.78
45,93,30.34,0,61.16
45,93,30.34,0,69.82
45,93,30.35,0,80.16
45,93,30.35,0,136.59
45,93,30.35,0,51.03
45,93,30.35,0,112.75
45,93,30.35,0,99.81
45,93,30.35,0,142.1
45,93,30.35,0,68.86
45,93,30.36,0,44.57
45,93,30.36,0,39.54
45,93,30.36,0,43.87
45,93,30.36,0,60.07
45,93,30.36,0,71.02
45,93,30.36,0,72.18
45,93,30.36,0,89.93
45,93,30.36,0,70.6
45,93,30.37,0,72.21
45,93,30.37,0,83.15
45,93,30.37,0,151.37
45,93,30.37,0,126.2
45,93,30.37,0,75.95
45,93,30.37,0,88.64
45,93,30.37,0,71.2
45,93,30.38,0,86.37
45,93,30.38,0,79.27
45,93,30.37,0,125.69
45,93,30.37,0,111.21
45,93,30.38,0,83.95
45,93,30.38,0,94.3
45,93,30.38,0,123.96
45,93,30.38,0,148.2
45,93,30.38,0,129.77
45,93,30.38,0,176.47
45,93,30.38,0,148.38
45,93,30.38,0,130.98
45,93,30.38,0,172.95
45,93,30.38,0,219.42
45,93,30.38,0,148.17
45,93,30.38,0,171.92
45,93,30.38,0,239.33
45,93,30.37,0,274.31
45,93,30.37,0,227.42
45,93,30.37,0,250.53
45,93,30.37,0,198.82
45,93,30.37,0,273.68
45,93,30.37,0,290.67
45,93,30.37,0,347.8
45,93,30.37,0,323.49
45,93,30.37,0,254.57
45,93,30.37,0,186.5
45,93,30.37,0,175.99
45,93,30.36,0,148.27
45,93,30.36,0,120.86
45,93,30.36,0,65.42
45,93,30.36,0,55.41
45,93,30.36,0,49.75
45,93,30.36,0,44.84
45,93,30.36,0,46.65
45,93,30.35,0,37.43
45,93,30.35,0,45.8
45,93,30.35,0,83.06
45,93,30.34,0,48.84
45,93,30.34,0,20.77
45,93,30.34,0,18.83
45,93,30.33,0,33.0
45,93,30.33,0,48.35
45,93,30.33,0,53.41
45,93,30.33,0,37.3
45,93,30.32,0,52.26
45,93,30.32,0,33.82
45,93,30.32,0,7.79
45,93,30.32,0,7.08
45,93,30.32,0,6.08
45,93,30.32,0,4.77
45,93,30.32,0,3.53
45,93,30.32,0,2.52
45,93,30.32,0,1.6
45,93,30.32,0,1.23
45,93,30.32,0,1.22
45,93,30.32,0,1.22
45,93,30.32,0,1.25
45,93,30.32,0,1.23
45,93,30.32,0,1.24
45,93,30.32,0,1.21
45,93,30.33,0,1.19
45,93,30.33,0,1.23
45,93,30.32,0,1.24
45,93,30.32,0,1.21
45,93,30.31,0,1.21
45,93,30.31,0,1.24
45,93,30.3,0,1.25
45,93,30.31,0,1.21
45,93,30.31,0,1.23
45,93,30.31,0,1.24
45,93,30.31,0,1.24
45,93,30.31,0,1.26
45,93,30.31,0,1.22
45,93,30.31,0,1.23
45,93,30.31,0,1.25
45,93,30.31,0,1.25
45,93,30.31,0,1.22
45,93,30.31,0,1.22
45,93,30.31,0,1.22
45,93,30.31,0,1.23
45,93,30.3,0,1.21
45,93,30.3,0,1.22
45,93,30.3,0,1.24
45,93,30.3,0,1.25
45,93,30.3,0,1.24
45,93,30.3,0,1.22
45,93,30.3,0,1.23
45,93,30.3,0,1.21
45,93,30.3,0,1.25
45,93,30.3,0,1.25
45,93,30.3,0,1.22
45,93,30.3,0,1.25
45,93,30.3,0,1.24
45,93,30.3,0,1.24
45,93,30.3,0,1.24
45,93,30.3,0,1.24
45,93,30.3,0,1.23
45,93,30.31,0,1.25
45,93,30.32,0,1.23
45,93,30.32,0,1.25
45,93,30.32,0,1.24
45,93,30.32,0,1.23
45,93,30.32,0,1.23
45,93,30.32,0,1.22
45,93,30.33,0,1.24
45,93,30.33,0,1.22
45,93,30.33,0,1.24
45,93,30.33,0,1.23
45,93,30.33,0,1.23
45,93,30.33,0,1.25
45,93,30.33,0,1.23
45,93,30.33,0,1.2
45,93,30.33,0,1.23
45,93,30.33,0,1.24
45,93,30.33,0,1.22
45,93,30.34,0,1.24
45,93,30.34,0,1.2
45,93,30.34,0,1.22
45,93,30.34,0,1.24
45,93,30.34,0,1.23
45,93,30.34,0,1.23
45,93,30.33,0,1.24
45,93,30.34,0,1.23
45,93,30.34,0,1.22
45,93,30.33,0,1.25
45,93,30.33,0,1.25
45,93,30.33,0,1.21
45,93,30.34,0,1.22
45,93,30.34,0,1.21
45,93,30.34,0,1.21
45,93,30.35,0,1.22
45,93,30.34,0,1.27
45,93,30.35,0,1.22
45,93,30.35,0,1.23
45,93,30.35,0,1.22
45,93,30.35,0,1.2
45,93,30.36,0,1.25
45,93,30.36,0,1.22
45,93,30.36,0,1.21
45,93,30.35,0,1.22
45,93,30.35,0,1.19
45,93,30.35,0,1.23
45,93,30.35,0,1.24
45,93,30.35,0,1.23
45,93,30.35,0,1.23
45,93,30.35,0,1.25
45,93,30.35,0,1.2
45,93,30.34,0,1.21
45,93,30.34,0,1.23
45,93,30.35,0,1.23
45,93,30.35,0,1.19
45,93,30.35,0,1.2
45,93,30.36,0,1.25
45,93,30.36,0,1.25
45,93,30.36,0,1.22
45,93,30.36,0,1.24
45,93,30.36,0,1.23
45,93,30.35,0,1.23
45,93,30.36,0,1.21
45,93,30.36,0,1.24
45,93,30.36,0,1.21
45,93,30.35,0,1.2
45,93,30.35,0,1.21
45,93,30.36,0,1.24
45,93,30.36,0,1.22
45,93,30.36,0,1.24
45,93,30.37,0,1.2
45,93,30.36,0,1.21
45,93,30.36,0,1.22
45,93,30.36,0,1.21
45,93,30.36,0,1.23
45,93,30.36,0,1.24
45,93,30.36,0,1.21
45,93,30.36,0,1.2
45,93,30.36,0,1.23
45,93,30.36,0,1.23
45,93,30.36,0,1.24
45,93,30.37,0,1.25
45,93,30.37,0,1.22
45,93,30.37,0,1.25
45,93,30.37,0,1.2
45,93,30.37,0,1.21
45,93,30.37,0,1.21
45,93,30.37,0,1.22
45,93,30.37,0,1.24
45,93,30.37,0,1.2
45,93,30.37,0,1.21
45,93,30.37,0,1.22
45,93,30.37,0,1.2
45,93,30.37,0,1.23
45,93,30.37,0,1.19
45,93,30.37,0,1.22
45,93,30.37,0,1.21
45,93,30.36,0,1.23
45,93,30.36,0,1.23
45,93,30.36,0,1.23
45,93,30.36,0,1.21
45,93,30.36,0,1.23
45,93,30.35,0,1.23
45,93,30.35,0,1.25
45,93,30.35,0,1.23
45,93,30.35,0,1.25
45,93,30.35,0,1.2
45,93,30.34,0,1.21
45,93,30.34,0,1.25
45,93,30.34,0,1.26
45,93,30.34,0,1.86
45,93,30.34,0,2.72
45,93,30.34,0,3.56
45,93,30.34,0,6.6
45,93,30.34,0,11.81
45,93,30.34,0,18.05
45,93,30.34,0,19.83
45,93,30.33,0,22.91
45,93,30.33,0,29.1
45,93,30.33,0,36.28
45,93,30.33,0,46.05
45,93,30.33,0,58.47
45,93,30.33,0,72.37
45,93,30.34,0,80.93
45,93,30.34,0,50.2
45,93,30.34,0,46.13
45,93,30.34,0,49.14
45,93,30.34,0,41.09
45,93,30.34,0,38.98
45,93,30.33,0,39.05
45,93,30.33,0,45.36
45,93,30.33,0,48.97
45,93,30.33,0,53.76
45,93,30.33,0,47.05
45,93,30.33,0,59.37
45,93,30.33,0,61.84
45,93,30.32,0,70.33
45,93,30.32,0,67.99
45,93,30.32,0,59.25
45,93,30.32,0,66.07
45,93,30.32,0,103.56
45,93,30.32,0,129.56
45,93,30.32,0,128.85
45,93,30.32,0,117.84
45,93,30.32,0,124.76
45,93,30.32,0,87.99
45,93,30.31,0,83.8
45,93,30.32,0,75.79
45,93,30.32,0,99.14
45,93,30.32,0,114.95
45,93,30.32,0,63.34
45,93,30.32,0,62.82
45,93,30.32,0,88.68
45,93,30.33,0,70.18
45,93,30.33,0,111.35
45,93,30.33,0,189.47
45,93,30.33,0,195.48
45,93,30.33,0,185.13
45,93,30.33,0,160.09
45,93,30.33,0,149.77
45,93,30.33,0,142.56
45,93,30.33,0,186.61
45,93,30.33,0,181.76
45,93,30.34,0,295.55
45,93,30.34,0,290.13
45,93,30.35,0,176.1
45,93,30.35,0,294.03
45,93,30.35,0,245.68
45,93,30.36,0,162.26
45,93,30.36,0,352.76
45,93,30.36,0,188.75
45,93,30.36,0,206.83
45,93,30.36,0,197.4
45,93,30.36,0,247.85
45,93,30.36,0,236.62
45,93,30.36,0,207.9
45,93,30.37,0,142.45
45,93,30.37,0,104.32
45,93,30.37,0,112.27
45,93,30.37,0,184.41
45,93,30.37,0,211.28
45,93,30.37,0,226.16
45,93,30.37,0,203.37
45,93,30.38,0,209.98
45,93,30.38,0,172.06
45,93,30.37,0,124.45
45,93,30.38,0,84.59
45,93,30.38,0,69.68
45,93,30.38,0,80.58
45,93,30.38,0,75.35
45,93,30.39,0,64.75
45,93,30.39,0,50.51
45,93,30.39,0,71.55
45,93,30.4,0,80.26
45,93,30.4,0,85.68
45,93,30.4,0,85.71
45,93,30.4,0,108.51
45,93,30.4,0,92.65
45,93,30.4,0,73.24
45,93,30.4,0,66.68
45,93,30.4,0,65.04
45,93,30.4,0,70.66
45,93,30.4,0,68.32
45,93,30.4,0,49.19
45,93,30.4,0,59.7
45,93,30.39,0,96.42
45,93,30.4,0,73.59
45,93,30.4,0,54.49
45,93,30.4,0,58.15
45,93,30.39,0,69.07
45,93,30.39,0,119.9
45,93,30.39,0,97.55
45,93,30.39,0,158.44
45,93,30.39,0,154.65
45,93,30.39,0,79.25
45,93,30.39,0,97.66
45,93,30.39,0,67.54
45,93,30.39,0,41.12
45,93,30.38,0,58.06
45,93,30.38,0,58.14
45,93,30.38,0,71.41
45,93,30.37,0,93.73
45,93,30.37,0,78.59
45,93,30.37,0,67.19
45,93,30.37,0,90.02
45,93,30.37,0,86.69
45,93,30.37,0,121.33
45,93,30.37,0,99.68
45,93,30.37,0,79.25
45,93,30.37,0,56.57
45,93,30.37,0,48.72
45,93,30.36,0,41.65
45,93,30.36,0,30.75
45,93,30.37,0,24.73
45,93,30.37,0,22.14
45,93,30.37,0,23.81
45,93,30.37,0,22.98
45,93,30.37,0,17.46
45,93,30.36,0,13.56
45,93,30.37,0,15.56
45,93,30.36,0,29.52
45,93,30.36,0,27.47
45,93,30.36,0,6.5
45,93,30.36,0,3.37
45,93,30.36,0,1.58
45,93,30.36,0,1.25
45,93,30.36,0,1.23
45,93,30.36,0,1.18
45,93,30.36,0,1.2
45,93,30.36,0,1.2
45,93,30.36,0,1.22
45,93,30.36,0,1.21
45,93,30.35,0,1.23
45,93,30.35,0,1.21
45,93,30.35,0,1.24
45,93,30.34,0,1.23
45,93,30.34,0,1.22
45,93,30.34,0,1.2
45,93,30.34,0,1.23
45,93,30.34,0,1.22
45,93,30.34,0,1.21
45,93,30.34,0,1.2
45,93,30.34,0,1.22
45,93,30.34,0,1.25
45,93,30.34,0,1.24
45,93,30.33,0,1.26
45,93,30.33,0,1.21
45,93,30.33,0,1.22
45,93,30.34,0,1.23
45,93,30.34,0,1.22
45,93,30.33,0,1.2
45,93,30.33,0,1.25
45,93,30.33,0,1.24
45,93,30.34,0,1.21
45,93,30.33,0,1.25
45,93,30.34,0,1.22
45,93,30.33,0,1.2
45,93,30.33,0,1.24
45,93,30.33,0,1.22
45,93,30.33,0,1.2
45,93,30.33,0,1.22
45,93,30.33,0,1.22
45,93,30.33,0,1.24
45,93,30.33,0,1.23
45,93,30.33,0,1.2
45,93,30.32,0,1.22
45,93,30.33,0,1.23
45,93,30.33,0,1.25
45,93,30.33,0,1.21
45,93,30.33,0,1.18
45,93,30.33,0,1.19
45,93,30.33,0,1.2
45,93,30.33,0,1.19
45,93,30.32,0,1.21
45,93,30.33,0,1.2
45,93,30.33,0,1.23
45,93,30.34,0,1.21
45,93,30.34,0,1.2
45,93,30.34,0,1.21
45,93,30.33,0,1.18
45,93,30.32,0,1.21
45,93,30.33,0,1.22
45,93,30.33,0,1.23
45,93,30.33,0,1.18
45,93,30.33,0,1.19
45,93,30.34,0,1.18
45,93,30.34,0,1.21
45,93,30.33,0,1.19
45,93,30.33,0,1.25
45,93,30.33,0,1.2
45,93,30.33,0,1.23
45,93,30.33,0,1.21
45,93,30.34,0,1.22
45,93,30.33,0,1.2
45,93,30.34,0,1.22
45,93,30.33,0,1.18
45,93,30.34,0,1.21
45,93,30.34,0,1.23
45,93,30.34,0,1.23
45,93,30.34,0,1.21
45,93,30.34,0,1.17
45,93,30.34,0,1.21
45,93,30.34,0,1.2
45,93,30.34,0,1.22
45,93,30.33,0,1.23
45,93,30.34,0,1.19
45,93,30.34,0,1.24
45,93,30.34,0,1.22
45,93,30.34,0,1.2
45,93,30.34,0,1.18
45,93,30.34,0,1.18
45,93,30.34,0,1.16
45,93,30.34,0,1.19
45,93,30.34,0,1.2
45,93,30.35,0,1.19
45,93,30.35,0,1.2
45,93,30.34,0,1.21
45,93,30.34,0,1.22
45,93,30.35,0,1.19
45,93,30.34,0,1.18
45,93,30.34,0,1.16
45,93,30.34,0,1.21
45,93,30.35,0,1.21
45,93,30.34,0,1.15
45,93,30.34,0,1.2
45,93,30.34,0,1.22
45,93,30.34,0,1.22
45,93,30.34,0,1.2
45,93,30.35,0,1.22
45,93,30.34,0,1.2
45,93,30.34,0,1.22
45,93,30.34,0,1.23
45,93,30.34,0,1.19
45,93,30.34,0,1.21
45,93,30.34,0,1.17
45,93,30.33,0,1.21
45,93,30.34,0,1.18
45,93,30.34,0,1.2
45,93,30.34,0,1.2
45,93,30.34,0,1.21
45,93,30.34,0,1.23
45,93,30.35,0,1.17
45,93,30.34,0,1.19
45,93,30.34,0,1.2
45,93,30.34,0,1.23
45,93,30.34,0,1.21
45,93,30.34,0,1.18
45,93,30.34,0,1.21
45,93,30.34,0,1.24
45,93,30.34,0,1.23
45,93,30.34,0,1.19
45,93,30.33,0,1.21
45,93,30.33,0,1.19
45,93,30.34,0,1.19
45,93,30.34,0,1.22
45,93,30.33,0,1.21
45,93,30.34,0,1.22
45,93,30.33,0,1.21
45,93,30.33,0,1.2
45,93,30.33,0,1.18
45,93,30.33,0,1.21
45,93,30.32,0,1.22
45,93,30.32,0,1.19
45,93,30.32,0,1.22
45,93,30.32,0,1.22
45,93,30.32,0,1.22
45,93,30.32,0,1.19
45,93,30.32,0,1.2
45,93,30.32,0,1.21
45,93,30.32,0,1.21
45,93,30.31,0,1.21
45,93,30.31,0,1.22
45,93,30.31,0,1.2
45,93,30.31,0,1.21
45,93,30.31,0,1.19
45,93,30.31,0,1.25
45,93,30.31,0,1.37
45,93,30.31,0,2.28
45,93,30.31,0,3.75
45,93,30.31,0,6.04
45,93,30.3,0,10.42
45,93,30.3,0,13.94
45,93,30.3,0,16.2
45,93,30.3,0,24.63
45,93,30.3,0,18.35
45,93,30.29,0,17.5
45,93,30.29,0,19.59
45,93,30.29,0,19.69
45,93,30.29,0,52.91
45,93,30.29,0,64.57
45,93,30.29,0,44.74
45,93,30.29,0,26.98
45,93,30.29,0,41.01
45,93,30.28,0,41.52
45,93,30.29,0,36.04
45,93,30.28,0,54.38
45,93,30.29,0,50.37
45,93,30.29,0,42.46
45,93,30.29,0,41.33
45,93,30.28,0,69.49
45,93,30.29,0,94.88
45,93,30.29,0,117.16
45,93,30.28,0,101.35
45,93,30.28,0,218.43
45,93,30.28,0,106.22
45,93,30.29,0,90.7
45,93,30.29,0,134.35
45,93,30.28,0,126.17
45,93,30.28,0,82.88
45,93,30.29,0,88.09
45,93,30.28,0,117.37
45,93,30.28,0,55.02
45,93,30.28,0,77.68
45,93,30.28,0,92.94
45,93,30.28,0,62.88
45,93,30.28,0,32.06
45,93,30.28,0,92.49
45,93,30.29,0,69.24
45,93,30.29,0,43.54
45,93,30.29,0,92.36
45,93,30.29,0,52.05
45,93,30.28,0,47.2
45,93,30.28,0,54.33
45,93,30.28,0,157.6
45,93,30.29,0,41.18
45,93,30.29,0,74.31
45,93,30.29,0,85.52
45,93,30.29,0,34.2
45,93,30.29,0,62.01
45,93,30.29,0,50.28
45,93,30.29,0,57.44
45,93,30.29,0,53.41
45,93,30.29,0,91.12
45,93,30.29,0,131.03
45,93,30.29,0,117.96
45,93,30.29,0,183.1
45,93,30.29,0,95.24
45,93,30.29,0,223.24
45,93,30.29,0,462.03
45,93,30.3,0,323.59
45,93,30.3,0,256.08
45,93,30.3,0,267.08
45,93,30.3,0,289.84
45,93,30.31,0,312.12
45,93,30.31,0,175.88
45,93,30.32,0,260.94
45,93,30.32,0,182.27
45,93,30.32,0,186.95
45,93,30.32,0,205.04
45,93,30.32,0,211.24
45,93,30.32,0,255.22
45,93,30.32,0,204.47
45,93,30.32,0,215.75
45,93,30.33,0,213.75
45,93,30.33,0,189.25
45,93,30.33,0,254.84
45,93,30.33,0,107.49
45,93,30.33,0,90.4
45,93,30.33,0,74.21
45,93,30.33,0,81.85
45,93,30.33,0,83.3
45,93,30.33,0,90.02
45,93,30.33,0,67.14
45,93,30.33,0,48.51
45,93,30.33,0,43.74
45,93,30.34,0,48.5
45,93,30.34,0,56.61
45,93,30.34,0,69.09
45,93,30.33,0,107.71
45,93,30.33,0,145.27
45,93,30.33,0,108.62
45,93,30.33,0,207.06
45,93,30.33,0,221.31
45,93,30.33,0,185.14
45,93,30.33,0,216.9
45,93,30.34,0,153.85
45,93,30.33,0,132.6
45,93,30.33,0,80.29
45,93,30.34,0,86.69
45,93,30.34,0,147.63
45,93,30.34,0,89.75
45,93,30.34,0,158.15
45,93,30.34,0,212.0
45,93,30.34,0,379.63
45,93,30.34,0,401.47
45,93,30.34,0,288.55
45,93,30.34,0,442.7
45,93,30.33,0,418.87
45,93,30.33,0,416.95
45,93,30.33,0,389.04
45,93,30.33,0,441.06
45,93,30.33,0,384.75
45,93,30.33,0,202.38
45,93,30.33,0,194.55
45,93,30.33,0,179.37
45,93,30.33,0,160.03
45,93,30.33,0,149.45
45,93,30.33,0,141.77
45,93,30.33,0,86.89
45,93,30.33,0,69.1
45,93,30.33,0,67.39
45,93,30.33,0,71.18
45,93,30.33,0,88.55
45,93,30.33,0,42.15
45,93,30.33,0,27.26
45,93,30.32,0,23.12
45,93,30.32,0,20.13
45,93,30.31,0,16.7
45,93,30.32,0,13.38
45,93,30.32,0,9.78
45,93,30.31,0,6.45
45,93,30.31,0,4.47
45,93,30.32,0,2.42
45,93,30.31,0,1.35
45,93,30.31,0,1.24
45,93,30.31,0,1.19
45,93,30.31,0,1.22
45,93,30.31,0,1.21
45,93,30.3,0,1.25
45,93,30.3,0,1.24
45,93,30.3,0,1.21
45,93,30.3,0,1.23
45,93,30.3,0,1.21
45,93,30.3,0,1.23
45,93,30.3,0,1.2
45,93,30.3,0,1.23
45,93,30.3,0,1.24
45,93,30.3,0,1.2
45,93,30.3,0,1.24
45,93,30.3,0,1.25
45,93,30.3,0,1.22
45,93,30.3,0,1.22
45,93,30.3,0,1.22
45,93,30.3,0,1.19
45,93,30.29,0,1.26
45,93,30.29,0,1.22
45,93,30.29,0,1.2
45,93,30.3,0,1.27
45,93,30.3,0,1.25
45,93,30.3,0,1.2
45,93,30.3,0,1.17
45,93,30.3,0,1.24
45,93,30.3,0,1.2
45,93,30.3,0,1.19
45,93,30.3,0,1.23
45,93,30.3,0,1.17
45,93,30.3,0,1.17
45,93,30.3,0,1.27
45,93,30.31,0,1.21
45,93,30.31,0,1.19
45,93,30.31,0,1.22
45,93,30.3,0,1.2
45,93,30.3,0,1.2
45,93,30.3,0,1.18
45,93,30.3,0,1.19
45,93,30.3,0,1.22
45,93,30.3,0,1.19
45,93,30.3,0,1.24
45,93,30.3,0,1.22
45,93,30.3,0,1.23
45,93,30.31,0,1.21
45,93,30.31,0,1.23
45,93,30.31,0,1.2
45,93,30.31,0,1.21
45,93,30.31,0,1.24
45,93,30.32,0,1.21
45,93,30.32,0,1.26
45,93,30.32,0,1.28
45,93,30.32,0,1.23
45,93,30.32,0,1.23
45,93,30.32,0,1.19
45,93,30.32,0,1.16
45,93,30.32,0,1.22
45,93,30.32,0,1.22
45,93,30.32,0,1.23
45,93,30.33,0,1.22
45,93,30.33,0,1.23
45,93,30.33,0,1.23
45,93,30.33,0,1.24
45,93,30.33,0,1.2
45,93,30.33,0,1.22
45,93,30.33,0,1.2
45,93,30.33,0,1.2
45,93,30.33,0,1.23
45,93,30.34,0,1.21
45,93,30.34,0,1.23
45,93,30.34,0,1.23
45,93,30.34,0,1.25
45,93,30.34,0,1.22
45,93,30.34,0,1.22
45,93,30.35,0,1.2
45,93,30.35,0,1.2
45,93,30.35,0,1.18
45,93,30.35,0,1.22
45,93,30.35,0,1.21
45,93,30.35,0,1.21
45,93,30.35,0,1.24
45,93,30.35,0,1.2
45,93,30.35,0,1.24
45,93,30.35,0,1.2
45,93,30.35,0,1.22
45,93,30.35,0,1.24
45,93,30.35,0,1.22
45,93,30.35,0,1.2
45,93,30.35,0,1.2
45,93,30.35,0,1.19
45,93,30.35,0,1.22
45,93,30.35,0,1.23
45,93,30.35,0,1.2
45,93,30.35,0,1.23
45,93,30.35,0,1.22
45,93,30.35,0,1.21
45,93,30.35,0,1.23
45,93,30.36,0,1.24
45,93,30.35,0,1.19
45,93,30.36,0,1.24
45,93,30.36,0,1.23
45,93,30.36,0,1.21
45,93,30.36,0,1.21
45,93,30.36,0,1.13
45,93,30.36,0,1.28
45,93,30.36,0,1.28
45,93,30.36,0,1.2
45,93,30.35,0,1.24
45,93,30.35,0,1.22
45,93,30.35,0,1.23
45,93,30.35,0,1.24
45,93,30.35,0,1.25
45,93,30.35,0,1.16
45,93,30.35,0,1.22
45,93,30.35,0,1.24
45,93,30.35,0,1.23
45,93,30.34,0,1.2
45,93,30.34,0,1.26
45,93,30.34,0,1.19
45,93,30.35,0,1.24
45,93,30.35,0,1.24
45,93,30.35,0,1.25
45,93,30.34,0,1.22
45,93,30.34,0,1.24
45,93,30.35,0,1.23
45,93,30.35,0,1.18
45,93,30.35,0,1.23
45,93,30.35,0,1.19
45,93,30.35,0,1.24
45,93,30.35,0,1.23
45,93,30.35,0,1.19
45,93,30.35,0,1.2
45,93,30.35,0,1.2
45,93,30.35,0,1.24
45,93,30.35,0,1.2
45,93,30.35,0,1.21
45,93,30.35,0,1.18
45,93,30.35,0,1.3
45,93,30.35,0,1.23
45,93,30.35,0,1.21
45,93,30.35,0,1.24
45,93,30.35,0,1.23
45,93,30.35,0,1.22
45,93,30.35,0,1.25
45,93,30.35,0,1.22
45,93,30.35,0,1.21
45,93,30.35,0,1.24
45,93,30.35,0,1.25
45,93,30.35,0,1.22
45,93,30.35,0,1.69
45,93,30.35,0,2.36
45,93,30.35,0,3.48
45,93,30.35,0,5.73
45,93,30.35,0,7.66
45,93,30.35,0,9.37
45,93,30.35,0,12.28
45,93,30.35,0,16.98
45,93,30.35,0,23.12
45,93,30.35,0,33.85
45,93,30.35,0,37.3
45,93,30.35,0,30.61
45,93,30.35,0,25.36
45,93,30.35,0,26.35
45,93,30.34,0,33.72
45,93,30.35,0,40.01
45,93,30.34,0,46.73
45,93,30.34,0,59.19
45,93,30.34,0,72.76
45,93,30.34,0,85.24
45,93,30.34,0,85.06
45,93,30.34,0,85.17
45,93,30.34,0,79.28
45,93,30.34,0,80.06
45,93,30.33,0,111.55
45,93,30.33,0,125.56
45,93,30.34,0,136.41
45,93,30.34,0,130.19
45,93,30.34,0,131.05
45,93,30.34,0,142.35
45,93,30.34,0,135.19
45,93,30.34,0,153.13
45,93,30.34,0,133.19
45,93,30.34,0,111.33
45,93,30.34,0,104.42
45,93,30.34,0,89.21
45,93,30.34,0,106.76
45,93,30.34,0,137.47
45,93,30.34,0,143.14
45,93,30.34,0,166.44
45,93,30.34,0,153.76
45,93,30.34,0,146.61
45,93,30.34,0,150.56
45,93,30.34,0,159.35
45,93,30.34,0,177.19
45,93,30.34,0,188.45
45,93,30.34,0,193.05
45,93,30.34,0,205.23
45,93,30.35,0,212.66
45,93,30.35,0,218.09
45,93,30.35,0,146.7
45,93,30.36,0,114.92
45,93,30.36,0,130.33
45,93,30.36,0,119.67
45,93,30.36,0,103.67
45,93,30.36,0,99.54
45,93,30.37,0,79.93
45,93,30.37,0,96.32
45,93,30.37,0,90.76
45,93,30.37,0,101.23
45,93,30.37,0,106.51
45,93,30.38,0,103.95
45,93,30.38,0,103.34
45,93,30.38,0,105.14
45,93,30.38,0,106.15
45,93,30.38,0,102.88
45,93,30.38,0,137.51
45,93,30.39,0,168.85
45,93,30.39,0,165.0
45,93,30.39,0,173.92
45,93,30.39,0,159.52
45,93,30.39,0,132.98
45,93,30.4,0,127.93
45,93,30.4,0,102.28
45,93,30.4,0,98.37
45,93,30.4,0,85.74
45,93,30.41,0,75.18
45,93,30.41,0,62.79
45,93,30.41,0,44.18
45,93,30.41,0,39.11
45,93,30.41,0,28.93
45,93,30.41,0,26.63
45,93,30.41,0,23.17
45,93,30.41,0,21.5
45,93,30.42,0,17.06
45,93,30.42,0,16.14
45,93,30.42,0,14.43
45,93,30.42,0,13.13
45,93,30.42,0,12.87
45,93,30.42,0,10.9
45,93,30.42,0,10.24
45,93,30.42,0,12.1
45,93,30.42,0,13.44
45,93,30.41,0,13.69
45,93,30.41,0,10.37
45,93,30.42,0,9.95
45,93,30.42,0,10.1
45,93,30.41,0,11.8
45,93,30.41,0,14.92
45,93,30.41,0,13.8
45,93,30.42,0,13.04
45,93,30.41,0,11.62
45,93,30.4,0,10.41
45,93,30.41,0,9.4
45,93,30.41,0,8.52
45,93,30.41,0,8.65
45,93,30.4,0,9.27
45,93,30.41,0,9.63
45,93,30.41,0,9.66
45,93,30.4,0,8.85
45,93,30.4,0,7.49
45,93,30.4,0,8.7
45,93,30.4,0,9.95
45,93,30.4,0,10.42
45,93,30.4,0,8.94
45,93,30.4,0,8.1
45,93,30.4,0,7.31
45,93,30.4,0,7.01
45,93,30.4,0,6.67
45,93,30.4,0,6.71
45,93,30.39,0,7.11
45,93,30.39,0,7.24
45,93,30.39,0,7.33
45,93,30.39,0,7.46
45,93,30.38,0,6.66
45,93,30.39,0,5.17
45,93,30.39,0,4.23
45,93,30.39,0,4.06
45,93,30.39,0,4.18
45,93,30.39,0,2.75
45,93,30.39,0,2.03
45,93,30.38,0,1.49
45,93,30.38,0,1.46
45,93,30.38,0,1.19
45,93,30.38,0,1.18
45,93,30.38,0,1.22
45,93,30.37,0,1.22
45,93,30.37,0,1.21
45,93,30.37,0,1.17
45,93,30.37,0,1.24
45,93,30.37,0,1.21
45,93,30.37,0,1.25
45,93,30.37,0,1.19
45,93,30.38,0,1.2
45,93,30.37,0,1.19
45,93,30.37,0,1.21
45,93,30.37,0,1.2
45,93,30.37,0,1.19
45,93,30.37,0,1.2
45,93,30.37,0,1.2
45,93,30.37,0,1.22
45,93,30.37,0,1.21
45,93,30.37,0,1.21
45,93,30.36,0,1.2
45,93,30.36,0,1.21
45,93,30.37,0,1.21
45,93,30.36,0,1.2
45,93,30.36,0,1.21
45,93,30.37,0,1.2
45,93,30.37,0,1.17
45,93,30.36,0,1.24
45,93,30.37,0,1.21
45,93,30.36,0,1.2
45,93,30.36,0,1.18
45,93,30.36,0,1.21
45,93,30.36,0,1.22
45,93,30.36,0,1.2
45,93,30.36,0,1.21
45,93,30.36,0,1.19
45,93,30.37,0,1.22
45,93,30.36,0,1.2
45,93,30.37,0,1.21
45,93,30.37,0,1.21
45,93,30.37,0,1.21
45,93,30.37,0,1.22
45,93,30.36,0,1.2
45,93,30.37,0,1.21
45,93,30.37,0,1.2
45,93,30.37,0,1.24
45,93,30.37,0,1.19
45,93,30.38,0,1.18
45,93,30.38,0,1.19
45,93,30.37,0,1.19
45,93,30.37,0,1.19
45,93,30.38,0,1.21
45,93,30.38,0,1.21
45,93,30.38,0,1.2
45,93,30.38,0,1.17
45,93,30.38,0,1.17
45,93,30.38,0,1.21
45,93,30.38,0,1.2
45,93,30.38,0,1.22
45,93,30.38,0,1.22
45,93,30.39,0,1.21
45,93,30.39,0,1.21
45,93,30.39,0,1.21
45,93,30.39,0,1.2
45,93,30.38,0,1.19
45,93,30.39,0,1.24
45,93,30.39,0,1.18
45,93,30.39,0,1.18
45,93,30.39,0,1.18
45,93,30.39,0,1.17
45,93,30.4,0,1.21
45,93,30.4,0,1.17
45,93,30.4,0,1.23
45,93,30.41,0,1.21
45,93,30.41,0,1.19
45,93,30.41,0,1.18
45,93,30.41,0,1.2
45,93,30.41,0,1.2
45,93,30.41,0,1.2
45,93,30.41,0,1.2
45,93,30.41,0,1.19
45,93,30.41,0,1.2
45,93,30.41,0,1.19
45,93,30.41,0,1.19
45,93,30.41,0,1.19
45,93,30.42,0,1.21
45,93,30.41,0,1.22
45,93,30.42,0,1.2
45,93,30.41,0,1.22
45,93,30.41,0,1.21
45,93,30.41,0,1.21
45,93,30.42,0,1.21
45,93,30.42,0,1.22
45,93,30.42,0,1.24
45,93,30.42,0,1.19
45,93,30.43,0,1.17
45,93,30.43,0,1.18
45,93,30.43,0,1.21
45,93,30.43,0,1.22
45,93,30.43,0,1.2
45,93,30.43,0,1.19
45,93,30.42,0,1.22
45,93,30.42,0,1.2
45,93,30.42,0,1.23
45,93,30.42,0,1.22
45,93,30.42,0,1.2
45,93,30.42,0,1.21
45,93,30.42,0,1.23
45,93,30.42,0,1.22
45,93,30.42,0,1.22
45,93,30.42,0,1.18
45,93,30.42,0,1.25
45,93,30.42,0,1.24
45,93,30.42,0,1.21
45,93,30.42,0,1.19
45,93,30.42,0,1.23
45,93,30.42,0,1.23
45,93,30.42,0,1.18
45,93,30.42,0,1.23
45,93,30.43,0,1.19
45,93,30.43,0,1.2
45,93,30.42,0,1.2
45,93,30.42,0,1.2
45,93,30.42,0,1.21
45,93,30.42,0,1.21
45,93,30.42,0,1.24
45,93,30.42,0,1.18
45,93,30.42,0,1.2
45,93,30.42,0,1.22
45,93,30.42,0,1.22
45,93,30.42,0,1.22
45,93,30.41,0,1.19
45,93,30.41,0,1.23
45,93,30.41,0,1.21
45,93,30.41,0,1.23
45,93,30.41,0,1.2
45,93,30.41,0,1.23
45,93,30.41,0,1.21
45,93,30.41,0,1.21
45,93,30.41,0,1.21
45,93,30.4,0,1.21
45,93,30.4,0,1.22
45,93,30.4,0,1.23
45,93,30.4,0,1.22
45,93,30.4,0,1.22
45,93,30.4,0,1.21
45,93,30.4,0,1.21
45,93,30.4,0,1.19
45,93,30.4,0,1.2
45,93,30.4,0,1.21
45,93,30.4,0,1.2
45,93,30.4,0,1.21
45,93,30.4,0,1.22
45,93,30.4,0,1.22
45,93,30.4,0,1.37
45,93,30.4,0,1.99
45,93,30.4,0,2.56
45,93,30.4,0,3.28
45,93,30.4,0,5.79
45,93,30.4,0,13.78
45,93,30.4,0,16.98
45,93,30.39,0,18.72
45,93,30.4,0,33.43
45,93,30.4,0,33.09
45,93,30.39,0,30.64
45,93,30.39,0,42.48
45,93,30.39,0,36.7
45,93,30.39,0,48.33
45,93,30.39,0,52.95
45,93,30.39,0,53.54
45,93,30.39,0,65.25
45,93,30.38,0,101.31
45,93,30.38,0,111.77
45,93,30.38,0,92.73
45,93,30.38,0,78.0
45,93,30.38,0,70.93
45,93,30.38,0,90.83
45,93,30.38,0,69.01
45,93,30.38,0,83.05
45,93,30.37,0,67.33
45,93,30.37,0,82.49
45,93,30.37,0,118.96
45,93,30.37,0,125.35
45,93,30.37,0,132.22
45,93,30.37,0,135.96
45,93,30.37,0,138.27
45,93,30.36,0,120.33
45,93,30.37,0,106.41
45,93,30.36,0,121.17
45,93,30.36,0,138.11
45,93,30.36,0,128.28
45,93,30.37,0,115.94
45,93,30.38,0,93.31
45,93,30.38,0,121.6
45,93,30.39,0,142.58
45,93,30.39,0,142.81
45,93,30.39,0,138.16
45,93,30.38,0,152.32
45,93,30.38,0,125.74
45,93,30.38,0,119.95
45,93,30.38,0,195.96
45,93,30.38,0,153.61
45,93,30.38,0,123.69
45,93,30.37,0,149.94
45,93,30.37,0,160.28
45,93,30.38,0,181.06
45,93,30.38,0,135.78
45,93,30.38,0,115.16
45,93,30.38,0,135.29
45,93,30.38,0,193.56
45,93,30.38,0,291.13
45,93,30.39,0,373.61
45,93,30.39,0,384.66
45,93,30.39,0,269.61
45,93,30.39,0,239.52
45,93,30.4,0,116.2
45,93,30.4,0,96.85
45,93,30.4,0,168.63
45,93,30.4,0,117.81
45,93,30.4,0,163.91
45,93,30.4,0,132.11
45,93,30.41,0,111.87
45,93,30.41,0,82.37
45,93,30.41,0,75.01
45,93,30.41,0,50.66
45,93,30.4,0,38.66
45,93,30.41,0,28.76
44,93,30.41,0,27.89
44,94,30.41,0,24.68
45,93,30.41,0,24.75
45,95,30.42,0,22.15
46,95,30.42,0,17.39
46,96,30.42,0,14.14
46,96,30.42,0,15.08
46,95,30.42,0,15.01
46,95,30.42,0,18.32
47,94,30.42,0,17.38
47,93,30.42,0,19.69
48,91,30.42,0,22.25
49,90,30.42,0,42.66
50,89,30.42,0,81.23
51,90,30.42,0,192.81
51,91,30.42,0,308.69
50,95,30.42,0,478.18
49,94,30.42,0,856.35
48,96,30.42,0,821.73
47,99,30.42,0,721.71
47,100,30.42,0,588.8
46,100,30.42,0,527.28
45,99,30.42,0,319.44
44,99,30.42,0,168.86
44,99,30.43,0,91.64
44,99,30.43,0,51.67
44,99,30.43,0,30.62
44,99,30.43,0,17.31
44,99,30.44,0,11.19
44,98,30.44,0,11.48
44,98,30.44,0,14.18
45,97,30.44,0,12.95
45,96,30.43,0,13.24
45,95,30.44,0,14.82
45,96,30.42,0,37.09
45,98,30.42,0,63.57
45,99,30.41,0,112.29
45,99,30.41,0,131.3
45,100,30.41,0,189.61
44,100,30.41,0,237.99
44,99,30.41,0,174.4
43,99,30.41,0,67.28
43,98,30.41,0,29.9
43,98,30.42,0,16.32
43,97,30.42,0,11.89
43,96,30.42,0,9.03
42,97,30.42,0,7.04
42,96,30.42,0,5.01
42,96,30.42,0,4.45
42,96,30.42,0,4.29
42,96,30.42,0,3.46
42,95,30.42,0,2.87
42,95,30.41,0,2.22
43,95,30.41,0,1.8
43,96,30.42,0,1.71
43,97,30.42,0,1.49
44,97,30.42,0,1.34
44,99,30.41,0,1.24
44,100,30.41,0,1.19
44,100,30.41,0,1.19
44,100,30.4,0,1.2
44,100,30.4,0,1.22
44,100,30.4,0,1.2
44,99,30.4,0,1.19
44,99,30.4,0,1.19
44,98,30.4,0,1.2
44,97,30.4,0,1.22
44,97,30.4,0,1.18
44,96,30.4,0,1.19
44,96,30.39,0,1.18
44,96,30.39,0,1.19
44,96,30.39,0,1.22
44,96,30.39,0,1.18
44,96,30.38,0,1.18
44,95,30.38,0,1.23
43,96,30.38,0,1.2
43,96,30.38,0,1.2
43,96,30.38,0,1.23
43,96,30.39,0,1.26
42,95,30.39,0,1.19
42,95,30.4,0,1.23
42,95,30.4,0,1.19
42,95,30.4,0,1.19
42,96,30.4,0,1.19
42,97,30.4,0,1.16
42,99,30.4,0,1.16
42,99,30.4,0,1.19
42,99,30.4,0,1.18
42,99,30.41,0,1.2
42,98,30.41,0,1.21
42,97,30.41,0,1.22
42,96,30.41,0,1.19
42,96,30.41,0,1.2
42,95,30.41,0,1.2
43,96,30.4,0,1.21
43,96,30.4,0,1.2
43,97,30.4,0,1.18
43,97,30.4,0,1.19
43,97,30.4,0,1.22
43,96,30.4,0,1.21
43,95,30.4,0,1.18
43,94,30.39,0,1.21
42,94,30.4,0,1.22
42,92,30.4,0,1.21
41,91,30.4,0,1.19
41,88,30.4,0,1.25
41,81,30.39,0,1.2
41,81,30.39,0,1.22
41,80,30.4,0,1.17
41,81,30.4,0,1.18
41,84,30.4,0,1.22
41,88,30.41,0,1.19
42,90,30.41,0,1.2
42,92,30.42,0,1.17
42,92,30.42,0,1.2
43,91,30.42,0,1.18
43,92,30.42,0,1.18
43,95,30.42,0,1.19
43,98,30.42,0,1.21
43,100,30.41,0,1.2
43,100,30.42,0,1.2
43,101,30.41,0,1.19
43,101,30.42,0,1.19
44,101,30.42,0,1.21
44,101,30.42,0,1.21
44,101,30.42,0,1.2
44,101,30.42,0,1.21
44,102,30.42,0,1.21
44,102,30.42,0,1.21
44,102,30.42,0,1.2
44,102,30.42,0,1.21
43,101,30.42,0,1.21
43,101,30.42,0,1.22
43,101,30.42,0,1.2
43,101,30.42,0,1.19
44,101,30.42,0,1.19
44,101,30.42,0,1.21
44,102,30.42,0,1.18
44,102,30.43,0,1.22
44,102,30.42,0,1.17
44,102,30.42,0,1.2
44,101,30.42,0,1.23
44,101,30.43,0,1.2
